customer_id,legal_name,aliases,ibans
1001,Druck Hamburg AG,Druck Hamburg|Fa. Druck Hamburg,DE81 1276 0606 4240 5979 29|DE89271385714406922412
1002,Becker & Carstens GmbH,Becker & Carstens,DE29 7400 0705 2006 4920 59|DE44 7183 5817 3782 3542 33
1003,Solartechnik Kiel AG,Solartechnik Kiel Aktiengesellschaft,DE13589997931413196527|DE39 4533 7289 5727 7410 67
1004,Jung & Groß OHG,Jung & Groß,DE62 5725 1962 2643 3855 69|DE89256324538433515453|DE35 6989 9938 1167 5537 42
1005,Schröder & Groß GmbH,Schroder & Gross|Fa. Schröder & Groß|Schröder & Groß,DE41270092188429228826|DE25 4379 8012 5460 3255 80
1006,Wagner & Krause AG,Wagner & Krause Aktiengesellschaft|Fa. Wagner & Krause,DE90373017781004233800
1007,Catering Lübeck OHG,Catering Lubeck|Catering Lubeck OHG,DE20 1167 0488 0500 4141 84|DE64462250387862399638
1008,Werbetechnik Kiel OHG,Fa. Werbetechnik Kiel,DE39 1963 4967 8822 4398 20|DE46285544639322675577
1009,Bau Kiel KG,Bau Kiel,DE65 1632 0728 3804 3735 34
1010,Fischer & Möller KG,Fischer & Moller KG,DE97471255408646544486
1011,Lang & Kühn KG,Lang & Kühn|Nordwind Handel Nord,DE38 5158 7632 7494 2459 93
1012,Friedrich AG,Friedrich|Nordwind Handel Nord,DE19 4686 4714 8617 1036 44|DE14 3397 3892 4495 8038 01
1013,Krause Druck UG (haftungsbeschränkt),Fa. Krause Druck|Krause Druck,DE54 5936 8904 6027 1480 51|DE20184442767253446465
1014,Schmidt Solartechnik AG,Fa. Schmidt Solartechnik|Schmidt Solartechnik,DE86148734468568536479
1015,Hartmann & Haas GmbH & Co. KG,Hartmann & Haas GmbH u. Co. KG|Hartmann & Haas,DE77 3125 7859 2520 9620 98
1016,Schumacher Fleischerei UG (haftungsbeschränkt),Fa. Schumacher Fleischerei,DE18176049300729496761|DE34846716389463407333
1017,Bergmann GmbH & Co. KG,Bergmann|Bergmann GmbH u. Co. KG,DE32934376376625164906|DE28281765409476679443
1018,Winter Elektro AG,Winter Elektro,DE80782443132442031968|DE74 3584 5048 6970 9526 36
1019,Roth & Frank GmbH,Roth & Frank Ges.m.b.H.,DE63853964605088907783|DE35999552526153383178
1020,Kältetechnik Kiel AG,Kältetechnik Kiel|Kältetechnik Kiel Aktiengesellschaft|Kaltetechnik Kiel,DE32 2301 6630 3194 1104 85|DE66 7445 8975 2588 1801 47|DE11862413223556075495
1021,Dietrich & Bauer GbR,Dietrich & Bauer,DE53 8077 5688 0178 3328 87|DE98 6005 8456 1518 2342 55
1022,Neumann Möbel GbR,Fa. Neumann Möbel|Neumann Möbel|Neumann Mobel,DE36468001527601983260|DE21 3047 0943 6439 4716 86|DE40402282538362066295
1023,Schröder Tiefbau AG,Schröder Tiefbau Aktiengesellschaft|Fa. Schröder Tiefbau|Schröder Tiefbau,DE36 3538 4455 9844 4429 92
1024,Immobilien Flensburg KG,Immobilien Flensburg,DE72632452312816265401|DE40 1865 7995 3693 9885 82
1025,Hahn Druck UG (haftungsbeschränkt),Hahn Druck UG (haftungsbeschrankt),DE62694300413796643598|DE38960799774289183490|DE28 5052 6387 2739 3175 64
1026,Gartenbau Flensburg e.K.,Fa. Gartenbau Flensburg,DE34 4890 7544 6293 5573 74|DE87 5882 3233 4451 6618 40|DE70105425978221323019
1027,Möller e.K.,Moller e.K.,DE16861867411954858982|DE83105945979822535138
1028,Krämer Systemhaus GmbH & Co. KG,Krämer Systemhaus GmbH u. Co. KG|Kramer Systemhaus|Krämer Systemhaus,DE77 6478 4363 5878 5706 67|DE67192117907997179678
1029,Schmid GmbH,,DE46 9319 9928 3641 4790 99|DE71702787916451982628|DE49589146415635980737
1030,König & Zimmermann AG,König & Zimmermann Aktiengesellschaft|Fa. König & Zimmermann|Konig & Zimmermann,DE45204316371730854604
1031,Becker Holzbau UG (haftungsbeschränkt),Becker Holzbau|Becker Holzbau UG (haftungsbeschrankt),DE17176873741887465418
1032,Schumacher Druck GbR,Schumacher Druck,DE79400905771003468488|DE98 4248 3481 9275 6531 06
1033,Hoffmann GmbH,Hoffmann Ges.m.b.H.|Fa. Hoffmann,DE41 9666 5248 5675 2112 22
1034,Peters Systemhaus AG,Peters Systemhaus|Peters Systemhaus Aktiengesellschaft,DE18 4437 1454 9366 0959 76|DE45817787955207032113
1035,Schmidt Fahrzeugtechnik e.K.,Fa. Schmidt Fahrzeugtechnik|Schmidt Fahrzeugtechnik,DE63489809545062331389|DE71 1085 8270 7060 2074 36|DE66749547994330909653
1036,Windkraft Emden AG,Windkraft Emden,DE93 8096 7418 7640 8584 20|DE34900821288421737788|DE70214232759619312491
1037,Müller & Horn AG,Muller & Horn AG|Muller & Horn,DE36999215401213291701
1038,Schulze Holzbau e.K.,Fa. Schulze Holzbau|Schulze Holzbau,DE75745588753060620248|DE53 3335 9785 1480 6204 21
1039,Hofmann & Böhm GbR,Hofmann & Bohm GbR|Hofmann & Böhm,DE98 4555 5191 4145 6562 74
1040,Becker & Maier KG,Fa. Becker & Maier,DE84 4612 9139 7883 3067 83|DE37 1397 7095 0301 1882 58
1041,Köhler Werbetechnik KG,Kohler Werbetechnik|Fa. Köhler Werbetechnik,DE77555549531302948417|DE96647048924954455634|DE79584762245606343942
1042,Kühn Immobilien UG (haftungsbeschränkt),Kuhn Immobilien|Kühn Immobilien|Fa. Kühn Immobilien,DE98 2492 1033 6468 7558 01
1043,Bauer Maschinenbau e.K.,Fa. Bauer Maschinenbau,DE24343863388406212758|DE95847500128480477126
1044,Schröder & Carstens GbR,Fa. Schröder & Carstens|Schröder & Carstens,DE51 9630 8192 5368 9065 66|DE56 1995 7494 4900 7657 43
1045,Weiß Immobilien GmbH & Co. KG,Weiß Immobilien,DE57325344502945799776|DE66 3967 3065 2513 8504 17|DE33753954163453174110
1046,Günther Fleischerei AG,Günther Fleischerei|Gunther Fleischerei AG,DE90869603523224080917|DE50485577940096744968
1047,Catering Cuxhaven e.K.,Catering Cuxhaven|Fa. Catering Cuxhaven,DE19349680631449190626|DE17 8188 9255 1361 3671 73|DE63 5233 1354 5261 2887 85
1048,Engel GmbH & Co. KG,Engel GmbH u. Co. KG,DE78 4029 6804 9123 0497 87|DE52 3495 0472 1042 0997 58
1049,Vogt GmbH & Co. KG,Vogt GmbH u. Co. KG,DE45554413563103907716|DE97274334150331326419
1050,Bäckerei Stade UG (haftungsbeschränkt),Backerei Stade|Bäckerei Stade|Fa. Bäckerei Stade,DE13235538219747208522|DE50 1074 7170 7362 2894 43
1051,Braun & Maier e.K.,Braun & Maier,DE91125980233902489218
1052,Verlag Kiel KG,Verlag Kiel,DE64 3126 1609 9084 4688 39|DE97105060298977688170
1053,Kuhn Verlag AG,Fa. Kuhn Verlag|Kuhn Verlag Aktiengesellschaft,DE63178845821566377461|DE63945875268905396475
1054,Schneider Schifffahrt OHG,Schneider Schifffahrt,DE16541123761223630048|DE92 5774 3879 5178 8509 15
1055,Stein Werbetechnik KG,Fa. Stein Werbetechnik|Stein Werbetechnik,DE67982997179116020485
1056,Albrecht Bäckerei GmbH,Albrecht Bäckerei Ges.m.b.H.|Albrecht Bäckerei,DE63 9728 6559 3244 2852 83
1057,Schreiber Elektro GmbH,Schreiber Elektro,DE39 5212 7906 4234 4588 17|DE77 9026 1517 5102 9128 36
1058,Pohl & Köhler e.K.,Pohl & Kohler,DE37 7806 0347 2583 1954 50
1059,Schifffahrt Lüneburg OHG,Schifffahrt Luneburg OHG|Schifffahrt Lüneburg,DE58 7082 8089 5979 5532 42|DE62577395376337700504|DE96 1233 1900 6445 8208 31
1060,Becker & Jung UG (haftungsbeschränkt),Fa. Becker & Jung|Becker & Jung,DE84639654343996251097|DE58 7297 9120 7076 6729 62|DE74707993277702331281
1061,Pfeiffer GmbH,Pfeiffer,DE17340130066801922147
1062,Winter & Winkler e.K.,Winter & Winkler,DE74658052407146103605
1063,Sommer Solartechnik UG (haftungsbeschränkt),Sommer Solartechnik UG (haftungsbeschrankt)|Sommer Solartechnik,DE89 1555 4573 3597 4335 37|DE56 4756 6599 0450 2928 70
1064,Lorenz & Stein GmbH,Lorenz & Stein Ges.m.b.H.,DE21 6701 5049 1539 6944 01|DE81 8540 4984 1570 7876 94
1065,Mayer Kältetechnik UG (haftungsbeschränkt),Fa. Mayer Kältetechnik|Mayer Kaltetechnik|Mayer Kaltetechnik UG (haftungsbeschrankt),DE53721436012049972574|DE74431299638919082373
1066,Schuster Metallbau UG (haftungsbeschränkt),Schuster Metallbau|Schuster Metallbau UG (haftungsbeschrankt),DE46491442332095931898
1067,Keller & Sommer GmbH,Fa. Keller & Sommer,DE83 1472 4937 1138 0732 89
1068,Neumann Metallbau OHG,Neumann Metallbau|Fa. Neumann Metallbau,DE18 1695 4372 7008 6170 15
1069,Dietrich GmbH & Co. KG,Dietrich GmbH u. Co. KG,DE19337559440481524390
1070,Wagner GmbH,,DE59 1338 9616 4938 0481 19|DE26 7807 7682 0424 6014 77
1071,Hartmann UG (haftungsbeschränkt),Hartmann|Hartmann UG (haftungsbeschrankt),DE64747158900806694823|DE71 2276 4577 2126 6378 69|DE46 5446 4079 2002 2237 74
1072,Richter Bau GmbH,Richter Bau Ges.m.b.H.,DE63277083653670442870
1073,Wolf Verlag UG (haftungsbeschränkt),Wolf Verlag UG (haftungsbeschrankt)|Wolf Verlag,DE68756777689152595960
1074,Spedition Stade GmbH & Co. KG,Fa. Spedition Stade,DE70 3415 8382 4315 4000 83|DE88404637213802283664
1075,Hafenservice Lübeck GbR,Fa. Hafenservice Lübeck|Hafenservice Lübeck,DE40590251049544242595
1076,Beck Holzbau GmbH,Fa. Beck Holzbau|Beck Holzbau,DE46972884009551730044|DE12 6869 6940 4552 6474 19
1077,Lorenz & Hahn GmbH,Lorenz & Hahn,DE28 2995 2894 6560 8066 84
1078,Dachdeckerei Lübeck GmbH,Dachdeckerei Lübeck Ges.m.b.H.|Dachdeckerei Lubeck,DE91 6940 3942 0291 1812 40
1079,Hahn & Rehder OHG,Fa. Hahn & Rehder,DE76 6937 2204 3806 4689 67|DE87 5807 5568 4766 0759 29|DE43521785142752924784
1080,Haas Gebäudereinigung AG,Haas Gebaudereinigung,DE40328034264509146503
1081,Richter Technik GbR,Richter Technik,DE71 5035 5173 9442 1715 03|DE14661673254057459110
1082,Technik Schwerin AG,Technik Schwerin Aktiengesellschaft,DE55 3507 7722 1673 5789 44
1083,Tiefbau Bremen GmbH & Co. KG,Tiefbau Bremen GmbH u. Co. KG|Fa. Tiefbau Bremen,DE51 6616 2433 6522 3561 14|DE89 3372 5231 4857 6351 62
1084,Tiefbau Husum GmbH,Tiefbau Husum,DE89 9439 3220 3267 9881 19|DE60 5474 0368 8971 9447 48
1085,Sommer & Albrecht OHG,Fa. Sommer & Albrecht|Sommer & Albrecht,DE55 5451 2802 3680 5093 94
1086,Maschinenbau Bremen AG,Maschinenbau Bremen Aktiengesellschaft|Fa. Maschinenbau Bremen,DE35212971658528162012|DE45695274905995406970|DE13228985810249966045
1087,Windkraft Husum AG,Fa. Windkraft Husum,DE35 5003 6693 0496 3542 19
1088,Schulz Verlag GmbH & Co. KG,Schulz Verlag|Fa. Schulz Verlag,DE32 9029 6760 1556 1343 22|DE13 3873 6484 3789 6641 43
1089,Graf & Wagner e.K.,Graf & Wagner,DE43423025967804690098|DE86 1016 8821 8437 1346 49
1090,Brandt Möbel KG,Brandt Mobel KG,DE44 9410 1574 4068 2150 92|DE73 1379 4793 3057 6056 25
1091,Verlag Flensburg KG,Fa. Verlag Flensburg|Verlag Flensburg,DE12166133837713612786|DE16 4536 8346 1836 0012 61
1092,Otto OHG,Fa. Otto|Otto,DE70722355013272038772|DE32 7681 6684 5339 7984 84
1093,Otto Hafenservice e.K.,Otto Hafenservice,DE79 5540 4752 3269 5425 10
1094,Jäger & Braun e.K.,Jager & Braun e.K.|Jager & Braun,DE57 5674 1350 1955 1243 24|DE97571667043603958891
1095,Solartechnik Bremen KG,Solartechnik Bremen,DE58 9587 2809 5111 5307 42
1096,Schmidt & Herrmann GmbH & Co. KG,Schmidt & Herrmann GmbH u. Co. KG|Schmidt & Herrmann,DE77 8882 4878 9261 1954 69|DE15936160156103854735|DE21 9644 8251 8218 9943 47
1097,Schröder Windkraft e.K.,Fa. Schröder Windkraft,DE49 7013 0388 9853 6233 44
1098,Thießen Windkraft AG,,DE82 6846 2756 4844 6799 78|DE37 9467 0232 2451 6917 31
1099,Petersen Bau GbR,Petersen Bau,DE60 7650 4417 8879 9912 13|DE18620521218562220699|DE60857394142927799352
1100,Schulte GbR,Schulte,DE33932844046488343207
1101,Wolf KG,Fa. Wolf|Wolf,DE61184325477323105706
1102,Klein Großhandel e.K.,Klein Grosshandel|Fa. Klein Großhandel,DE16946234961811996369
1103,Möhring Technik e.K.,Fa. Möhring Technik,DE64968524971136195271|DE58334071392872034877|DE23 1048 4431 4466 4718 78
1104,Hoffmann Solartechnik GbR,Hoffmann Solartechnik,DE97254707264020684439|DE50346585278006130267
1105,Sauer Druck AG,Sauer Druck,DE61 7600 3572 0183 5792 84
1106,Kuhn Bau KG,Kuhn Bau|Fa. Kuhn Bau,DE85 2839 1895 9779 0647 05|DE54638472158339045650
1107,Metallbau Flensburg GmbH,Fa. Metallbau Flensburg|Metallbau Flensburg|Metallbau Flensburg Ges.m.b.H.,DE78433302631041898876|DE92729787481994705131|DE73930989899874491277
1108,Roth GbR,Roth,DE59 9851 8716 9267 1071 95|DE41375149606214393004
1109,Hartmann Dachdeckerei GbR,Fa. Hartmann Dachdeckerei,DE47 4659 9623 6880 9556 85
1110,Böhm Sanitär AG,Böhm Sanitär|Böhm Sanitär Aktiengesellschaft|Bohm Sanitar,DE59 7368 4359 5630 7691 14|DE52867430216505141417
1111,Winkler & Thießen OHG,Fa. Winkler & Thießen|Winkler & Thiessen,DE76 3441 2359 9122 5339 52
1112,Hoffmann & Zimmermann GbR,Hoffmann & Zimmermann,DE46249989467214731689
1113,Bergmann Holzbau GbR,Fa. Bergmann Holzbau|Bergmann Holzbau,DE93 9455 0145 1660 9125 81|DE92 5272 9817 3830 3695 46|DE12418244981310535011
1114,Haas & Vogel KG,Fa. Haas & Vogel|Haas & Vogel,DE95 2969 7622 0429 8156 81
1115,Lorenz Holzbau KG,Fa. Lorenz Holzbau|Lorenz Holzbau,DE91169651078453454573|DE12198399123644851882|DE99 6264 0113 6679 8208 68
1116,Schneider & Lehmann GmbH & Co. KG,Fa. Schneider & Lehmann|Schneider & Lehmann,DE93815038657951645407|DE69 6771 5143 1561 7810 48
1117,Schubert Holzbau GmbH & Co. KG,Schubert Holzbau,DE90882779573538137593
1118,Bauer & Lang GmbH,Bauer & Lang,DE87 2512 8783 2657 1318 96|DE45 9753 3685 5948 0211 61
1119,Kraus AG,Kraus Aktiengesellschaft|Kraus,DE37 2820 5291 4732 3758 59|DE31702238325881350717|DE68374969278602582556
1120,Sommer Verlag UG (haftungsbeschränkt),Sommer Verlag|Sommer Verlag UG (haftungsbeschrankt),DE70 1163 4423 4004 1832 81|DE72 5610 9151 9478 4015 30
1121,Lange Dachdeckerei AG,Lange Dachdeckerei,DE80126636349468523996
1122,Engel GbR,Engel,DE37795888396704171965
1123,Kaiser Handel KG,,DE35154329137751637485|DE93401613418931154453|DE49 2238 1246 3586 6496 78
1124,Fleischerei Hamburg GmbH,Fleischerei Hamburg Ges.m.b.H.,DE86 3160 9986 6324 6710 79|DE83403533862877398960
1125,Günther & Franke GmbH & Co. KG,Fa. Günther & Franke|Günther & Franke,DE46 9046 7306 2303 5184 62
1126,Graf Gebäudereinigung AG,Graf Gebäudereinigung|Fa. Graf Gebäudereinigung|Graf Gebaudereinigung AG,DE42773426970816951314
1127,Schmidt Windkraft KG,Fa. Schmidt Windkraft|Schmidt Windkraft,DE12 3557 8856 4168 6362 78|DE60 6670 7340 2915 8223 57
1128,Walter & Peters GmbH & Co. KG,Walter & Peters GmbH u. Co. KG,DE84 4601 0383 6861 1328 32
1129,Kältetechnik Cuxhaven GmbH,Fa. Kältetechnik Cuxhaven|Kältetechnik Cuxhaven Ges.m.b.H.,DE60 5831 2975 4768 6819 96
1130,Bäckerei Cuxhaven AG,Backerei Cuxhaven AG|Bäckerei Cuxhaven Aktiengesellschaft,DE87884973984183101635|DE61 7726 8176 8789 5621 17
1131,Graf Möbel UG (haftungsbeschränkt),Fa. Graf Möbel|Graf Mobel UG (haftungsbeschrankt)|Graf Möbel,DE72393305729960734399|DE32 1163 9146 8639 0585 48
1132,Fleischerei Neumünster OHG,Fleischerei Neumunster OHG,DE78 6912 8628 5490 0948 62|DE39891405388247967264
1133,Rehder & Böhm GmbH,Rehder & Bohm|Rehder & Bohm GmbH,DE82231903470649448575
1134,Berger e.K.,Fa. Berger|Berger,DE15796202497616780965
1135,Bau Lübeck e.K.,Bau Lubeck|Bau Lubeck e.K.|Bau Lübeck,DE63 5466 2350 5792 5665 62
1136,Schumacher Medizintechnik UG (haftungsbeschränkt),Schumacher Medizintechnik|Fa. Schumacher Medizintechnik,DE72 4732 3649 9872 3275 37|DE16 4594 4533 8284 0874 04
1137,Jung & Schwarz OHG,Jung & Schwarz,DE96754417290370461676
1138,Immobilien Cuxhaven GmbH,,DE40 6159 5579 9298 6414 11|DE49 4874 1433 5356 1775 15|DE26588674842612521993
1139,Wolf & Jansen AG,Wolf & Jansen|Fa. Wolf & Jansen,DE15397449733143137975|DE75255816529180605336
1140,Walter Druck KG,Fa. Walter Druck,DE99 7894 8961 2079 5233 12|DE71410433846330504421
1141,Koch Bau UG (haftungsbeschränkt),Fa. Koch Bau,DE98 6913 4181 6312 4263 80
1142,Winter & Peters KG,Winter & Peters,DE71 5825 1169 2102 6142 29|DE85333996991490711770
1143,Hansen GmbH,Hansen,DE73 1737 6454 8135 7585 89|DE23 8586 4474 0954 2371 30
1144,Weber OHG,Weber|Fa. Weber,DE38 3277 5621 9060 4850 70|DE40 9221 9733 8946 5649 98
1145,Systemhaus Wilhelmshaven AG,Fa. Systemhaus Wilhelmshaven|Systemhaus Wilhelmshaven Aktiengesellschaft,DE39 4045 2420 0814 1006 14|DE66 7872 3361 5267 6765 65
1146,Seidel & Krämer e.K.,Seidel & Kramer,DE36 4647 4233 5821 1328 85|DE77787292661637222798
1147,Richter GmbH,Richter|Fa. Richter,DE72481157735278670034
1148,Lang Bäckerei UG (haftungsbeschränkt),Fa. Lang Bäckerei|Lang Backerei UG (haftungsbeschrankt),DE99 8778 0572 1973 5741 51
1149,Windkraft Wilhelmshaven AG,Fa. Windkraft Wilhelmshaven|Windkraft Wilhelmshaven,DE20111548092261429509|DE96587324122595597962
1150,Braun & Vogel GmbH & Co. KG,Fa. Braun & Vogel,DE24 7877 7446 2023 7585 61
1151,Schubert Textil UG (haftungsbeschränkt),Fa. Schubert Textil|Schubert Textil|Schubert Textil UG (haftungsbeschrankt),DE87 3025 4698 4654 4161 30
1152,Scholz & Vogel GbR,Fa. Scholz & Vogel|Scholz & Vogel,DE21 8513 4180 9921 0157 34
1153,Kältetechnik Husum OHG,Kältetechnik Husum|Kaltetechnik Husum|Fa. Kältetechnik Husum,DE56 8268 6508 7865 0746 76
1154,Arnold Fahrzeugtechnik OHG,Fa. Arnold Fahrzeugtechnik,DE26245949258826464064
1155,Martin Großhandel GbR,Martin Großhandel,DE47549969670130594347
1156,Kaiser Maschinenbau GmbH,Fa. Kaiser Maschinenbau,DE81 4869 2788 6766 3193 43|DE10504880600009490454
1157,Lange UG (haftungsbeschränkt),Lange UG (haftungsbeschrankt)|Lange,DE62934987021513505952|DE20695581939612210706|DE49635813265959520928
1158,Schulte & Schulze KG,Schulte & Schulze,DE42 6911 0743 0352 0187 81
1159,Windkraft Flensburg e.K.,Fa. Windkraft Flensburg|Windkraft Flensburg,DE34 6935 7642 5067 7789 06|DE81747355911964205051
1160,Müller GbR,Muller,DE27861193414664845634
1161,Mayer & Lehmann e.K.,Fa. Mayer & Lehmann|Mayer & Lehmann,DE92638403508475757416|DE41852516148724294275|DE81 5363 2336 0528 3413 75
1162,Peters e.K.,Peters|Fa. Peters,DE59228614386658840135|DE15630657051639703643|DE59938504698187971422
1163,Winter Sanitär GmbH,Winter Sanitär|Winter Sanitar,DE58603634671280632650
1164,Horn e.K.,Horn,DE13746794923194573274
1165,Haas Catering GmbH & Co. KG,Haas Catering GmbH u. Co. KG,DE81439125809649221944|DE23684028332131509620
1166,Großhandel Cuxhaven GmbH,Großhandel Cuxhaven,DE40 1641 3028 8267 8197 74|DE83 2523 6782 8568 4322 04|DE58 1205 1495 7935 6851 98
1167,Bäckerei Wilhelmshaven GbR,Bäckerei Wilhelmshaven|Backerei Wilhelmshaven|Fa. Bäckerei Wilhelmshaven,DE13285377682859801174
1168,Winkler & Huber e.K.,Winkler & Huber,DE69892721798527715738
1169,Kühn Bäckerei OHG,Kuhn Backerei,DE84897619262821356062
1170,Druck Rostock KG,,DE27946891396596789137|DE94 9676 0214 6988 6987 24|DE65 7761 5843 9111 4301 10
1171,Pohl Bäckerei GbR,Fa. Pohl Bäckerei|Pohl Bäckerei|Pohl Backerei GbR,DE24 1880 3950 6063 4555 00|DE26 9629 9694 2398 1570 98|DE67 9255 6408 3299 2118 53
1172,Simon e.K.,Simon|Fa. Simon,DE78 3223 5642 8360 2363 63
1173,Maier & Seidel UG (haftungsbeschränkt),Maier & Seidel|Fa. Maier & Seidel,DE27744305967036653606|DE65813932796746750128
1174,Metallbau Oldenburg GbR,Metallbau Oldenburg,DE84832485764850561463
1175,Dachdeckerei Husum GbR,Dachdeckerei Husum|Fa. Dachdeckerei Husum,DE76851763410337302401|DE55526575174457091134|DE95910660931649630676
1176,Handel Kiel AG,Handel Kiel Aktiengesellschaft,DE41525803444834259457|DE71888695369955253686
1177,Roth & Claußen KG,Roth & Claussen,DE35 4415 1858 5683 2301 14|DE64235410545809508196
1178,Pfeiffer Elektro OHG,Fa. Pfeiffer Elektro|Pfeiffer Elektro,DE74904659860129164780
1179,Wolf Logistik AG,,DE58864640911288546313|DE76 4083 1603 5432 8757 82|DE31271866211062986680
1180,Voigt Maschinenbau e.K.,Voigt Maschinenbau,DE45474138156225990304
1181,Koch Medizintechnik GbR,Koch Medizintechnik,DE33672934834816235515|DE49 1532 1215 0557 1230 26|DE95 2847 4238 8452 1467 85
1182,Braun Handel GbR,Braun Handel,DE66180970623021500049
1183,Schmid Großhandel AG,Schmid Grosshandel|Schmid Großhandel Aktiengesellschaft,DE87 5209 7529 1856 7115 25|DE93 9178 6078 9804 0406 68
1184,Kraus Logistik KG,Fa. Kraus Logistik,DE46 4141 9106 2131 0822 20
1185,Winkler & Lang GmbH,Winkler & Lang|Fa. Winkler & Lang,DE16922284496766176288|DE66 2048 3637 2931 8994 12
1186,Schäfer & Braun GmbH,Fa. Schäfer & Braun|Schäfer & Braun Ges.m.b.H.,DE53 4836 3819 6722 4868 24|DE77 1584 6747 9777 4980 59
1187,Schulze OHG,Schulze|Fa. Schulze,DE44 1014 3585 5093 8200 62
1188,Elektro Rostock UG (haftungsbeschränkt),Elektro Rostock UG (haftungsbeschrankt)|Elektro Rostock,DE20598394789802933351
1189,Schröder Holzbau KG,Schröder Holzbau|Schroder Holzbau,DE67785616085369128528|DE28 4380 3944 4619 6306 67|DE36 8208 6004 0990 2297 15
1190,Heinrich Werbetechnik AG,Heinrich Werbetechnik,DE62 7430 4511 8865 2763 04
1191,Wolf Logistik e.K.,Wolf Logistik|Fa. Wolf Logistik,DE20 3805 8978 8272 6567 17
1192,Albrecht Gartenbau e.K.,Fa. Albrecht Gartenbau,DE56933252287350386338|DE46 2303 4488 9500 0261 25|DE64 9180 8367 5351 6988 75
1193,Jäger & Mayer GmbH,Jager & Mayer|Jager & Mayer GmbH,DE60 2500 6813 5455 4515 30|DE23959753135141835417
1194,Peters Systemhaus e.K.,Fa. Peters Systemhaus,DE28 3364 7411 9176 4335 07|DE24 8464 1296 0186 3797 41|DE76 4099 3402 0449 5691 24
1195,Sauer GbR,Sauer|Fa. Sauer,DE64 6805 0936 1339 1276 62|DE51987337686392172799|DE66558729591915077116
1196,Wagner OHG,Wagner,DE25719908740164707628
1197,Schröder KG,Fa. Schröder,DE62638078225837650198|DE41 5268 7392 0371 3043 42|DE18 7617 0056 1346 5537 26
1198,Busch KG,Busch|Fa. Busch,DE40 9161 7245 8761 9393 77|DE49135385350623496750
1199,Herrmann Großhandel e.K.,,DE74 4775 9038 3480 2915 89|DE43 1823 9074 9494 6839 69|DE88 6711 4510 6750 8026 95
1200,Seidel & Lorenz GmbH & Co. KG,Seidel & Lorenz GmbH u. Co. KG|Fa. Seidel & Lorenz,DE47 2105 4309 3409 2998 01|DE37 3531 4297 1335 3666 75
1201,Herrmann Verlag GmbH & Co. KG,Fa. Herrmann Verlag,DE54435587520179773669
1202,Böhm & Schmitt OHG,Bohm & Schmitt|Böhm & Schmitt|Bohm & Schmitt OHG,DE28451009783898975216|DE43 5313 5183 5587 5354 78
1203,Ludwig & Lange e.K.,Fa. Ludwig & Lange|Ludwig & Lange,DE50 7905 4217 1413 7371 69|DE35249382618636900410|DE12 1559 1836 3554 2257 23
1204,Dietrich Holzbau OHG,Dietrich Holzbau,DE40 5792 0989 6373 4277 71|DE79 5594 7818 3561 3796 59
1205,Müller & Berger GmbH,Muller & Berger GmbH|Fa. Müller & Berger,DE77 3717 5722 8216 1736 04|DE79444972175860109704
1206,Seidel Sanitär OHG,Seidel Sanitar|Seidel Sanitär|Fa. Seidel Sanitär,DE20236049840548973808
1207,Schmidt Logistik KG,Schmidt Logistik,DE19258383813558637953
1208,Köhler Möbel GmbH & Co. KG,Köhler Möbel,DE36870033149736353378|DE74329905450181560586
1209,Möller & Kühn GmbH & Co. KG,Fa. Möller & Kühn,DE88 3371 4750 2676 6851 34|DE55 9279 4501 5335 6899 45
1210,Textil Husum GmbH & Co. KG,Textil Husum,DE39774246103917219201|DE52332967224247759733
1211,Albrecht & Dietrich OHG,Fa. Albrecht & Dietrich|Albrecht & Dietrich,DE76811205433961083454
1212,Wolff Möbel UG (haftungsbeschränkt),Wolff Mobel,DE28 7165 0624 1456 1248 99
1213,Busch & Ludwig OHG,Busch & Ludwig,DE48233462914840077219|DE56 4851 8317 9939 4987 26|DE41 4356 8393 9143 3310 77
1214,Schulte & Bergmann e.K.,Schulte & Bergmann,DE97 1087 2510 7380 7142 62|DE40304999645698024555
1215,Brandt Handel GmbH,Brandt Handel,DE62357620403277474187|DE14326882767461673678
1216,Gebäudereinigung Emden AG,Gebäudereinigung Emden|Gebaudereinigung Emden AG,DE71 2414 8289 9661 5585 02
1217,Schäfer Tiefbau GmbH & Co. KG,Schafer Tiefbau GmbH & Co. KG|Schäfer Tiefbau GmbH u. Co. KG,DE62 8832 5727 3615 0128 15
1218,Otto & Kühn e.K.,Otto & Kuhn|Otto & Kühn|Otto & Kuhn e.K.,DE12965098206350683110|DE87805712231656184862
1219,Gebäudereinigung Hamburg OHG,Gebaudereinigung Hamburg,DE57 2476 6358 1772 5615 89|DE97 3324 5573 3961 6972 36
1220,Lehmann Metallbau UG (haftungsbeschränkt),Lehmann Metallbau|Lehmann Metallbau UG (haftungsbeschrankt),DE96 1276 5030 7197 7695 33|DE54 7176 2905 4034 6483 48
1221,Kaiser & König KG,Kaiser & König,DE20312099084737471059
1222,Köhler GbR,Kohler|Köhler|Fa. Köhler,DE48433860231768756521|DE43325081730701624221
1223,Klein Kältetechnik GmbH,Klein Kaltetechnik|Klein Kältetechnik,DE77612322947693976640|DE60589998837122200066|DE47 1370 2802 9156 1242 00
1224,Günther & Hartmann GmbH,Günther & Hartmann Ges.m.b.H.|Fa. Günther & Hartmann,DE31 7091 3960 3238 0851 86|DE62785744245584375402
1225,Hansen e.K.,,DE33 4338 1290 9492 5118 94
1226,Lorenz GmbH & Co. KG,Lorenz|Fa. Lorenz|Lorenz GmbH u. Co. KG,DE78 4575 8759 8912 2846 83
1227,Gebäudereinigung Schwerin GmbH,Fa. Gebäudereinigung Schwerin|Gebäudereinigung Schwerin Ges.m.b.H.|Gebaudereinigung Schwerin,DE94886609631460409439|DE83415712082973410282
1228,Groß Logistik UG (haftungsbeschränkt),Fa. Groß Logistik,DE59 7669 0228 1249 8305 00|DE78471377434009871367|DE35 6104 0669 4124 0536 32
1229,Petersen GmbH & Co. KG,Fa. Petersen|Petersen,DE52 7651 3341 7884 7588 34
1230,Immobilien Rostock AG,Immobilien Rostock,DE98657451020287817731
1231,Vogt KG,Vogt,DE92 8585 9490 9309 5531 10|DE42882374471071172536
1232,Lange Bäckerei GmbH,Lange Bäckerei,DE59205856219914658710|DE60301845118364775267
1233,Schreiber & Lorenz OHG,,DE66812411884366039110|DE71 7240 7725 6711 5870 41|DE30 6585 3000 8413 9246 35
1234,Solartechnik Wilhelmshaven KG,Solartechnik Wilhelmshaven|Fa. Solartechnik Wilhelmshaven,DE89626789562550725035
1235,Schmidt Sanitär KG,Schmidt Sanitar,DE67798178180113065108
1236,Otto Spedition GbR,Fa. Otto Spedition,DE89 6059 7030 2345 7776 51
1237,Immobilien Lübeck AG,Immobilien Lubeck AG|Immobilien Lübeck|Immobilien Lübeck Aktiengesellschaft,DE69177210159370396547|DE85 2031 0266 4272 9856 79|DE30 4821 5867 8276 9217 86
1238,Kraus Logistik GmbH & Co. KG,Kraus Logistik,DE14 8328 5585 0917 5979 97|DE73 3945 0689 0839 8983 50|DE71 6475 4914 5699 1667 61
1239,Seidel Handel GbR,Seidel Handel|Fa. Seidel Handel,DE59822197015721504673|DE64362054413103844118
1240,Gartenbau Lübeck OHG,Fa. Gartenbau Lübeck,DE94 5573 5779 9665 9310 59
1241,Gartenbau Schwerin GmbH,Gartenbau Schwerin|Fa. Gartenbau Schwerin,DE11900214381141923445
1242,Busch Fahrzeugtechnik AG,Busch Fahrzeugtechnik,DE47219282759389808863
1243,Thomas AG,Thomas Aktiengesellschaft,DE33307380346545932052
1244,Pohl UG (haftungsbeschränkt),Fa. Pohl|Pohl|Pohl UG (haftungsbeschrankt),DE28214515563377409238|DE12 8798 8063 8004 9567 28|DE15452591904351552333
1245,Wolff Medizintechnik e.K.,Fa. Wolff Medizintechnik,DE15540863494692656827
1246,Fischer OHG,Fischer,DE67651443283495295865
1247,Lange Sanitär e.K.,Lange Sanitar e.K.|Fa. Lange Sanitär|Lange Sanitär,DE83527573391272458409
1248,Frank Tiefbau UG (haftungsbeschränkt),Frank Tiefbau,DE69 5619 2167 4428 2076 08|DE66795456201425071564
1249,Mayer & Schmitz UG (haftungsbeschränkt),Mayer & Schmitz|Mayer & Schmitz UG (haftungsbeschrankt),DE45 1353 7905 8949 6663 53|DE31 3533 9173 8531 0439 60
1250,Horn Technik OHG,Horn Technik|Fa. Horn Technik,DE74635916686322324864|DE31591358033889258264
1251,Elektro Husum KG,Elektro Husum,DE95 3209 6530 5867 7620 51
1252,Möller Systemhaus UG (haftungsbeschränkt),Fa. Möller Systemhaus|Moller Systemhaus UG (haftungsbeschrankt),DE57480262838208207279
1253,Baumann & Jung KG,Baumann & Jung|Fa. Baumann & Jung,DE73 5511 1788 5186 8553 72|DE70 2750 2362 4692 4779 02|DE56 8571 4238 6588 9911 96
1254,Voigt Systemhaus AG,Voigt Systemhaus|Voigt Systemhaus Aktiengesellschaft,DE93949179493407049037|DE40402555059384190434
1255,Immobilien Flensburg GmbH & Co. KG,Immobilien Flensburg GmbH u. Co. KG,DE46511704599865698083|DE52 5213 4249 3354 6242 56|DE24312648568918159485
1256,Dachdeckerei Stade OHG,Fa. Dachdeckerei Stade,DE22 5636 1989 4466 1337 13
1257,Berger GmbH,,DE29 2230 1485 9915 5798 02|DE42 3531 7786 0193 2284 37
1258,Kaiser Druck GbR,Kaiser Druck,DE77771097542026796672
1259,Martin GmbH,Martin Ges.m.b.H.|Martin,DE36 9443 1328 8710 5520 54
1260,Bau Flensburg AG,Bau Flensburg|Fa. Bau Flensburg,DE50118581947472587728|DE85551296099896427320
1261,Schmitt & Sommer GmbH,Fa. Schmitt & Sommer|Schmitt & Sommer Ges.m.b.H.|Schmitt & Sommer,DE49629085073327287747
1262,Thießen Werbetechnik GmbH,Thießen Werbetechnik|Fa. Thießen Werbetechnik,DE98929936653874656034|DE79498105436042528141|DE78851450670654268332
1263,Jansen Tiefbau GmbH,Jansen Tiefbau,DE98 9511 4035 2682 8452 69
1264,Werner GbR,Werner,DE23 2504 7030 7423 9730 12|DE55 9595 3714 3988 2311 53
1265,Bauer Bäckerei e.K.,Bauer Bäckerei,DE37129303234100094086|DE74 4631 6664 2903 8902 37
1266,Pfeiffer Schifffahrt AG,,DE79 3653 7281 7649 8766 17
1267,Schmidt Kältetechnik OHG,Fa. Schmidt Kältetechnik|Schmidt Kältetechnik,DE66 5890 0027 2783 7138 42
1268,Fischer & Petersen GbR,Fischer & Petersen,DE63310969652811153337|DE98 6949 7909 6387 8397 74|DE26221552220112064523
1269,Vogel & Jäger AG,Vogel & Jäger Aktiengesellschaft|Vogel & Jäger,DE75583497960822024215|DE78607117683531716227|DE83488014852360405709
1270,Busch AG,Busch Aktiengesellschaft,DE82 1438 7127 8562 6106 62
1271,Huber Gebäudereinigung UG (haftungsbeschränkt),Huber Gebaudereinigung|Fa. Huber Gebäudereinigung|Huber Gebäudereinigung,DE21 4285 1558 6609 9686 21
1272,Köhler GmbH,,DE58 1729 8749 8510 9388 17|DE35 3782 6582 4711 6734 56
1273,Maier Textil UG (haftungsbeschränkt),Maier Textil UG (haftungsbeschrankt)|Maier Textil|Fa. Maier Textil,DE87411500126659785966|DE27388152611356780473
1274,Kühn GbR,Kuhn GbR,DE26590093983385594563|DE72842674830923343468|DE83588230609606859915
1275,Thomas Werbetechnik GbR,Thomas Werbetechnik|Fa. Thomas Werbetechnik,DE60457617708137720787|DE56 5477 9205 2374 5849 74|DE68941708696503745193
1276,Schulte Hafenservice GmbH,Schulte Hafenservice|Schulte Hafenservice Ges.m.b.H.,DE11589764455846973263
1277,Schreiber Maschinenbau GmbH & Co. KG,Schreiber Maschinenbau,DE90 7674 1865 0510 6393 19|DE89 7822 2659 2977 3606 42|DE79254411205799801710
1278,Haas Solartechnik UG (haftungsbeschränkt),Haas Solartechnik|Haas Solartechnik UG (haftungsbeschrankt),DE52 5401 0975 0523 8992 73|DE86 4327 4070 1544 2263 94
1279,Otto Textil KG,,DE45160215970857650409|DE13985848945754329373
1280,Möbel Hamburg UG (haftungsbeschränkt),Mobel Hamburg,DE82893274409684737080|DE26 5544 4023 3978 9946 11
1281,Lang & Lüdtke KG,Lang & Ludtke|Fa. Lang & Lüdtke,DE91 5118 1646 0461 1580 75
1282,Werbetechnik Emden GmbH & Co. KG,Werbetechnik Emden|Fa. Werbetechnik Emden,DE49216733182072761890|DE22 8862 3123 5951 2677 63
1283,Schmitz & Günther GbR,Schmitz & Gunther GbR|Schmitz & Gunther,DE22750924448719420445|DE62620613592019511651
1284,Textil Kiel GbR,Fa. Textil Kiel|Textil Kiel,DE94967461525879901075
1285,Thießen Logistik OHG,,DE68704030847068461891|DE81452681476578614526
1286,Jansen GbR,Fa. Jansen,DE64785311854754432660|DE92 8254 2305 2732 3083 17
1287,Richter Fleischerei UG (haftungsbeschränkt),Richter Fleischerei UG (haftungsbeschrankt),DE24 6451 2976 0970 4381 66
1288,Brandt & Baumann AG,Fa. Brandt & Baumann,DE64 6313 1912 2260 7740 61|DE80461426453501398207
1289,Sanitär Lüneburg AG,Sanitär Lüneburg|Sanitär Lüneburg Aktiengesellschaft|Sanitar Luneburg,DE93734706421332128633|DE82239958727646599744|DE25895545609196897904
1290,Sauer & Schulte AG,Fa. Sauer & Schulte|Sauer & Schulte Aktiengesellschaft,DE44 3206 1268 6930 8087 68
1291,Brüggemann Tiefbau GmbH & Co. KG,Fa. Brüggemann Tiefbau|Bruggemann Tiefbau|Bruggemann Tiefbau GmbH & Co. KG,DE65543548713462437855
1292,König Kältetechnik KG,König Kältetechnik,DE35413835719886965239|DE40 5738 5041 3847 9250 13
1293,Schuster & Peters OHG,Fa. Schuster & Peters|Schuster & Peters,DE20506399722234609294|DE20114806443124955373
1294,Jansen OHG,,DE27 7914 5384 9561 5075 10|DE52501296253913212296|DE97 3890 8255 6475 4037 18
1295,Kaiser & Vogt e.K.,Fa. Kaiser & Vogt,DE68527238224967457107
1296,Claußen & Weber e.K.,Claußen & Weber,DE26519269630033002030|DE53 2603 8991 6926 4918 90
1297,Jung & Sommer AG,Jung & Sommer,DE33522274112618289645|DE81 9175 0270 3766 9695 94|DE31 1394 1798 9865 7806 29
1298,Köhler Logistik e.K.,Köhler Logistik,DE79 2782 6441 2005 4086 68|DE28 3247 7149 2460 0335 10|DE10 6767 1515 0503 9999 70
1299,Kuhn & Groß AG,Fa. Kuhn & Groß|Kuhn & Gross,DE11307905094800523365|DE22384457165971047039
1300,Schäfer & Koch GmbH & Co. KG,Schäfer & Koch,DE10 2374 6790 3361 6184 26|DE41935223904188722336
1301,Wolf Handel GmbH & Co. KG,Wolf Handel GmbH u. Co. KG|Wolf Handel,DE82558436870835216388|DE38 5650 0613 5216 9898 58|DE26519811727430320224
1302,Werner Tiefbau GmbH & Co. KG,Werner Tiefbau,DE76 1099 2615 0958 0663 85|DE71 1488 9241 3929 4519 82|DE82414958180163539978
1303,Hahn Fahrzeugtechnik GbR,Hahn Fahrzeugtechnik,DE26 7359 4115 0382 5737 45|DE95380160847962680669
1304,Simon Solartechnik UG (haftungsbeschränkt),Simon Solartechnik UG (haftungsbeschrankt)|Fa. Simon Solartechnik,DE82932012198519459769|DE83 4495 2094 0880 3920 66
1305,Winter & Kaiser KG,Winter & Kaiser,DE93865561669638682220
1306,Schmid GbR,Schmid,DE14 2279 8033 9617 6859 71
1307,Albrecht Gartenbau UG (haftungsbeschränkt),Albrecht Gartenbau UG (haftungsbeschrankt)|Albrecht Gartenbau,DE74562622452645032193
1308,Kraus Werbetechnik GmbH,Kraus Werbetechnik,DE89724790445069307978|DE58 2875 9052 6845 2555 09
1309,Braun Technik UG (haftungsbeschränkt),Fa. Braun Technik,DE12571104283227194590
1310,Ziegler OHG,Ziegler,DE35495170219878057181|DE74810339555577292384
1311,Tiefbau Wilhelmshaven e.K.,Tiefbau Wilhelmshaven,DE57 3561 7935 4535 6481 96
1312,Winkler AG,Fa. Winkler,DE66323665461707938499|DE66646027049689086879|DE46 2230 6019 0323 4310 28
1313,Schmitt & Carstens UG (haftungsbeschränkt),Schmitt & Carstens|Fa. Schmitt & Carstens|Schmitt & Carstens UG (haftungsbeschrankt),DE86278643047952939397
1314,Baumann & Hahn OHG,Baumann & Hahn,DE63488663819401195883|DE65872390530644050240
1315,Werbetechnik Schwerin GbR,Werbetechnik Schwerin,DE17 9819 1941 6853 8425 42|DE36105667842635995593|DE90350134628097472568
1316,Köhler Schifffahrt KG,Fa. Köhler Schifffahrt|Köhler Schifffahrt,DE78233941892672527413|DE83 7881 4436 7560 7443 61|DE88 2159 0716 8249 2754 31
1317,Vogel GbR,Fa. Vogel,DE29834763737851648467|DE45 7016 0488 1803 3125 13
1318,Groß & Pohl GbR,Gross & Pohl,DE76213323423842140068
1319,Lorenz Bäckerei KG,Lorenz Backerei KG|Lorenz Bäckerei,DE79 2763 3970 2034 8177 96|DE62 3420 1747 6115 2783 23
1320,Winter OHG,Winter,DE31 7964 7036 0485 7002 61
1321,Kühn Medizintechnik UG (haftungsbeschränkt),Fa. Kühn Medizintechnik|Kuhn Medizintechnik UG (haftungsbeschrankt)|Kuhn Medizintechnik,DE17482575387074044079
1322,Simon Logistik OHG,Simon Logistik|Fa. Simon Logistik,DE59 8147 6195 5349 1084 39
1323,Becker Verlag GmbH,Fa. Becker Verlag|Becker Verlag,DE60531475610975772907|DE93 2632 3351 8865 5829 08
1324,Krämer & Schmitz AG,Krämer & Schmitz|Kramer & Schmitz AG|Kramer & Schmitz,DE31 2717 2637 1369 3085 90|DE38 1095 1493 1599 6782 44
1325,Windkraft Schwerin UG (haftungsbeschränkt),Fa. Windkraft Schwerin|Windkraft Schwerin|Windkraft Schwerin UG (haftungsbeschrankt),DE94734468851125432480
1326,Fuchs Holzbau UG (haftungsbeschränkt),Fuchs Holzbau,DE84 8297 8841 3691 0733 52|DE91324734843961762129
1327,Schulze & Werner GmbH & Co. KG,Fa. Schulze & Werner,DE90448419251022289680|DE96964775092305382644
1328,Dachdeckerei Husum KG,,DE59 8643 6107 7352 7789 02
1329,Hansen Technik OHG,Fa. Hansen Technik|Hansen Technik,DE51808204431871240777|DE81664581877846832251
1330,Haas Systemhaus GbR,Haas Systemhaus,DE10663996048705429435|DE73738475889615240800
1331,Hansen Verlag e.K.,Hansen Verlag|Fa. Hansen Verlag,DE41901716472561049504|DE82 2048 9388 2326 5464 19
1332,Systemhaus Schwerin GbR,Fa. Systemhaus Schwerin,DE58531589863590892558|DE82 4610 9958 5090 1923 41
1333,Tiefbau Husum GbR,,DE24 1173 0602 7549 0552 78|DE81 1424 8362 1859 8737 07
1334,Jansen Catering GmbH,Jansen Catering,DE36222734485803778341
1335,Kaiser Gebäudereinigung OHG,Kaiser Gebäudereinigung,DE19358121989986650904
1336,Ziegler & Engel UG (haftungsbeschränkt),Fa. Ziegler & Engel|Ziegler & Engel UG (haftungsbeschrankt),DE74 6246 7260 4745 6804 27|DE66 7066 1040 3113 6592 06
1337,Herrmann & Schumacher AG,,DE47938232408634370331|DE40847310037926118628
1338,Jung Catering OHG,Fa. Jung Catering|Jung Catering,DE18227609873868892315
1339,Busch Holzbau AG,Busch Holzbau Aktiengesellschaft|Busch Holzbau,DE91 8003 7108 3979 1921 36
1340,Klein & Franke GbR,Klein & Franke,DE97629764560229769194|DE12875857956129968563
1341,Fahrzeugtechnik Cuxhaven KG,Fahrzeugtechnik Cuxhaven,DE62 5982 9050 4433 7364 15
1342,Schulte GmbH & Co. KG,,DE83263162760481045467|DE69953089067247585072|DE97 5569 1850 2404 1179 66
1343,Fleischerei Cuxhaven KG,Fa. Fleischerei Cuxhaven,DE66 3952 1895 5758 9813 50
1344,Richter & Schmitt KG,,DE64790321611709985096|DE12 4227 7247 6243 5644 33
1345,Textil Husum UG (haftungsbeschränkt),Textil Husum UG (haftungsbeschrankt),DE88135427645381217586
1346,Schumacher Tiefbau KG,Schumacher Tiefbau|Fa. Schumacher Tiefbau,DE78652320959598094460|DE47 1093 4862 1996 5983 08|DE95 9034 3661 9782 9025 92
1347,Krause GbR,Krause,DE98573558727631389215|DE84981944707065960510
1348,Schifffahrt Rostock OHG,Fa. Schifffahrt Rostock|Schifffahrt Rostock,DE53 5097 8133 1304 4880 70|DE80 5018 3616 6404 5696 10
1349,Frank e.K.,Frank,DE66578239518673916641
1350,König & Claußen GmbH & Co. KG,Fa. König & Claußen|König & Claußen|Konig & Claussen,DE20222136050063226106
1351,Roth & Sommer e.K.,Roth & Sommer|Fa. Roth & Sommer,DE43810737185632122661
1352,Ludwig Möbel AG,Fa. Ludwig Möbel|Ludwig Möbel,DE76 5802 1665 2362 5558 94
1353,Müller Hafenservice OHG,Müller Hafenservice,DE44300925760326266660|DE70571181405996545290
1354,Ziegler & Koch AG,Ziegler & Koch|Fa. Ziegler & Koch,DE56325492063622617615
1355,Otto Bäckerei e.K.,Otto Bäckerei,DE90 1289 1827 1223 3497 23
1356,Schneider Großhandel GmbH & Co. KG,Schneider Großhandel GmbH u. Co. KG,DE41549879599336093523|DE92 3332 1035 4844 0778 44|DE45 5131 0822 6844 4142 94
1357,Lorenz Möbel e.K.,Lorenz Mobel e.K.|Lorenz Möbel|Fa. Lorenz Möbel,DE22717339758891057796|DE31905222255927271149|DE80 4976 5560 3264 2639 36
1358,Jung Solartechnik e.K.,Fa. Jung Solartechnik|Jung Solartechnik,DE88 8622 4343 8096 9993 97
1359,Hahn OHG,Fa. Hahn|Hahn,DE67528226656746755783|DE84 4632 3707 2992 8944 74
1360,Schmidt Bau KG,Fa. Schmidt Bau,DE84478543938055007881|DE28961826265184960332|DE84 6804 4972 8858 0944 73
1361,Hofmann Spedition AG,Hofmann Spedition Aktiengesellschaft,DE85 2356 2574 5495 4656 60
1362,Maschinenbau Lüneburg GmbH & Co. KG,Fa. Maschinenbau Lüneburg,DE12771307229620896640
1363,Hoffmann Möbel KG,Hoffmann Möbel|Fa. Hoffmann Möbel,DE46 6428 2456 6930 8375 36|DE34338609054105810423|DE87913442954529234968
1364,König Fahrzeugtechnik OHG,Konig Fahrzeugtechnik|Fa. König Fahrzeugtechnik|König Fahrzeugtechnik,DE52105574896563855287
1365,Sauer & Engel GbR,Sauer & Engel,DE39 9357 5875 5917 7062 94|DE39963664532036236707
1366,Haas GmbH,Haas|Haas Ges.m.b.H.,DE70134069469630472240
1367,Schulz Immobilien GmbH,Schulz Immobilien,DE66 4085 3536 2610 6442 97|DE24 8866 5404 9974 0776 82
1368,Schmitz Bäckerei UG (haftungsbeschränkt),Schmitz Backerei UG (haftungsbeschrankt)|Fa. Schmitz Bäckerei|Schmitz Bäckerei,DE28 6772 3695 3036 1911 93|DE69615080466310190382
1369,Wolf Gebäudereinigung UG (haftungsbeschränkt),Wolf Gebaudereinigung|Fa. Wolf Gebäudereinigung,DE69486559999876004180
1370,Logistik Lübeck KG,Logistik Lubeck,DE54 3935 6024 4462 7406 04
1371,Scholz Technik GmbH & Co. KG,Fa. Scholz Technik|Scholz Technik,DE99 9262 3576 9027 9513 38
1372,Ziegler Möbel AG,Ziegler Möbel Aktiengesellschaft,DE26 6859 7656 2850 2449 66
1373,Lüdtke Elektro e.K.,Ludtke Elektro e.K.,DE49 6104 0674 9063 8478 72|DE73 4073 2682 2497 9458 31
1374,Kältetechnik Oldenburg KG,Kältetechnik Oldenburg,DE75 1046 0498 1189 5509 68|DE12107332108864305802
1375,Winter Tiefbau OHG,Winter Tiefbau|Fa. Winter Tiefbau,DE55242511730149454822|DE58225083032672073419|DE58332501862146901396
1376,Beck UG (haftungsbeschränkt),Fa. Beck|Beck UG (haftungsbeschrankt),DE47138874433784131094
1377,Lehmann Schifffahrt OHG,Lehmann Schifffahrt|Fa. Lehmann Schifffahrt,DE72556087132329238911|DE96 8562 1429 2354 9684 37
1378,Wolff & Klein GmbH,Wolff & Klein,DE55616342917767342919|DE48230890321484787839|DE74 1127 9908 9169 2444 54
1379,Möller Immobilien OHG,Möller Immobilien|Fa. Möller Immobilien|Moller Immobilien,DE91 4930 1821 7851 6699 44
1380,Frank Gebäudereinigung GmbH,Fa. Frank Gebäudereinigung|Frank Gebaudereinigung GmbH,DE49218667912908423282|DE36343091235561587496
1381,Medizintechnik Flensburg UG (haftungsbeschränkt),Medizintechnik Flensburg UG (haftungsbeschrankt)|Medizintechnik Flensburg,DE57351525845271051312
1382,Systemhaus Bremen OHG,Systemhaus Bremen,DE26375957897449416863|DE79649352154054818278|DE57704256473126103815
1383,Lorenz Tiefbau KG,Lorenz Tiefbau|Fa. Lorenz Tiefbau,DE71627061265430983816|DE56614617800353513799|DE23420769206794979345
1384,Pohl & Lehmann GmbH & Co. KG,Pohl & Lehmann GmbH u. Co. KG|Pohl & Lehmann,DE92879788339073882150
1385,Busch Fahrzeugtechnik GbR,,DE91864849518994402088|DE84228407271415935639
1386,Stein Maschinenbau AG,Stein Maschinenbau|Fa. Stein Maschinenbau|Stein Maschinenbau Aktiengesellschaft,DE99362267908250897173
1387,Meyer Catering AG,Fa. Meyer Catering,DE45 8000 8939 9523 8487 07|DE41818912278014748544
1388,Fahrzeugtechnik Stade GmbH & Co. KG,Fahrzeugtechnik Stade|Fa. Fahrzeugtechnik Stade,DE26778225497406652566
1389,Schmitt GmbH & Co. KG,Fa. Schmitt|Schmitt GmbH u. Co. KG,DE19 1474 1191 7159 9708 44|DE20 7560 3939 1370 6822 16|DE92740291498543254029
1390,Sommer Medizintechnik e.K.,Sommer Medizintechnik,DE54 9437 0242 8319 5159 07|DE42 2665 1542 9811 4004 69
1391,Jung OHG,Fa. Jung|Jung,DE71 5825 8809 8874 8957 47|DE67960770261167913885|DE38 8423 8925 0656 4161 57
1392,Hansen Logistik GmbH & Co. KG,Hansen Logistik|Hansen Logistik GmbH u. Co. KG,DE87 9651 4774 7391 9280 24
1393,Hansen & Köhler KG,Fa. Hansen & Köhler|Hansen & Kohler,DE32828771359010322814|DE27360081780068204631
1394,Winkler Metallbau GmbH,Winkler Metallbau,DE44 6056 1121 9873 5106 34|DE53 2610 1103 6148 6009 91|DE85 4333 6839 7363 2976 31
1395,Schmidt Kältetechnik GbR,,DE22629278110321293013
1396,Weiß Systemhaus e.K.,Weiß Systemhaus|Fa. Weiß Systemhaus,DE35416592461690130696
1397,Bauer Windkraft e.K.,Fa. Bauer Windkraft|Bauer Windkraft,DE58378828047163329735|DE32238061380911302325
1398,Schwarz & Jäger KG,Schwarz & Jager|Schwarz & Jager KG|Schwarz & Jäger,DE17 5981 8071 7488 1442 93|DE46 1894 8269 4294 3321 35
1399,Günther OHG,Günther,DE32 4372 5967 8472 0503 96|DE26674063431122422255
1400,Richter Systemhaus GmbH,Fa. Richter Systemhaus|Richter Systemhaus,DE64 7915 2608 2342 9598 22|DE63 2490 4283 1211 2374 99
1401,Voigt Druck GmbH,Voigt Druck,DE74219188301132473890|DE24 8697 5390 4578 5504 78|DE51 4940 4880 8687 8106 78
1402,König & Schäfer GmbH & Co. KG,König & Schäfer|König & Schäfer GmbH u. Co. KG|Konig & Schafer,DE86 4395 5861 3455 1664 64
1403,Schulz & Horn e.K.,Schulz & Horn,DE94 3823 2610 4774 6831 25
1404,Hafenservice Emden GmbH & Co. KG,Hafenservice Emden|Hafenservice Emden GmbH u. Co. KG|Fa. Hafenservice Emden,DE50244170920511678966|DE29390746466819100270
1405,Vogel Technik AG,Vogel Technik|Fa. Vogel Technik,DE97 1631 7014 4442 3443 85|DE11 3001 7520 5788 0221 49|DE59664484536924368389
1406,Meier Logistik GbR,Meier Logistik,DE81 7051 4072 8967 5035 62
1407,Metallbau Kiel GbR,Metallbau Kiel,DE68 1647 1725 4984 2493 10|DE48612815352948489543
1408,Richter Technik GmbH & Co. KG,,DE19 6939 1500 5503 8075 16
1409,Schuster Systemhaus GmbH & Co. KG,Schuster Systemhaus,DE36793682724510134821|DE82 5018 9719 3599 6747 03
1410,Voigt Schifffahrt KG,Fa. Voigt Schifffahrt|Voigt Schifffahrt,DE53 9245 6344 6785 2519 47|DE58 9220 9656 0128 0044 77|DE79540560201423700573
1411,Walter KG,Walter|Fa. Walter,DE73984106856849773474|DE43349097490627196924
1412,Scholz Systemhaus GmbH,Scholz Systemhaus Ges.m.b.H.|Fa. Scholz Systemhaus,DE37859797357404218171|DE90254357326342756186
1413,Jung Schifffahrt UG (haftungsbeschränkt),Jung Schifffahrt UG (haftungsbeschrankt),DE94843160299830576933|DE83702929830366081265|DE34888984406321419984
1414,Systemhaus Cuxhaven GmbH,Systemhaus Cuxhaven,DE83264442210593057156|DE40 8838 0234 2162 5574 67
1415,König Schifffahrt GmbH & Co. KG,Konig Schifffahrt GmbH & Co. KG|König Schifffahrt GmbH u. Co. KG|Fa. König Schifffahrt,DE30368188494218652300|DE38 3580 2827 3809 4249 06
1416,Herrmann GmbH & Co. KG,Herrmann GmbH u. Co. KG,DE85999450788863543309
1417,Braun & Schreiber UG (haftungsbeschränkt),Braun & Schreiber|Fa. Braun & Schreiber,DE24 6958 9674 9745 8370 70|DE89911954637983258610
1418,Großhandel Schwerin GmbH & Co. KG,Grosshandel Schwerin|Fa. Großhandel Schwerin,DE92960313833819097127|DE42225894747084852286|DE44 7385 6279 7444 4882 79
1419,Bauer & Lehmann GmbH,Bauer & Lehmann,DE52889087031865466973|DE15627623227633529859
1420,Catering Lüneburg GmbH,Catering Lüneburg|Catering Lüneburg Ges.m.b.H.|Catering Luneburg,DE11 4179 1105 2379 8146 54
1421,Voigt & Busch KG,,DE79264614686264099845
1422,Schmitt Kältetechnik GbR,Schmitt Kältetechnik|Schmitt Kaltetechnik,DE69 3802 8080 4132 7069 92|DE92631782382039438027
1423,Lorenz Spedition GmbH & Co. KG,Lorenz Spedition,DE14780287576455033362
1424,Pfeiffer & Schulze GmbH & Co. KG,Fa. Pfeiffer & Schulze,DE59 1025 3393 1724 2912 11|DE18294996804163278115
1425,Catering Lüneburg e.K.,Fa. Catering Lüneburg,DE53559412664897990058
1426,Becker & Keller GmbH & Co. KG,Fa. Becker & Keller|Becker & Keller,DE95247412998388530966
1427,Busch Handel GbR,Busch Handel|Fa. Busch Handel,DE60 5741 8188 1782 4781 38|DE35850916247089337103
1428,Albrecht & Kaiser GmbH,Albrecht & Kaiser,DE31664261093189710559|DE24 7562 3784 1680 0737 10
1429,Lüdtke & Weiß OHG,Ludtke & Weiss,DE76879866873024395038|DE28 4140 6202 0643 4782 42
1430,Sauer & Sauer UG (haftungsbeschränkt),Sauer & Sauer UG (haftungsbeschrankt)|Sauer & Sauer|Fa. Sauer & Sauer,DE98 7722 5318 0131 1160 10|DE51 5250 2191 0111 7658 29
1431,Schmid Fleischerei OHG,Fa. Schmid Fleischerei,DE89703771923436584477|DE77 5108 5750 0764 0888 74
1432,Weber Solartechnik e.K.,Fa. Weber Solartechnik,DE91163532817005322356|DE49 5205 0217 3158 7418 59
1433,Hansen GmbH & Co. KG,Fa. Hansen,DE43114463685888916597|DE85 8086 1461 3083 9097 34|DE57 7654 3329 7281 6600 30
1434,Rehder & Thomas AG,Rehder & Thomas Aktiengesellschaft|Rehder & Thomas,DE51 9169 4734 5439 0361 74
1435,Seidel Bau GmbH & Co. KG,Seidel Bau|Seidel Bau GmbH u. Co. KG,DE38606585963911781005
1436,Logistik Emden GmbH & Co. KG,Fa. Logistik Emden,DE74886048694611772999
1437,Keller Metallbau KG,Fa. Keller Metallbau|Keller Metallbau,DE43704687770447012054|DE12858140398530307150
1438,Günther Elektro GbR,Günther Elektro|Gunther Elektro GbR,DE94 2575 7532 1628 4340 25|DE50954156937407823875
1439,Simon & Krause GbR,Simon & Krause,DE40942254011953379777
1440,Franke Gartenbau AG,Franke Gartenbau,DE46 3142 9769 9608 2061 58|DE81401913015660020398
1441,Werbetechnik Schwerin e.K.,Fa. Werbetechnik Schwerin,DE74 7322 4432 9806 0536 34
1442,Holzbau Neumünster GmbH,Holzbau Neumunster,DE72 9587 2248 0359 6178 60|DE33375270737842081669
1443,Brandt e.K.,Brandt,DE49 1852 4929 8089 1924 95|DE32 8956 1275 2950 2693 71|DE55963115933733827796
1444,Jäger Technik GmbH,Jäger Technik|Jager Technik GmbH|Fa. Jäger Technik,DE84673596842803182897
1445,Huber & Thomas AG,Fa. Huber & Thomas|Huber & Thomas|Huber & Thomas Aktiengesellschaft,DE25645083917684043021
1446,Elektro Oldenburg e.K.,Fa. Elektro Oldenburg|Elektro Oldenburg,DE11 1711 2347 1331 5940 23
1447,Schulte Gebäudereinigung KG,Schulte Gebaudereinigung|Schulte Gebäudereinigung,DE83291245612902870343
1448,Schmid Gebäudereinigung GmbH,Schmid Gebaudereinigung GmbH,DE28 3036 1194 8457 2690 86|DE32 7884 2768 5145 9588 83
1449,Schmitt Holzbau GmbH & Co. KG,Fa. Schmitt Holzbau|Schmitt Holzbau,DE36 2344 3993 7381 0617 28
1450,Fahrzeugtechnik Schwerin OHG,Fahrzeugtechnik Schwerin,DE95878639098274390256
1451,Jung Handel e.K.,,DE53843015442545965683
1452,Schulze GbR,,DE43724865799327641642
1453,Müller Windkraft e.K.,Muller Windkraft|Muller Windkraft e.K.,DE16 9567 1847 5434 1289 27|DE42 5054 1014 1535 7257 01
1454,Hartmann Kältetechnik OHG,Hartmann Kältetechnik|Fa. Hartmann Kältetechnik|Hartmann Kaltetechnik OHG,DE88 5687 4530 9031 8038 61
1455,Wolff Technik AG,Wolff Technik,DE71249300016990486835|DE58 4876 0868 5122 4700 07
1456,Roth Logistik AG,Roth Logistik Aktiengesellschaft,DE21 7261 0257 1734 5312 47|DE48574906081059870984
1457,Werbetechnik Neumünster GmbH,Werbetechnik Neumunster GmbH|Werbetechnik Neumünster,DE15 2596 6497 4296 6111 67|DE83 1160 2483 6098 6554 04
1458,Baumann Windkraft AG,Fa. Baumann Windkraft,DE41709951228459637519
1459,Krause & Schuster UG (haftungsbeschränkt),Krause & Schuster,DE23584553234558417778
1460,Kühn Catering KG,Kuhn Catering KG|Fa. Kühn Catering,DE54847391496189869996|DE17352629922616190302
1461,Claußen AG,Claußen,DE22 9063 0323 4955 0393 16|DE89 2117 5190 5694 8183 90
1462,Petersen Möbel UG (haftungsbeschränkt),Fa. Petersen Möbel,DE92592626065095855253|DE47 5175 0656 8244 0044 83
1463,Bauer Schifffahrt OHG,Fa. Bauer Schifffahrt,DE68947881456506916280|DE90 4521 2273 0442 8621 02
1464,Solartechnik Stade GbR,Solartechnik Stade,DE52353512359639787713
1465,Wolf & Schulte KG,,DE53 3106 2269 3817 6113 66
1466,Petersen & Krüger OHG,Fa. Petersen & Krüger|Petersen & Krüger,DE32319807295927774869
1467,Großhandel Hamburg UG (haftungsbeschränkt),Fa. Großhandel Hamburg|Großhandel Hamburg,DE56 6772 9748 5498 4666 50|DE89787741297617125270
1468,Wolff Solartechnik UG (haftungsbeschränkt),Wolff Solartechnik,DE27 3001 9793 6532 4611 60|DE73444491660331390978|DE19 1964 0760 5905 4653 53
1469,Thomas Immobilien GmbH & Co. KG,Thomas Immobilien GmbH u. Co. KG,DE37 5327 2688 9053 1385 31
1470,Metallbau Lüneburg OHG,Metallbau Lüneburg|Metallbau Luneburg OHG|Fa. Metallbau Lüneburg,DE68296017322636782733|DE24 8811 5228 6018 4259 00|DE88863878563085278120
1471,Wagner Bäckerei KG,Fa. Wagner Bäckerei,DE15 3118 9224 0948 0132 94|DE68 7135 4600 1972 9655 92|DE63 9891 5500 7049 0191 70
1472,Vogel Logistik AG,Vogel Logistik|Fa. Vogel Logistik,DE71528408891268708372
1473,Huber GmbH,Huber,DE69140774063634706934|DE47175313681786445510|DE63758209886710342347
1474,Krämer e.K.,Kramer|Kramer e.K.,DE61 1832 4839 2747 5106 25
1475,Möbel Stade AG,Fa. Möbel Stade|Möbel Stade|Mobel Stade,DE71 5488 9285 7188 9598 96|DE34 6219 8175 4256 4870 30|DE34 1747 0825 1574 6994 28
1476,Böhm GmbH & Co. KG,Fa. Böhm|Böhm GmbH u. Co. KG|Bohm GmbH & Co. KG,DE60728622780299918256|DE65237434079284749102|DE80 9184 0946 7294 6695 03
1477,Graf Tiefbau UG (haftungsbeschränkt),Graf Tiefbau|Fa. Graf Tiefbau,DE99 5749 8223 3393 4111 10|DE69 3265 2832 9884 9085 08
1478,Krüger Hafenservice AG,Krüger Hafenservice Aktiengesellschaft|Fa. Krüger Hafenservice,DE65 8687 0856 0286 5425 93
1479,Sommer Handel OHG,Sommer Handel,DE33 9164 3505 2153 5901 79
1480,Fleischerei Bremen KG,Fa. Fleischerei Bremen,DE66 3736 1740 1456 0510 62|DE15 3098 4130 6460 0297 04
1481,Jansen Textil KG,Fa. Jansen Textil|Jansen Textil,DE26 9501 9980 9115 4926 35|DE11 8308 9191 2508 0785 30|DE55 1913 1902 8342 3696 61
1482,Gebäudereinigung Lübeck OHG,Gebaudereinigung Lubeck,DE79293573725618034306|DE65 1779 7843 5784 8928 68
1483,Fuchs & Claußen AG,Fuchs & Claußen,DE56177998460851103052|DE12 4484 5989 5356 6907 19|DE87 2060 6215 7654 9524 77
1484,Schmitt GbR,,DE86 2739 2760 1294 1240 01|DE72 5929 5279 7177 0042 68
1485,Lorenz Handel AG,Lorenz Handel,DE61 9340 0911 4158 1764 88
1486,Fischer & Vogel UG (haftungsbeschränkt),Fischer & Vogel|Fischer & Vogel UG (haftungsbeschrankt),DE95257139207864792631
1487,Hoffmann & Krämer e.K.,Hoffmann & Kramer e.K.|Hoffmann & Krämer|Hoffmann & Kramer,DE16418334364411716703|DE40530647286373308329|DE75 1944 5969 9939 2036 01
1488,Krüger Werbetechnik e.K.,Kruger Werbetechnik e.K.,DE10190601561208534829
1489,Neumann Werbetechnik UG (haftungsbeschränkt),Neumann Werbetechnik UG (haftungsbeschrankt)|Neumann Werbetechnik,DE11575207170563368330|DE13817120242690651216
1490,Werbetechnik Cuxhaven GmbH,Werbetechnik Cuxhaven|Werbetechnik Cuxhaven Ges.m.b.H.,DE66 5532 7469 5906 6193 79|DE85298045227293801747|DE85364405666748316819
1491,Kuhn & Schreiber e.K.,Kuhn & Schreiber,DE67861910127650943932
1492,Logistik Kiel GbR,Fa. Logistik Kiel,DE73174854988525315623|DE45 8705 4437 7684 4221 37
1493,Neumann Großhandel KG,Neumann Großhandel|Fa. Neumann Großhandel,DE68 6910 0687 2071 5531 43|DE21 3892 7999 9919 0110 52|DE42 7696 0313 2113 8293 65
1494,Bau Kiel e.K.,Fa. Bau Kiel,DE18782945855778814871|DE44378838542589705900|DE54126944888741341162
1495,Fuchs & Hansen KG,Fuchs & Hansen,DE72793566780428368365
1496,Arnold & Fuchs e.K.,Arnold & Fuchs,DE68885066122014761619|DE80 4476 1311 7808 3343 23
1497,Maier GmbH,Maier Ges.m.b.H.,DE10609337562916346088|DE16 5371 7008 2611 0312 94
1498,Krämer & Ziegler GmbH,Krämer & Ziegler Ges.m.b.H.,DE54204362658023062294|DE87 8701 4215 9206 0015 24
1499,Wolff Handel GmbH & Co. KG,Fa. Wolff Handel,DE99812196928845588222|DE57 3306 7266 1851 1925 10
1500,Otto e.K.,,DE50 2433 9859 9370 0687 79|DE84 3800 4551 2883 9365 54
1501,Koch Textil GmbH,Koch Textil,DE67 1398 2615 8345 0909 18
1502,Fuchs e.K.,Fuchs,DE49 3577 8920 5575 0965 94
1503,Kaiser Catering GmbH,Kaiser Catering,DE90408630691799917585|DE23 6715 6082 7982 0869 61|DE97271277218122096342
1504,Schumacher Schifffahrt GmbH & Co. KG,Fa. Schumacher Schifffahrt|Schumacher Schifffahrt GmbH u. Co. KG|Schumacher Schifffahrt,DE82507012313410168183
1505,Haas AG,,DE15181210957591777699|DE86196654886975997294
1506,Schifffahrt Kiel UG (haftungsbeschränkt),Fa. Schifffahrt Kiel|Schifffahrt Kiel|Schifffahrt Kiel UG (haftungsbeschrankt),DE29533836718843901199|DE14 8839 9454 1548 7268 65
1507,Wolff GbR,Wolff,DE74 8854 3003 8951 8011 24
1508,Bau Rostock GmbH,Bau Rostock Ges.m.b.H.,DE40 5386 2418 7437 8609 45|DE47 7069 8883 6347 8818 23|DE49 2056 5088 2787 6798 22
1509,Weiß & Thießen KG,Weiß & Thießen,DE41 2487 1969 8916 9175 82
1510,Verlag Lüneburg AG,Verlag Luneburg,DE33969475248111121193
1511,Kaiser & Sommer GmbH,Fa. Kaiser & Sommer|Kaiser & Sommer,DE61358591857060193320|DE16987529106359409373
1512,Hofmann Sanitär UG (haftungsbeschränkt),Hofmann Sanitar|Hofmann Sanitar UG (haftungsbeschrankt),DE74 5774 1199 2937 9282 92
1513,Krüger UG (haftungsbeschränkt),Kruger UG (haftungsbeschrankt),DE80 1556 8916 6049 4356 33
1514,Martin Bäckerei GmbH & Co. KG,Martin Backerei GmbH & Co. KG,DE57 9256 3819 8362 2713 13
1515,Otto Windkraft OHG,Otto Windkraft|Fa. Otto Windkraft,DE85655084502672484499|DE34378865923084656137
1516,Braun OHG,Braun,DE97 2767 4256 5600 9431 26|DE59 4199 5470 3502 2393 57
1517,Schulz & Jäger KG,Schulz & Jäger,DE30221210254246556929|DE44 6688 4839 3606 8515 85|DE22 5445 1403 1703 7623 73
1518,Köhler Immobilien GmbH,Kohler Immobilien|Köhler Immobilien Ges.m.b.H.,DE88 8660 8040 5220 8248 96
1519,König Logistik UG (haftungsbeschränkt),Konig Logistik,DE35 1102 2269 0826 9727 37|DE34 1917 9941 5726 0029 94
1520,Gebäudereinigung Lübeck GmbH & Co. KG,Fa. Gebäudereinigung Lübeck,DE70419777293260994650|DE87161941279922847516
1521,Herrmann Kältetechnik OHG,Herrmann Kaltetechnik,DE14953805515868422702|DE48 2102 1415 7132 3438 97
1522,Busch GmbH & Co. KG,Busch GmbH u. Co. KG,DE32 6407 8621 4580 4492 74|DE32 2167 7786 3933 0063 91|DE40607503325743349377
1523,Köhler Maschinenbau OHG,Kohler Maschinenbau|Köhler Maschinenbau,DE70692327545789234655
1524,Klein & Voigt OHG,Fa. Klein & Voigt,DE98 2445 5088 7738 8794 57
1525,Druck Kiel e.K.,,DE41 7819 2272 4036 7417 24
1526,Richter Handel GmbH,Richter Handel|Richter Handel Ges.m.b.H.,DE19 9024 4768 3272 9773 62|DE67226501242748710796
1527,Schmitz UG (haftungsbeschränkt),Schmitz|Fa. Schmitz,DE71 6429 3142 4740 0042 35|DE52866025749509855633
1528,Krüger & Thomas KG,Kruger & Thomas|Kruger & Thomas KG,DE15480198116734167888|DE58932842508573706912|DE92 7792 9956 3897 2978 31
1529,Fischer Dachdeckerei GmbH & Co. KG,Fischer Dachdeckerei,DE16 3892 7069 8564 5222 85|DE22516883469548771034
1530,Stein & Schmitz GmbH,Stein & Schmitz,DE48847529842172441502|DE23756496623234950526
1531,Holzbau Kiel e.K.,,DE37 6037 1421 4501 0602 23
1532,Müller Systemhaus e.K.,Muller Systemhaus|Muller Systemhaus e.K.|Müller Systemhaus,DE62 8045 9499 6748 6042 48
1533,Schubert Kältetechnik GbR,Schubert Kaltetechnik GbR|Fa. Schubert Kältetechnik,DE59787523994757181300|DE16932132425209988610
1534,Scholz & Schreiber GmbH,Scholz & Schreiber|Scholz & Schreiber Ges.m.b.H.,DE42 7395 0574 8318 3437 07|DE27 5048 7666 7680 5898 88|DE77 3987 0024 0364 8069 01
1535,Druck Flensburg GmbH,Fa. Druck Flensburg|Druck Flensburg,DE82685887703852289786|DE86 4965 7527 3109 5668 45|DE45316969393540126144
1536,Roth Kältetechnik GbR,Roth Kaltetechnik GbR|Roth Kältetechnik|Roth Kaltetechnik,DE88118787594133498616|DE29407313187218882506
1537,Peters & Bauer GbR,Peters & Bauer,DE40 6195 0927 2383 1770 31|DE47 4580 7689 2820 4196 96|DE68 5358 4378 8108 7835 33
1538,Koch Technik e.K.,Koch Technik,DE55 3096 0519 5000 8623 21
1539,Thomas Werbetechnik GmbH,,DE14887127256551105755
1540,Koch Fahrzeugtechnik OHG,,DE32 2025 2287 6959 3391 87|DE33841914645341515235
1541,Schifffahrt Flensburg UG (haftungsbeschränkt),Schifffahrt Flensburg UG (haftungsbeschrankt)|Fa. Schifffahrt Flensburg,DE42 6698 3099 5123 2898 29
1542,Vogel Handel e.K.,Vogel Handel,DE93 3572 4234 4884 2107 24|DE48 4186 1960 7913 7038 34|DE89328281401763009398
1543,Möbel Husum AG,Möbel Husum|Mobel Husum AG|Mobel Husum,DE86274829320210679006
1544,Meyer Textil KG,,DE36194867318128324437|DE90 4652 0814 3115 1601 58|DE25210171092468221115
1545,Walter & Wagner GmbH & Co. KG,Walter & Wagner,DE37 4768 9912 3958 9889 34|DE80197462143214902508
1546,Simon Tiefbau KG,Simon Tiefbau|Fa. Simon Tiefbau,DE44488090303631973981
1547,Groß & Hoffmann AG,Gross & Hoffmann|Fa. Groß & Hoffmann,DE53668405123382567411
1548,Albrecht Logistik GbR,Albrecht Logistik,DE54969985783788750222
1549,Tiefbau Emden OHG,Tiefbau Emden,DE36 5625 4397 4640 6192 88|DE24835991621234137993
1550,Schmitt & Braun AG,Schmitt & Braun Aktiengesellschaft,DE73 8427 2942 3421 0679 67
1551,Klein UG (haftungsbeschränkt),Klein|Klein UG (haftungsbeschrankt),DE71 3559 1712 3499 3396 75
1552,Hahn GmbH,,DE19142303393661754716|DE20 9794 4171 6933 4871 74
1553,Hofmann UG (haftungsbeschränkt),Hofmann UG (haftungsbeschrankt)|Fa. Hofmann,DE25 2871 5810 7766 2652 92
1554,Stein e.K.,Stein|Fa. Stein,DE29484352402366789960|DE38 5476 9810 5892 4008 46
1555,Seidel & Fuchs e.K.,Seidel & Fuchs|Fa. Seidel & Fuchs,DE90103982011109009493
1556,Richter & Krüger AG,Fa. Richter & Krüger,DE29503726301065174212|DE52658386444831831086|DE72 2019 1010 8036 9645 07
1557,Schreiber & Müller GmbH,Schreiber & Müller Ges.m.b.H.|Schreiber & Muller GmbH,DE99 5109 1210 1818 7892 99|DE73753206574102019143
1558,Schröder Technik OHG,Schroder Technik,DE42334234613480786843|DE30 7381 5545 5951 8939 14
1559,Brandt GmbH & Co. KG,Fa. Brandt,DE90754270554360634185|DE33 4378 1808 9492 7812 48
1560,Franke Holzbau AG,Franke Holzbau|Franke Holzbau Aktiengesellschaft,DE51 3474 5930 1390 4262 61|DE13 2032 7246 1840 2003 02
1561,Gebäudereinigung Hamburg KG,Gebaudereinigung Hamburg KG|Fa. Gebäudereinigung Hamburg,DE67803018293960868970|DE47223003985222510897|DE11761815990690462692
1562,Textil Wilhelmshaven AG,Textil Wilhelmshaven|Textil Wilhelmshaven Aktiengesellschaft|Fa. Textil Wilhelmshaven,DE67 7826 2639 2363 0538 17|DE80839748908861457435
1563,Krause & Schulze GbR,Fa. Krause & Schulze|Krause & Schulze,DE43979623106891975358|DE19 4291 3147 6501 8586 65
1564,Schubert Medizintechnik GmbH & Co. KG,Fa. Schubert Medizintechnik|Schubert Medizintechnik GmbH u. Co. KG|Schubert Medizintechnik,DE70 8081 2931 5448 0926 85|DE34 8013 6792 4566 6859 50
1565,Sanitär Oldenburg OHG,Sanitär Oldenburg|Sanitar Oldenburg OHG|Fa. Sanitär Oldenburg,DE82 1233 3512 4725 7093 52
1566,Vogel Druck KG,Vogel Druck,DE22 2836 0752 4181 1192 67
1567,Technik Stade KG,Technik Stade,DE55734996343431488049
1568,Friedrich Kältetechnik e.K.,Fa. Friedrich Kältetechnik,DE39 5696 3924 7852 3832 34
1569,Gartenbau Stade e.K.,Fa. Gartenbau Stade,DE85 2845 0541 5658 9636 79|DE24537893371227913695
1570,Windkraft Oldenburg OHG,Windkraft Oldenburg,DE35 6895 0616 4568 9866 15|DE40314772671899946441|DE94 8645 7726 5736 2859 50
1571,Schröder Verlag KG,Schroder Verlag|Schroder Verlag KG|Schröder Verlag,DE94 1490 6903 8703 7858 00
1572,Simon Medizintechnik GmbH & Co. KG,Simon Medizintechnik,DE24 6175 8527 7005 1647 14|DE36 1189 0734 9937 3643 73|DE32795242484080564651
1573,Berger Maschinenbau GmbH,Fa. Berger Maschinenbau,DE58 2563 3456 3147 6687 21|DE94 6759 4759 4239 4980 48
1574,Schulz Schifffahrt GmbH,Schulz Schifffahrt,DE96 5729 5735 9428 1381 26
1575,Walter e.K.,,DE98 2893 2293 3156 9468 14|DE43190462858058661458
1576,Medizintechnik Stade GmbH & Co. KG,Medizintechnik Stade|Medizintechnik Stade GmbH u. Co. KG,DE14937190914730944856|DE51184862040254238298|DE84118719559994446370
1577,Metallbau Emden AG,Fa. Metallbau Emden,DE14 2703 2568 1920 7020 45
1578,Jung & Voigt AG,Jung & Voigt Aktiengesellschaft,DE37307594768610040117|DE41631111602706913283|DE83 1560 1359 5031 8124 12
1579,Simon Immobilien GmbH & Co. KG,Simon Immobilien GmbH u. Co. KG,DE79 3153 4578 4342 0489 42|DE61 9536 8024 1491 0859 19
1580,Technik Stade OHG,,DE52 1665 7570 8903 8051 39|DE52873644210239638091
1581,Stein & Beck GbR,Stein & Beck,DE96185172068212327089
1582,Bau Oldenburg KG,Bau Oldenburg,DE94 9866 9744 3866 9162 32
1583,Hansen & Voigt e.K.,Fa. Hansen & Voigt|Hansen & Voigt,DE60834048806434447096|DE56526194659314360427
1584,Jansen Holzbau AG,Fa. Jansen Holzbau,DE12673315169705118336|DE59393283692638535715|DE86684149810527458016
1585,Claußen Kältetechnik GmbH,Claussen Kaltetechnik GmbH|Claußen Kältetechnik Ges.m.b.H.|Claussen Kaltetechnik,DE82 6525 2240 7011 3937 43|DE39915496539281247303
1586,Sanitär Cuxhaven GbR,Sanitär Cuxhaven|Fa. Sanitär Cuxhaven,DE71 1152 8081 4520 6636 28
1587,Mayer & Friedrich GmbH,Mayer & Friedrich Ges.m.b.H.|Mayer & Friedrich,DE70 2432 7363 9851 2586 63|DE94688523130631410396
1588,Hoffmann Werbetechnik GmbH & Co. KG,Hoffmann Werbetechnik,DE46 7203 0338 2463 7779 13|DE29392248813675351037
1589,Schubert Metallbau UG (haftungsbeschränkt),Schubert Metallbau,DE85 2493 6709 7810 9173 83|DE81762070493022578892
1590,Müller Windkraft KG,Fa. Müller Windkraft,DE79 5363 1633 0262 0474 29|DE32304771368924088027
1591,Schubert KG,Fa. Schubert|Schubert,DE70864092305072985361
1592,Frank Textil GmbH,Fa. Frank Textil,DE19315251495766911558|DE17849465935365374741
1593,Seidel Kältetechnik UG (haftungsbeschränkt),Seidel Kältetechnik|Seidel Kaltetechnik|Seidel Kaltetechnik UG (haftungsbeschrankt),DE60207583872136197749|DE70 6259 8174 5983 7522 67
1594,Handel Husum AG,Handel Husum Aktiengesellschaft|Handel Husum|Fa. Handel Husum,DE92985703691731043348|DE64 2205 6245 2773 5774 84
1595,Otto Hafenservice KG,,DE83787089035635460116
1596,Koch GmbH & Co. KG,Koch|Fa. Koch,DE50 4664 0067 5107 0640 17
1597,Frank & Schmidt GbR,Fa. Frank & Schmidt,DE74 7379 9423 3960 1813 32
1598,Maier & Hoffmann GbR,Maier & Hoffmann,DE13 4802 6360 0354 6868 57|DE42 4948 8910 5772 3916 90
1599,Seidel & Groß KG,,DE69 3646 2205 6505 7063 97|DE86484074528833673288
1600,Seidel Logistik AG,Seidel Logistik,DE98 5525 9842 2058 2715 71|DE60 4983 5255 3712 3452 65|DE73 7094 9729 9316 3489 63
1601,Rehder Gebäudereinigung GmbH & Co. KG,Rehder Gebaudereinigung GmbH & Co. KG|Rehder Gebäudereinigung|Rehder Gebaudereinigung,DE70 3619 7907 4991 5034 07
1602,Koch AG,,DE36355963405426396504
1603,Logistik Stade e.K.,Logistik Stade,DE84742153736557074694|DE40 5948 7842 2816 1999 15
1604,Carstens KG,Carstens|Fa. Carstens,DE77 8421 6737 5183 0266 52|DE30945933623699375571
1605,Krüger Systemhaus UG (haftungsbeschränkt),Kruger Systemhaus UG (haftungsbeschrankt)|Fa. Krüger Systemhaus|Krüger Systemhaus,DE65 5724 8322 2590 5959 79|DE79396853544774477696|DE11329039777982385133
1606,Brüggemann Tiefbau UG (haftungsbeschränkt),Brüggemann Tiefbau,DE16 4676 6613 4954 0282 95
1607,Rehder & Meier GbR,Fa. Rehder & Meier|Rehder & Meier,DE44 3097 2637 3314 9771 29|DE44275117773106152517
1608,Spedition Hamburg e.K.,Fa. Spedition Hamburg|Spedition Hamburg,DE74425118543758274221|DE21866222054518054286
1609,Keller Verlag KG,Keller Verlag|Fa. Keller Verlag,DE24 6158 1234 3293 0324 62
1610,Wagner UG (haftungsbeschränkt),Fa. Wagner,DE56268884332308461146|DE85 4974 9331 8596 2124 58|DE73464671280094541767
1611,Sauer Windkraft UG (haftungsbeschränkt),Sauer Windkraft|Sauer Windkraft UG (haftungsbeschrankt),DE33 6813 8320 8561 5185 74|DE95746595743977278740
1612,Claußen Medizintechnik UG (haftungsbeschränkt),Claussen Medizintechnik UG (haftungsbeschrankt)|Fa. Claußen Medizintechnik|Claussen Medizintechnik,DE33 4106 3833 0510 2336 53|DE89419944063178215421|DE35 6910 7680 5707 2360 31
1613,Weiß Möbel GmbH,Fa. Weiß Möbel|Weiss Mobel|Weiss Mobel GmbH,DE90 1589 4535 5054 4097 66|DE61548864913634244618
1614,Brandt Sanitär GmbH,Fa. Brandt Sanitär,DE83 4413 2567 3725 5361 04|DE96 9709 3661 7686 0828 21
1615,Gebäudereinigung Oldenburg GmbH & Co. KG,Gebäudereinigung Oldenburg GmbH u. Co. KG,DE85 6163 3685 6159 0829 66
1616,Wagner Systemhaus OHG,Wagner Systemhaus,DE13826853723771517299|DE75 4616 7849 7598 1805 83
1617,Jansen Möbel e.K.,Jansen Möbel|Jansen Mobel|Jansen Mobel e.K.,DE86 6298 8037 3311 4271 15|DE12 5513 8308 2035 8873 83
1618,Keller Bau e.K.,,DE69461624952650200052|DE66 2989 2726 0816 7308 00|DE42 8695 9275 1507 6816 78
1619,Schäfer Logistik GbR,Schafer Logistik|Schäfer Logistik|Schafer Logistik GbR,DE14270802628002051936|DE21 9078 5244 9981 7755 57|DE87732101707468448284
1620,Schreiber GbR,Schreiber|Fa. Schreiber,DE34135354000715792024
1621,Solartechnik Flensburg GmbH,Solartechnik Flensburg Ges.m.b.H.,DE95336568352425229496|DE72840738536899356479
1622,Druck Cuxhaven KG,Druck Cuxhaven,DE94 6065 4039 9891 3776 07|DE95857151037454757608
1623,Wolff Metallbau UG (haftungsbeschränkt),Wolff Metallbau,DE31347150827239894421|DE69 1979 7738 2983 4522 58
1624,Hansen Dachdeckerei e.K.,Hansen Dachdeckerei,DE41 1094 8662 9488 4178 14|DE87181880768218423861|DE55387877180576203281
1625,Schulte & Seidel OHG,Schulte & Seidel,DE57937681940857783093
1626,Elektro Stade AG,Elektro Stade,DE20757878791636442494|DE47 7926 7486 9936 5793 87|DE96511944210438927504
1627,Elektro Wilhelmshaven GbR,Fa. Elektro Wilhelmshaven,DE41699807288395591099
1628,Jäger GmbH,Jäger Ges.m.b.H.|Fa. Jäger|Jager,DE79936518371340186951
1629,Thießen & Kraus e.K.,Thießen & Kraus|Fa. Thießen & Kraus,DE31 1890 7509 2407 0082 26
1630,Solartechnik Husum GbR,,DE35 7144 2417 8335 2796 79
1631,Technik Husum GbR,Fa. Technik Husum|Technik Husum,DE71 3168 4313 9337 7075 34
1632,Jung & Thomas GbR,Fa. Jung & Thomas,DE16388815577186443568|DE80952855591274148048
1633,Claußen OHG,,DE81 5151 6414 7288 5380 27
1634,Kaiser Hafenservice OHG,,DE22 2808 0378 5903 2987 91|DE98 9808 5489 2601 5010 36
1635,Beck Immobilien GmbH & Co. KG,,DE86305242375785369244|DE70145009317695676717|DE74978622000728610639
1636,Kaiser GbR,Kaiser,DE31 8346 1888 0049 6849 55|DE51984455673606407301
1637,Windkraft Rostock GmbH,Windkraft Rostock Ges.m.b.H.|Windkraft Rostock,DE93538807321216467747|DE48778647191525483761|DE76604952280380804542
1638,Krämer & Wagner UG (haftungsbeschränkt),Kramer & Wagner UG (haftungsbeschrankt)|Kramer & Wagner,DE17346044974320029646|DE36 6464 0648 8100 4439 69|DE89326919835235273958
1639,Koch Immobilien UG (haftungsbeschränkt),Fa. Koch Immobilien|Koch Immobilien|Koch Immobilien UG (haftungsbeschrankt),DE67462083588652362287
1640,Dachdeckerei Schwerin AG,Dachdeckerei Schwerin,DE47 8060 8974 2624 8685 55|DE59817160484442293229|DE72445176221054265950
1641,Bäckerei Flensburg GbR,Backerei Flensburg GbR|Bäckerei Flensburg|Backerei Flensburg,DE32483333362924681862
1642,Brüggemann & Lang e.K.,Bruggemann & Lang|Fa. Brüggemann & Lang,DE17 5117 8240 5350 1866 89|DE44610444135868223108
1643,Arnold & Schmid e.K.,Arnold & Schmid,DE18508063202489977854
1644,Berger Holzbau UG (haftungsbeschränkt),Berger Holzbau,DE31 7652 6081 1702 5780 75
1645,Dachdeckerei Kiel e.K.,Dachdeckerei Kiel,DE48265981109501202160
1646,Windkraft Lüneburg e.K.,Windkraft Lüneburg|Fa. Windkraft Lüneburg,DE63828439472359426635
1647,Peters & Krause GmbH & Co. KG,Fa. Peters & Krause|Peters & Krause,DE65 7367 8998 6123 1562 49|DE57 8563 2130 9579 9906 67
1648,Mayer GmbH,,DE12 9169 4774 9840 1146 94
1649,Schmitt Fleischerei AG,Fa. Schmitt Fleischerei,DE88336773886319113724
1650,Maier Kältetechnik e.K.,Maier Kaltetechnik|Maier Kaltetechnik e.K.,DE47 8628 7348 1410 4994 52
1651,Herrmann Gartenbau GmbH & Co. KG,Herrmann Gartenbau|Fa. Herrmann Gartenbau,DE83815465226155743156|DE37584680777150366232
1652,Becker Bau KG,Becker Bau,DE87 5549 8290 2065 0977 02
1653,Möhring Dachdeckerei GmbH,Mohring Dachdeckerei GmbH,DE97285458542746959208
1654,Hofmann AG,Hofmann|Hofmann Aktiengesellschaft,DE12 7997 3708 4012 4642 42|DE61 3278 1906 1308 1751 01
1655,Medizintechnik Stade OHG,,DE29 3170 0609 0593 2369 36|DE27620670622749301513
1656,Winter & Becker KG,,DE22 8857 6677 3794 4254 65
1657,Hansen & Otto OHG,Hansen & Otto,DE18210233327446301538|DE83 1068 0689 0074 7932 19
1658,Lehmann & Möller GbR,Lehmann & Moller|Fa. Lehmann & Möller,DE69 7292 7374 1985 1053 42|DE69976593732136619437
1659,Thomas Schifffahrt KG,Fa. Thomas Schifffahrt,DE14863912222561489605|DE88 5456 8585 0466 8714 28|DE66 8533 9719 4296 4426 05
1660,Graf Catering GmbH & Co. KG,Graf Catering GmbH u. Co. KG|Graf Catering|Fa. Graf Catering,DE33325129209862058018|DE34 8310 5369 3837 5673 92
1661,Brüggemann Hafenservice GmbH & Co. KG,Bruggemann Hafenservice GmbH & Co. KG|Brüggemann Hafenservice GmbH u. Co. KG,DE60848538758551772655|DE72785873105880811734
1662,Lehmann Dachdeckerei e.K.,Lehmann Dachdeckerei|Fa. Lehmann Dachdeckerei,DE94133517058888221760
1663,Schwarz & Schulze OHG,Schwarz & Schulze,DE50212347561007069269
1664,Thomas Schifffahrt UG (haftungsbeschränkt),Thomas Schifffahrt UG (haftungsbeschrankt),DE36246222018221929628
1665,Albrecht & Dietrich e.K.,,DE55 7812 1908 8279 6292 95|DE67 4676 3206 6279 0069 88|DE32 5665 4165 7313 6524 15
1666,Fuchs Werbetechnik UG (haftungsbeschränkt),Fuchs Werbetechnik UG (haftungsbeschrankt),DE40279657133937539015
1667,Hofmann Werbetechnik AG,Fa. Hofmann Werbetechnik|Hofmann Werbetechnik,DE83652965167737794412|DE70791055473700593281|DE22961068054955017298
1668,Gebäudereinigung Flensburg GmbH & Co. KG,Fa. Gebäudereinigung Flensburg,DE85 6392 2987 9571 2928 81
1669,Werner Möbel OHG,Werner Mobel OHG|Fa. Werner Möbel,DE24 4268 1192 8672 6246 40
1670,Vogt Handel OHG,Fa. Vogt Handel|Vogt Handel,DE96 9219 1518 7904 0742 07
1671,Windkraft Flensburg GmbH,,DE95 6136 4592 3470 2156 03|DE53450906196528120072
1672,Holzbau Lüneburg GmbH & Co. KG,Holzbau Luneburg GmbH & Co. KG|Holzbau Luneburg|Holzbau Lüneburg GmbH u. Co. KG,DE30 7156 9212 4686 7539 55
1673,Haas Windkraft GmbH & Co. KG,Haas Windkraft|Fa. Haas Windkraft,DE77800325319393905734|DE14 7877 9191 3941 2101 59|DE59792152857081118302
1674,Vogt Gebäudereinigung GmbH & Co. KG,Fa. Vogt Gebäudereinigung|Vogt Gebäudereinigung GmbH u. Co. KG|Vogt Gebäudereinigung,DE13 3101 6633 0492 0462 93
1675,Metallbau Emden GmbH,,DE59807078190361635321|DE86 8784 1982 2447 1751 88|DE59827409881709801659
1676,Engel Fleischerei GmbH,Fa. Engel Fleischerei|Engel Fleischerei Ges.m.b.H.,DE42827984435785592125|DE64415789294429228704
1677,Schmidt Holzbau GbR,,DE29 4748 3539 3188 2425 05|DE39 8760 8633 1629 1513 30
1678,Schmitz Schifffahrt GmbH,Schmitz Schifffahrt Ges.m.b.H.,DE22 2227 4637 8388 4878 93|DE89454231063795385819|DE81 5876 2005 8502 8643 66
1679,Schmitt AG,,DE92132786679954585578
1680,Hoffmann Sanitär OHG,Fa. Hoffmann Sanitär|Hoffmann Sanitär|Hoffmann Sanitar OHG,DE35921031720705377157|DE89530116418711713388|DE50336112197893879868
1681,Winter Möbel GbR,Winter Möbel,DE62 3358 5896 0702 4760 13|DE76488403224607483710
1682,Arnold & Huber AG,Arnold & Huber|Arnold & Huber Aktiengesellschaft,DE15526963812902024656|DE34 1003 0521 9550 0099 80
1683,Franke & Beck KG,Fa. Franke & Beck,DE69794188345318069583
1684,Kältetechnik Hamburg GmbH & Co. KG,Kaltetechnik Hamburg|Kaltetechnik Hamburg GmbH & Co. KG|Kältetechnik Hamburg,DE62 5894 8734 1520 6697 04|DE41205113113227062736
1685,Haas Bäckerei GbR,Haas Backerei|Haas Backerei GbR|Haas Bäckerei,DE11932263851299657935|DE46 8754 3816 9348 8281 34
1686,Günther Handel GmbH & Co. KG,Gunther Handel GmbH & Co. KG|Günther Handel,DE96228381990471501604
1687,Schmidt & Stein GmbH,Schmidt & Stein Ges.m.b.H.|Schmidt & Stein,DE43 1328 2483 4411 0892 54|DE28 4495 2602 8488 7406 98
1688,Seidel Metallbau UG (haftungsbeschränkt),Fa. Seidel Metallbau,DE74980744044882208825|DE86 9561 7316 0457 0067 70|DE18 8137 0009 4685 7686 57
1689,Schulz & Sommer GbR,Fa. Schulz & Sommer|Schulz & Sommer,DE11171732485765802866|DE56 2086 9386 8790 6980 18
1690,Neumann Handel KG,Neumann Handel,DE90410871423530074127
1691,Zimmermann Windkraft OHG,Fa. Zimmermann Windkraft|Zimmermann Windkraft,DE76435031702504152526
1692,Schulz GmbH,Schulz Ges.m.b.H.|Schulz,DE41481449325001191666
1693,Voigt Spedition GmbH,Voigt Spedition|Fa. Voigt Spedition,DE86117569909344201694|DE86557499595291959140
1694,Thießen Gebäudereinigung GmbH & Co. KG,Thiessen Gebaudereinigung GmbH & Co. KG|Thiessen Gebaudereinigung,DE99807459227686681984|DE99744785891333834593
1695,Gartenbau Flensburg AG,Gartenbau Flensburg,DE60355715280868295091|DE68 2659 5220 7097 3765 90
1696,Fischer & Voigt OHG,Fa. Fischer & Voigt,DE35 2499 3449 9185 7778 87
1697,Pfeiffer AG,,DE61277616710528526302
1698,Klein & Schuster AG,Fa. Klein & Schuster|Klein & Schuster,DE29744689581781367229
1699,Schmitt Großhandel AG,,DE79409061371827450140
1700,Claußen e.K.,Fa. Claußen,DE13 9246 7374 5499 8539 73|DE56608482228630197025
1701,Schumacher Schifffahrt AG,Schumacher Schifffahrt Aktiengesellschaft,DE83490299083427903266|DE47 5864 7913 0237 1300 99
1702,Lang GmbH,Lang,DE52 8353 4538 7932 1512 61
1703,Schmid Hafenservice KG,Schmid Hafenservice|Fa. Schmid Hafenservice,DE55 4622 7388 0408 6015 65|DE22445804699845644220
1704,Sanitär Bremen GmbH & Co. KG,Sanitär Bremen GmbH u. Co. KG|Sanitar Bremen GmbH & Co. KG,DE49 9196 9190 4623 0233 34
1705,Verlag Wilhelmshaven GbR,Fa. Verlag Wilhelmshaven|Verlag Wilhelmshaven,DE96440816585021006880|DE12 2337 8236 7302 4268 54
1706,Pfeiffer Windkraft e.K.,Pfeiffer Windkraft|Fa. Pfeiffer Windkraft,DE76886903086600871222
1707,Peters & Schulze e.K.,Peters & Schulze,DE55 9987 0621 6826 6572 50|DE50916496039944748294
1708,Bergmann & Wolf AG,Fa. Bergmann & Wolf|Bergmann & Wolf,DE32881975345495019506
1709,Neumann GbR,Neumann,DE78 7909 0711 3490 7724 11
1710,Weiß Holzbau UG (haftungsbeschränkt),Weiss Holzbau|Fa. Weiß Holzbau,DE28 6142 0495 7274 6168 69|DE85 2598 9507 4557 9337 04|DE57925777999720120021
1711,Köhler & Werner GbR,Kohler & Werner GbR,DE62542574830727351672|DE54685216179324566024|DE67633756257149337373
1712,Koch & Schmitt GbR,Koch & Schmitt|Fa. Koch & Schmitt,DE49896695292325983459|DE23388407905793308257
1713,Meyer Dachdeckerei AG,Fa. Meyer Dachdeckerei,DE38 3787 4516 1155 9018 72
1714,Krüger & Pohl GbR,Kruger & Pohl GbR|Fa. Krüger & Pohl|Krüger & Pohl,DE44408923990082979639|DE38 4084 6089 6901 0751 08
1715,Koch e.K.,,DE29435410354537909283|DE35276387242059173465
1716,Schulze Kältetechnik GmbH,Schulze Kaltetechnik,DE53780254756842587419|DE35216326790620253467
1717,Heinrich Gebäudereinigung e.K.,Fa. Heinrich Gebäudereinigung,DE72 3380 2356 0866 6809 68|DE33134430175589576771
1718,Lorenz Hafenservice UG (haftungsbeschränkt),Lorenz Hafenservice|Fa. Lorenz Hafenservice,DE60793347965171868830|DE24 3369 3925 3738 3567 62
1719,Schwarz Möbel KG,Schwarz Mobel|Schwarz Möbel,DE82119054140850106119|DE23948934090543368104
1720,Schäfer Bau UG (haftungsbeschränkt),Schafer Bau UG (haftungsbeschrankt),DE94987412608531928695|DE31 5116 3440 6452 3237 25
1721,Lange & Thießen GmbH & Co. KG,Lange & Thiessen,DE19 4656 8097 6675 2560 88|DE68 9172 2186 6922 8426 35
1722,Textil Cuxhaven OHG,Textil Cuxhaven,DE61791241931381026263
1723,Schwarz Logistik AG,Schwarz Logistik Aktiengesellschaft,DE88467763340863401815|DE73 8438 4788 3227 1645 26|DE72 4932 1473 0713 9332 82
1724,Werner & Weber GmbH & Co. KG,Werner & Weber GmbH u. Co. KG,DE82 9668 6144 8622 7376 25|DE15 3478 8236 5554 7607 28
1725,Schmitt Elektro e.K.,,DE26 1349 6925 6100 9495 57
1726,Wagner Technik AG,Wagner Technik|Fa. Wagner Technik,DE45778070959811636012
1727,Schulz & Friedrich e.K.,Schulz & Friedrich,DE72 1017 9346 7616 2719 55
1728,Haas Textil AG,Haas Textil,DE81432081636266007044|DE34 3257 3067 1936 8583 41|DE49919426017947507344
1729,Winter AG,Fa. Winter,DE84438057812196579572|DE52880184708731472055
1730,Elektro Husum GmbH & Co. KG,Elektro Husum GmbH u. Co. KG,DE19352606256111103540|DE34234961249546593567
1731,Hoffmann Bau AG,Hoffmann Bau Aktiengesellschaft,DE91564460601943678392
1732,Kuhn Bau UG (haftungsbeschränkt),Kuhn Bau UG (haftungsbeschrankt),DE63 8023 1269 4779 9861 10
1733,Voigt GbR,Fa. Voigt|Voigt,DE89 9749 9167 9388 5488 18
1734,Seidel & Carstens e.K.,Fa. Seidel & Carstens|Seidel & Carstens,DE12 2183 5165 0172 9958 64|DE39 9016 6273 8666 5635 11
1735,Martin Immobilien AG,Fa. Martin Immobilien|Martin Immobilien,DE84 9703 6049 4225 6339 46|DE15954051118729069096|DE76690816939069319942
1736,Claußen Handel GmbH & Co. KG,Fa. Claußen Handel|Claussen Handel,DE73772459855248837194
1737,Möbel Hamburg AG,Möbel Hamburg|Fa. Möbel Hamburg,DE17 1336 6497 4002 1068 91
1738,Schulze & Haas OHG,,DE72 6192 7968 2105 7213 02
1739,Kühn & Meyer GmbH & Co. KG,Kuhn & Meyer|Fa. Kühn & Meyer,DE40 7495 2668 7860 4091 23
1740,Mayer AG,Mayer|Fa. Mayer|Mayer Aktiengesellschaft,DE60 1638 9089 9672 0678 62|DE82 5451 4227 8738 3739 51
1741,Brüggemann UG (haftungsbeschränkt),Bruggemann,DE27 5281 8318 5274 7386 32|DE82212840284810437228
1742,Fahrzeugtechnik Neumünster GmbH & Co. KG,Fahrzeugtechnik Neumunster GmbH & Co. KG|Fa. Fahrzeugtechnik Neumünster,DE53899770232032187242|DE34708446259898631000
1743,Möller Holzbau AG,Möller Holzbau,DE16 9055 0644 6212 8248 32
1744,Fuchs Dachdeckerei GbR,Fa. Fuchs Dachdeckerei,DE98427882161969337566
1745,Groß GmbH,Groß,DE54982000530263446065|DE90 1689 6931 4077 0324 69
1746,Winkler & Weiß KG,Winkler & Weiß,DE46437708360810895511
1747,Köhler & Schneider GmbH,Kohler & Schneider|Köhler & Schneider Ges.m.b.H.,DE54359340191952104838|DE69 3013 2899 0822 3840 07
1748,Kühn Holzbau KG,Kühn Holzbau|Fa. Kühn Holzbau|Kuhn Holzbau,DE88 9428 8786 5202 3793 61
1749,Thießen Bäckerei e.K.,Thiessen Backerei e.K.|Fa. Thießen Bäckerei,DE53192812539531928305
1750,Jansen Solartechnik GmbH & Co. KG,Jansen Solartechnik GmbH u. Co. KG|Jansen Solartechnik,DE25659132317916536778
1751,Klein & Thießen e.K.,,DE50575367450416974762|DE94318573807057321212
1752,Wagner GbR,,DE69 2715 6375 5339 7701 95
1753,Werner Handel OHG,Werner Handel|Fa. Werner Handel,DE61 7076 2358 3265 5491 59|DE41 1054 0978 1982 0034 51
1754,Krämer Fleischerei OHG,Fa. Krämer Fleischerei|Kramer Fleischerei,DE63508693639128993724|DE86 4375 1209 9145 4859 71|DE74 3012 9431 6550 4268 52
1755,Schwarz & Schulte GbR,Fa. Schwarz & Schulte|Schwarz & Schulte,DE68725161178118823607
1756,Huber Fahrzeugtechnik GbR,Fa. Huber Fahrzeugtechnik,DE44 4929 4907 5314 2369 64|DE24 8699 1095 0963 1630 86
1757,Koch Holzbau e.K.,Koch Holzbau,DE90350674364953715403
1758,Winkler Fleischerei GmbH & Co. KG,Winkler Fleischerei GmbH u. Co. KG|Winkler Fleischerei,DE98624194799455112690
1759,Kühn Solartechnik GmbH,Fa. Kühn Solartechnik|Kuhn Solartechnik,DE54287313181025710606
1760,Schulz Maschinenbau GmbH & Co. KG,Schulz Maschinenbau|Schulz Maschinenbau GmbH u. Co. KG,DE68121433524908679085|DE81 7906 3224 7520 6765 98
1761,Großhandel Stade e.K.,Großhandel Stade,DE91518149857514089044
1762,Becker & Simon GmbH & Co. KG,Becker & Simon,DE99 9181 3586 0793 9497 66|DE91 8195 1319 4605 2264 33
1763,Lange Bäckerei KG,Fa. Lange Bäckerei,DE41 2113 0507 5596 0713 26|DE54 3787 9304 4584 4242 55
1764,Schulz UG (haftungsbeschränkt),Schulz UG (haftungsbeschrankt),DE19519596482752799874|DE73538416452643134818
1765,Seidel & Jäger AG,Seidel & Jager|Seidel & Jager AG,DE24 1342 0299 4370 1448 44|DE93313783394708680562
1766,Sauer & Schwarz AG,Sauer & Schwarz|Sauer & Schwarz Aktiengesellschaft|Fa. Sauer & Schwarz,DE93764271873595278717|DE85398374435373555259
1767,Schmitt Verlag GbR,Fa. Schmitt Verlag|Schmitt Verlag,DE88613509302613037140|DE29984527700199486313
1768,Lorenz Schifffahrt OHG,Fa. Lorenz Schifffahrt|Lorenz Schifffahrt,DE56 4220 6096 5345 9069 63|DE22 7948 7332 1002 3353 37
1769,Meyer Bäckerei e.K.,Meyer Backerei|Meyer Bäckerei|Fa. Meyer Bäckerei,DE61470114716883300064|DE60 5653 2675 8836 2016 42
1770,Verlag Flensburg AG,,DE31 5836 2069 7287 1223 83
1771,Metallbau Cuxhaven KG,Fa. Metallbau Cuxhaven,DE86 2308 4972 6647 3115 97
1772,Sanitär Wilhelmshaven UG (haftungsbeschränkt),Sanitar Wilhelmshaven,DE37715868477798219468|DE77812060944143369253|DE30280454564372184375
1773,Werbetechnik Husum UG (haftungsbeschränkt),Werbetechnik Husum|Werbetechnik Husum UG (haftungsbeschrankt),DE79749646935653250168|DE75 6073 6660 7067 0561 60
1774,Seidel & Rehder KG,Seidel & Rehder,DE39 6890 3468 9978 0156 70|DE63238307122581937780
1775,Friedrich Catering GmbH & Co. KG,Friedrich Catering GmbH u. Co. KG,DE87390176505883921955|DE68939125809983872417|DE18713978153533242569
1776,Gartenbau Flensburg GmbH,,DE96 5030 6055 5102 5866 64
1777,Systemhaus Kiel GmbH & Co. KG,Systemhaus Kiel,DE44796882060729543115
1778,Schulze Textil GmbH & Co. KG,Fa. Schulze Textil,DE84803729183235035367|DE74 4206 7624 2167 7326 65
1779,Schwarz & Hofmann OHG,Schwarz & Hofmann|Fa. Schwarz & Hofmann,DE89888834451765042223|DE52185356522239977300
1780,Seidel Holzbau GbR,Seidel Holzbau,DE54341513103695810109
1781,Verlag Husum KG,Verlag Husum|Fa. Verlag Husum,DE84 9755 9640 3696 2389 83
1782,Albrecht Windkraft GmbH,Albrecht Windkraft|Fa. Albrecht Windkraft,DE81390103970643929320|DE62984245694806045364
1783,Ludwig & Schulte GbR,Ludwig & Schulte|Fa. Ludwig & Schulte,DE75680538822187946062|DE55 2366 7215 9212 7423 63
1784,Seidel & Carstens UG (haftungsbeschränkt),Seidel & Carstens UG (haftungsbeschrankt),DE94 8801 5016 4090 2338 76|DE34 6983 4657 7762 8987 26
1785,Solartechnik Cuxhaven e.K.,Fa. Solartechnik Cuxhaven|Solartechnik Cuxhaven,DE33 4893 5486 1248 7226 43
1786,Martin GbR,Fa. Martin,DE76 1054 9542 6634 1040 51|DE20430460814722050047
1787,Otto GmbH,Otto Ges.m.b.H.,DE38318011416986067109
1788,Müller Windkraft OHG,Müller Windkraft,DE49 2239 7697 3507 2026 51
1789,Kältetechnik Oldenburg GmbH & Co. KG,Kältetechnik Oldenburg GmbH u. Co. KG|Fa. Kältetechnik Oldenburg|Kaltetechnik Oldenburg,DE48 9580 0593 3788 8297 53
1790,Fahrzeugtechnik Cuxhaven GmbH,Fa. Fahrzeugtechnik Cuxhaven|Fahrzeugtechnik Cuxhaven Ges.m.b.H.,DE95 9571 3488 0971 5399 38|DE38 3478 1780 1497 6314 78
1791,Voigt & Kuhn AG,Fa. Voigt & Kuhn,DE50 7453 4428 0092 4071 69|DE76765637909161861920
1792,Medizintechnik Husum UG (haftungsbeschränkt),Medizintechnik Husum|Fa. Medizintechnik Husum,DE22 5748 3542 1952 7448 40
1793,Fuchs Tiefbau e.K.,Fuchs Tiefbau,DE58348707291748999765
1794,Pfeiffer GmbH & Co. KG,Pfeiffer GmbH u. Co. KG,DE21444875212888518866|DE92 9499 9997 6339 5984 04|DE78327314468278769207
1795,Werner Fleischerei UG (haftungsbeschränkt),Werner Fleischerei UG (haftungsbeschrankt)|Werner Fleischerei,DE19 7977 9252 2801 1975 71
1796,Krause Schifffahrt UG (haftungsbeschränkt),Krause Schifffahrt|Krause Schifffahrt UG (haftungsbeschrankt),DE48 7773 9953 5834 0978 09|DE92 5874 5074 3828 8779 82
1797,Bergmann Systemhaus GmbH & Co. KG,Fa. Bergmann Systemhaus|Bergmann Systemhaus,DE67 2990 4703 3406 8360 76
1798,Winkler & Meyer GbR,Fa. Winkler & Meyer|Winkler & Meyer,DE19 7510 2627 0409 9314 28|DE96595781517024311159
1799,Schneider GmbH,Schneider|Schneider Ges.m.b.H.,DE87396629579962928576|DE50901583873274694583
1800,Windkraft Stade GbR,,DE78921302910806724497|DE16 8398 4423 2762 4953 66
1801,Dietrich Fahrzeugtechnik GmbH,Dietrich Fahrzeugtechnik,DE76 6572 8741 7878 6090 98|DE87775035820243125250
1802,Schulte Dachdeckerei OHG,Schulte Dachdeckerei,DE16 9922 3140 6927 3035 98
1803,Krüger Gartenbau OHG,Krüger Gartenbau|Fa. Krüger Gartenbau,DE82184881499202509852
1804,Fuchs Sanitär OHG,Fuchs Sanitar OHG,DE66 3300 0226 4296 8475 57|DE13797273626667276625
1805,Engel Technik GmbH,Engel Technik,DE72 5282 9399 5352 2982 76|DE24904677460123917821|DE46473949443650950311
1806,Otto Systemhaus AG,Otto Systemhaus,DE81 6711 8383 5807 4093 03|DE26 6334 4195 4405 7101 83|DE41542777254053569904
1807,Lang Verlag AG,Fa. Lang Verlag|Lang Verlag,DE78507272008479742838|DE35 3978 9181 0385 8296 75
1808,Busch Gebäudereinigung GbR,Fa. Busch Gebäudereinigung|Busch Gebaudereinigung GbR,DE37 3985 3946 6620 6922 31
1809,Lange Tiefbau GbR,Fa. Lange Tiefbau,DE28 4062 9559 6045 0212 72|DE59 4491 5301 0369 7179 06|DE31762447974541796877
1810,Horn Druck AG,,DE61 7123 3281 1641 5612 53
1811,Petersen & Schulze AG,Petersen & Schulze Aktiengesellschaft|Fa. Petersen & Schulze|Petersen & Schulze,DE10 2290 1628 1182 3448 63
1812,Dietrich GbR,Dietrich,DE83381183007301276144
1813,Sanitär Husum KG,Fa. Sanitär Husum,DE11 9495 2385 7530 4161 44|DE25 4188 1939 8006 5112 87|DE26 2323 6040 8904 4317 28
1814,Beck Hafenservice KG,Fa. Beck Hafenservice,DE33 4276 8083 7977 2182 56
1815,Graf & Vogt e.K.,Graf & Vogt|Fa. Graf & Vogt,DE66252586100487824085|DE37 2718 0429 2387 7554 33
1816,Busch UG (haftungsbeschränkt),,DE71185576217624171037|DE18776758649456081066
1817,Winter & Schmidt GbR,Fa. Winter & Schmidt|Winter & Schmidt,DE77821008827891116401|DE17 4280 5437 2387 2932 21
1818,Brüggemann & Jansen UG (haftungsbeschränkt),Bruggemann & Jansen,DE73394022303143652364
1819,Berger OHG,,DE40 8954 1601 7464 2772 32|DE63 4836 3490 1519 4865 71
1820,Becker & Schreiber GmbH & Co. KG,Becker & Schreiber GmbH u. Co. KG,DE75 9973 1547 0900 8627 03|DE76764525241612861176
1821,Hofmann Großhandel AG,Hofmann Großhandel Aktiengesellschaft,DE64332717530708609399
1822,Verlag Neumünster UG (haftungsbeschränkt),Verlag Neumunster UG (haftungsbeschrankt),DE63630090706845992031
1823,Brandt Spedition e.K.,Fa. Brandt Spedition,DE16443953168653366044
1824,Thomas Gebäudereinigung GmbH & Co. KG,Thomas Gebäudereinigung|Thomas Gebäudereinigung GmbH u. Co. KG|Fa. Thomas Gebäudereinigung,DE57 9289 2684 8063 8247 18
1825,Handel Lüneburg GmbH,Handel Lüneburg Ges.m.b.H.,DE58502103844357525216|DE94 7382 9770 4974 9415 79|DE75830038882159061357
1826,Schumacher Holzbau AG,Schumacher Holzbau,DE64547226748299812962|DE60 4352 0355 4075 2892 27|DE95774575395691093189
1827,Simon & Stein OHG,Simon & Stein,DE33442023963962544865
1828,Graf Textil GmbH,Graf Textil,DE11522782388489878741
1829,Lang Maschinenbau GmbH,Lang Maschinenbau Ges.m.b.H.|Lang Maschinenbau,DE90 1392 3497 2023 7720 41|DE89 4695 5198 3284 5301 77
1830,Voigt KG,,DE69 1947 2179 6280 0231 34|DE22 9121 6558 9672 0035 26
1831,Dietrich Technik GmbH & Co. KG,,DE47483879049509999056|DE33 1156 1143 3760 5778 15|DE42 3522 6190 4435 2857 25
1832,Vogt Sanitär GbR,Vogt Sanitär,DE84879881179459200501|DE45 7432 1467 8847 4263 21
1833,Windkraft Cuxhaven UG (haftungsbeschränkt),Fa. Windkraft Cuxhaven|Windkraft Cuxhaven UG (haftungsbeschrankt)|Windkraft Cuxhaven,DE90 5480 5499 8251 7833 92|DE64699322063939920918|DE97115006014992797920
1834,Schulte Textil e.K.,Schulte Textil,DE93 4745 4026 3535 6672 32
1835,Peters Maschinenbau GmbH & Co. KG,Peters Maschinenbau GmbH u. Co. KG|Fa. Peters Maschinenbau,DE48128083838439780153|DE61526946259528657649|DE82886873486707098516
1836,Fuchs & Peters AG,Fuchs & Peters,DE58614557351177227871|DE80 4391 8650 2037 0185 08
1837,Lange & Jäger OHG,Fa. Lange & Jäger|Lange & Jäger|Lange & Jager,DE41 5267 7139 1030 8336 19|DE14 2088 1029 4989 9222 73
1838,Kuhn KG,Kuhn,DE20 4621 5329 7053 8088 14|DE65 4079 3482 5381 3894 94|DE59 4807 7679 5307 5957 29
1839,Baumann OHG,Baumann|Fa. Baumann,DE58323980019798928417|DE85645313357390023233
1840,Krämer Schifffahrt UG (haftungsbeschränkt),Kramer Schifffahrt,DE36924640156578215949|DE92 4805 5723 0742 9686 18
1841,Keller Gartenbau e.K.,Keller Gartenbau,DE25447182074596375904|DE45111689555162875809
1842,Stein GmbH,Stein Ges.m.b.H.,DE85 6011 3937 7116 8276 38|DE46803326382811841096
1843,Jäger e.K.,Jäger|Jager e.K.,DE50 7464 6340 8370 1675 19
1844,Ludwig & Horn GmbH & Co. KG,Ludwig & Horn GmbH u. Co. KG|Ludwig & Horn|Fa. Ludwig & Horn,DE58281480057971647912|DE26 9466 5558 4244 7565 40|DE76819805978639329400
1845,Thießen Bau GmbH & Co. KG,Thießen Bau|Fa. Thießen Bau,DE71181163748066629617|DE64 4381 8132 2301 5833 96
1846,Kuhn Immobilien GmbH & Co. KG,Kuhn Immobilien GmbH u. Co. KG,DE53377221802952301574|DE32151035479762259648|DE54593024615049525214
1847,Dachdeckerei Oldenburg AG,Dachdeckerei Oldenburg|Dachdeckerei Oldenburg Aktiengesellschaft,DE78 3077 0552 2227 7557 57|DE43 3819 5687 4227 5291 53
1848,Bauer Holzbau GmbH,Bauer Holzbau Ges.m.b.H.|Fa. Bauer Holzbau,DE73 3840 8752 8391 2643 55|DE81625114250674653949|DE54467263050082295153
1849,Herrmann Gartenbau GbR,,DE93 4176 9719 8795 2564 16|DE27 8627 6040 8301 5769 51
1850,Jäger Spedition KG,Jager Spedition|Jäger Spedition,DE49 2077 4724 9930 1318 80|DE95 7603 3888 8492 0516 06
1851,Meyer & Köhler UG (haftungsbeschränkt),Meyer & Kohler|Meyer & Köhler|Meyer & Kohler UG (haftungsbeschrankt),DE26 2621 1519 9771 8188 89
1852,Schwarz Bäckerei UG (haftungsbeschränkt),Schwarz Backerei UG (haftungsbeschrankt)|Schwarz Bäckerei|Fa. Schwarz Bäckerei,DE35 9536 3807 7654 6103 64|DE67757487657005938327
1853,Schulz Handel GmbH & Co. KG,Schulz Handel,DE12998694578074437627
1854,Metallbau Rostock GmbH & Co. KG,Metallbau Rostock GmbH u. Co. KG|Fa. Metallbau Rostock,DE58 8183 8935 0392 8950 16
1855,Martin & Hoffmann GmbH,Fa. Martin & Hoffmann,DE42371421564824243333|DE71846152376307455859
1856,Gebäudereinigung Emden UG (haftungsbeschränkt),Gebaudereinigung Emden|Gebaudereinigung Emden UG (haftungsbeschrankt),DE75 5121 5355 8966 5779 99
1857,Hofmann Gebäudereinigung GbR,Fa. Hofmann Gebäudereinigung,DE44 3621 1872 5333 1260 76|DE70 2523 5068 8760 5211 88
1858,Richter GmbH & Co. KG,,DE51 3858 7746 6425 4994 56
1859,Günther Holzbau e.K.,Gunther Holzbau|Gunther Holzbau e.K.,DE99718306824275036173|DE83 4513 8029 7169 6966 87
1860,Möhring Spedition GmbH,Fa. Möhring Spedition,DE29 6225 9518 9931 0621 02|DE17 4927 9723 1454 2820 13
1861,Schuster Systemhaus OHG,Fa. Schuster Systemhaus,DE55 5407 0529 1022 2071 39|DE46961995592274182145
1862,Fuchs AG,Fa. Fuchs,DE98 3357 7894 9705 0606 54|DE18 4179 9545 2538 4208 93
1863,Catering Lüneburg UG (haftungsbeschränkt),Catering Luneburg UG (haftungsbeschrankt),DE53 7091 1045 5274 8071 02
1864,Baumann Tiefbau AG,,DE49 3302 7493 3604 2617 12|DE58 8602 1952 2582 1650 78
1865,Franke KG,Franke,DE39228287202633249726|DE98913079954157764062
1866,Kuhn Textil GmbH & Co. KG,Fa. Kuhn Textil,DE47 3400 2094 9735 8494 91|DE86694072609893916861
1867,Beck GbR,Beck,DE59408597175320143116|DE38823013622219685503|DE14 2647 1270 2705 7361 37
1868,Textil Oldenburg GmbH & Co. KG,Textil Oldenburg,DE75 8625 0381 1697 2172 99
1869,Bergmann e.K.,,DE69 3421 8798 3464 3394 34
1870,Kältetechnik Bremen GmbH,Kältetechnik Bremen|Kaltetechnik Bremen|Fa. Kältetechnik Bremen,DE69 2972 4091 5331 1779 61|DE90813757165124524491|DE97516543392862249186
1871,Mayer Schifffahrt GbR,Mayer Schifffahrt,DE16 9153 2959 7391 4835 65|DE66 2032 7370 0117 1462 56
1872,Schröder Werbetechnik UG (haftungsbeschränkt),Schroder Werbetechnik|Schroder Werbetechnik UG (haftungsbeschrankt)|Schröder Werbetechnik,DE86408022119450054858
1873,Catering Kiel KG,Catering Kiel,DE18463992465014094865
1874,Schmitt Bau OHG,Fa. Schmitt Bau,DE85 8131 3352 5578 9252 38|DE36555954576180413296|DE98 3819 0958 6010 8061 89
1875,Roth & Schubert UG (haftungsbeschränkt),Fa. Roth & Schubert|Roth & Schubert,DE58327999816425943522|DE22 5356 2602 4784 6734 43
1876,Schäfer UG (haftungsbeschränkt),Fa. Schäfer,DE24753357027986777057
1877,Claußen & Hahn UG (haftungsbeschränkt),Claussen & Hahn UG (haftungsbeschrankt)|Claussen & Hahn,DE24 2999 7432 6778 5520 31|DE54 9643 9724 9959 0555 67|DE56269016930475365276
1878,Fischer & Rehder OHG,Fischer & Rehder,DE16 6190 2924 0880 8044 09
1879,Werner Catering GmbH & Co. KG,Werner Catering|Werner Catering GmbH u. Co. KG,DE35 6296 0947 9184 6155 64|DE25 9077 7591 6828 1822 64|DE74619830930061557073
1880,Schröder & Ludwig OHG,Fa. Schröder & Ludwig|Schroder & Ludwig,DE84905999550203116592
1881,Wagner & Lüdtke GmbH,Wagner & Ludtke GmbH|Wagner & Ludtke,DE23876467952832737892|DE52778617239517209678|DE81 7398 7375 1706 9821 83
1882,Claußen & Hansen AG,Claussen & Hansen|Fa. Claußen & Hansen,DE63320461865931226598|DE61439991769057669989
1883,Schmidt & Otto GmbH,Schmidt & Otto|Fa. Schmidt & Otto,DE80 5063 1832 4190 1690 91|DE45 5719 9045 8145 6551 09|DE19 3599 2813 6936 7095 69
1884,Lehmann & Brandt e.K.,,DE50 3553 0203 1359 2227 15|DE75 5054 0463 0922 6136 01
1885,Walter & Fischer GmbH,Walter & Fischer Ges.m.b.H.|Walter & Fischer|Fa. Walter & Fischer,DE82 9510 1989 4890 3794 58
1886,Simon & Bergmann KG,Fa. Simon & Bergmann|Simon & Bergmann,DE17910664626680346551
1887,Krüger & Sauer GmbH,Fa. Krüger & Sauer,DE88 9958 6253 2744 4601 38
1888,Sommer Handel UG (haftungsbeschränkt),Sommer Handel UG (haftungsbeschrankt)|Fa. Sommer Handel,DE79438253390467798682|DE35683965336776304766|DE17 2785 7449 5382 3880 16
1889,Lüdtke Windkraft UG (haftungsbeschränkt),Fa. Lüdtke Windkraft|Ludtke Windkraft UG (haftungsbeschrankt)|Lüdtke Windkraft,DE46 1560 5888 6390 2581 46|DE74 8857 6890 6786 9635 94
1890,Lorenz & Engel UG (haftungsbeschränkt),Lorenz & Engel UG (haftungsbeschrankt)|Lorenz & Engel,DE25797297377471428708|DE80992150721913765180
1891,Möller & Hartmann GbR,Moller & Hartmann GbR|Moller & Hartmann|Fa. Möller & Hartmann,DE51 7511 0029 4134 2978 56
1892,Thomas Werbetechnik KG,,DE58 6919 2149 1921 7008 59|DE59 5167 0151 1454 6317 57
1893,Schifffahrt Oldenburg GmbH,,DE50768039419423464713
1894,Rehder Windkraft e.K.,Fa. Rehder Windkraft,DE43389940622171716690|DE52352789124070825334
1895,Möhring Tiefbau e.K.,Fa. Möhring Tiefbau|Möhring Tiefbau|Mohring Tiefbau,DE71687789476568536029|DE45135423556677781270
1896,Meyer Catering GmbH,Meyer Catering,DE61 8511 4530 2434 9688 66
1897,Hartmann & Meier AG,Hartmann & Meier,DE70559181591330609598|DE26 6995 8667 5158 2891 97
1898,Kraus Solartechnik GmbH & Co. KG,Kraus Solartechnik,DE60 6175 7800 1484 7015 73|DE42 1103 7286 0265 7238 96
1899,Günther & Schwarz UG (haftungsbeschränkt),Fa. Günther & Schwarz,DE21 3738 3569 6198 3154 85|DE14753581061107247270
1900,Systemhaus Kiel OHG,,DE13331609405786611376|DE10 9599 6688 0876 4133 77
1901,Möller Kältetechnik KG,Fa. Möller Kältetechnik|Moller Kaltetechnik KG,DE22 5509 5286 7866 1065 87|DE88 5467 0390 9067 0173 40
1902,Jansen Medizintechnik GmbH & Co. KG,Jansen Medizintechnik GmbH u. Co. KG,DE50777301185168943683
1903,Logistik Lüneburg GmbH & Co. KG,Logistik Lüneburg,DE49645925851620896734
1904,Huber & Dietrich GbR,,DE74719106577912732901|DE97342442271171804528
1905,Schreiber UG (haftungsbeschränkt),Schreiber UG (haftungsbeschrankt),DE53 9342 8779 1606 4487 83
1906,Wolf Gebäudereinigung e.K.,,DE84 1825 4290 5620 9006 41|DE12 9007 8572 2940 8158 59
1907,Schmidt & Schwarz GmbH & Co. KG,Schmidt & Schwarz,DE79570813895659933304|DE35 6511 2905 7419 7055 03
1908,Graf & Köhler GmbH,Graf & Kohler,DE11 2676 7959 9202 6060 73|DE76437531828538841879
1909,Frank Elektro KG,Frank Elektro|Fa. Frank Elektro,DE30587313663503828027
1910,Weiß & Pohl OHG,Fa. Weiß & Pohl|Weiß & Pohl,DE31457136517779648010|DE86 6708 2421 6783 3642 30|DE52617691537100991506
1911,Beck AG,,DE56681070206683313718|DE62 3406 8216 2114 8081 01
1912,Rehder Handel AG,Fa. Rehder Handel|Rehder Handel,DE25 4307 1656 2129 4929 06|DE38760707959617197905|DE13 5508 2045 8582 6655 72
1913,Kältetechnik Stade KG,Kältetechnik Stade,DE16 2032 0079 3183 7227 66
1914,Catering Kiel GmbH,Fa. Catering Kiel,DE89289630142605264100|DE17940351462128749134|DE91 3874 2883 4517 3054 97
1915,Verlag Oldenburg e.K.,Fa. Verlag Oldenburg|Verlag Oldenburg,DE38 7511 6795 4039 0605 05|DE86213589623688984029
1916,Möller Verlag GbR,Moller Verlag|Moller Verlag GbR|Fa. Möller Verlag,DE22 4027 1810 0865 6675 46|DE50 9499 0228 8202 4087 45
1917,Stein & Hansen GmbH,Stein & Hansen,DE58588763197452097140|DE45410049019877951195|DE67 3727 3362 0401 4747 29
1918,Meyer Verlag KG,Meyer Verlag,DE95 7401 3915 7412 8236 93
1919,Kältetechnik Neumünster AG,Kaltetechnik Neumunster|Kältetechnik Neumünster Aktiengesellschaft,DE78466035182968572210|DE29 1378 2543 6435 5509 58
1920,Schubert AG,Schubert Aktiengesellschaft,DE20 2203 8473 2576 5504 44|DE40 6216 3240 5982 2255 45|DE32326218794423162683
1921,König Maschinenbau AG,König Maschinenbau Aktiengesellschaft,DE78879300535403615805|DE93 1557 3598 1025 0916 25|DE43720958770437400548
1922,Böhm Sanitär OHG,Bohm Sanitar OHG|Fa. Böhm Sanitär,DE59 5812 2622 8985 4472 08|DE54 4953 8277 9775 6114 39
1923,Krause Systemhaus e.K.,Krause Systemhaus,DE64 6772 5994 6488 6991 47
1924,Möller & Carstens GbR,Moller & Carstens GbR|Fa. Möller & Carstens|Moller & Carstens,DE45 7200 7939 7385 1427 12
1925,Möhring Verlag e.K.,Mohring Verlag|Fa. Möhring Verlag,DE51546264736748516943|DE41 5588 8939 7873 2611 83
1926,Hahn & Franke OHG,Hahn & Franke,DE62180588872897079492|DE41 4237 3127 1177 4123 74
1927,Horn Bau AG,Horn Bau Aktiengesellschaft,DE82704250737253587153|DE84815415289259437411
1928,Hoffmann Sanitär GmbH & Co. KG,,DE57 9761 7056 9349 0177 76
1929,Schubert Hafenservice AG,Fa. Schubert Hafenservice|Schubert Hafenservice Aktiengesellschaft,DE73 6966 7103 6226 8709 75
1930,Lehmann Textil OHG,Fa. Lehmann Textil|Lehmann Textil,DE29825951092147020237
1931,Wolf Sanitär OHG,Wolf Sanitar OHG,DE98 7673 3227 8240 4031 05
1932,Winter Kältetechnik KG,Fa. Winter Kältetechnik|Winter Kaltetechnik KG,DE15960787824895778884|DE95 5690 3045 0945 2081 34
1933,Schäfer & Claußen GbR,Schäfer & Claußen|Schafer & Claussen GbR|Fa. Schäfer & Claußen,DE35 6369 2459 0246 8525 15
1934,Baumann & Hoffmann KG,Baumann & Hoffmann,DE80593085738925692885|DE23 7726 2112 6640 5651 72|DE58 8840 5507 1380 3483 63
1935,Mayer & Fuchs GmbH,Fa. Mayer & Fuchs|Mayer & Fuchs,DE56 6906 4103 1452 7974 09|DE44 5319 9305 3171 3987 75|DE91860739987217633543
1936,Verlag Cuxhaven AG,Verlag Cuxhaven,DE93 6402 5435 2822 3031 09
1937,Böhm & Vogt e.K.,Bohm & Vogt e.K.,DE48 4990 0305 1448 1274 12|DE12 1696 2666 3143 5375 39
1938,Logistik Wilhelmshaven OHG,Logistik Wilhelmshaven,DE16 7201 5417 5232 9448 98
1939,Systemhaus Lübeck UG (haftungsbeschränkt),Systemhaus Lübeck,DE90 6070 7151 2361 5036 56
1940,Winkler Bäckerei UG (haftungsbeschränkt),Winkler Backerei|Fa. Winkler Bäckerei,DE61543878811967297077
1941,Holzbau Lübeck GmbH,Holzbau Lübeck Ges.m.b.H.,DE60 6741 6983 5853 0823 96|DE60 3594 1502 0011 9863 20
1942,Fleischerei Hamburg OHG,Fleischerei Hamburg|Fa. Fleischerei Hamburg,DE98869100194846482509
1943,Möbel Lübeck OHG,Möbel Lübeck|Fa. Möbel Lübeck,DE44 6388 1338 2620 1343 04
1944,Hoffmann OHG,,DE15580048741254381597|DE58 1374 6453 8776 7788 29
1945,Voigt Bäckerei GbR,Voigt Bäckerei|Fa. Voigt Bäckerei|Voigt Backerei,DE58756957969717301402|DE45943385309135995018|DE92 5775 6034 2378 9807 89
1946,Spedition Rostock GmbH,Fa. Spedition Rostock|Spedition Rostock,DE12108842642844634071
1947,Medizintechnik Lüneburg UG (haftungsbeschränkt),Medizintechnik Lüneburg|Fa. Medizintechnik Lüneburg,DE45632071019659902280|DE38 7772 8899 3019 4594 74
1948,Klein & Schwarz KG,Fa. Klein & Schwarz|Klein & Schwarz,DE34662613365027912539|DE75453168252895913053
1949,Lange & Winkler OHG,Lange & Winkler|Fa. Lange & Winkler,DE32 1216 5568 0740 9522 18
1950,Meier Solartechnik GmbH,Meier Solartechnik Ges.m.b.H.,DE80300479594570352862|DE63 5068 6602 5371 4932 85
1951,Solartechnik Kiel e.K.,Solartechnik Kiel,DE82366241010319241131|DE99202559039240364541
1952,Busch Großhandel KG,Busch Grosshandel,DE94947096044817074413
1953,Kaiser Solartechnik e.K.,Fa. Kaiser Solartechnik|Kaiser Solartechnik,DE92351082415594296319
1954,Voigt & Lüdtke KG,Voigt & Lüdtke|Voigt & Ludtke,DE34810662953761520160|DE17285383016462565096|DE40507848680846248861
1955,Pohl Fahrzeugtechnik e.K.,Pohl Fahrzeugtechnik|Fa. Pohl Fahrzeugtechnik,DE78137384771329153667|DE20611334562585024731
1956,Bauer Fleischerei KG,Bauer Fleischerei|Fa. Bauer Fleischerei,DE64462225399466175761|DE99 7733 8957 6491 6001 38|DE43365880578712507568
1957,Technik Cuxhaven KG,Fa. Technik Cuxhaven,DE66805779436467084162|DE21 3406 7512 5296 8729 63
1958,Fischer GbR,,DE32 8179 5223 0957 9150 63|DE68 8761 3151 6349 1569 33|DE63 1806 5582 1738 0102 70
1959,Möhring KG,Mohring|Fa. Möhring,DE83 1373 4986 8539 0234 78
1960,Haas & Franke GmbH & Co. KG,Haas & Franke GmbH u. Co. KG,DE90 4750 2555 7518 5854 72
1961,Kühn & Hansen UG (haftungsbeschränkt),Kühn & Hansen,DE49 6905 5909 3384 9496 72
1962,Schreiber Systemhaus OHG,Fa. Schreiber Systemhaus,DE37 6316 0879 4371 4094 02
1963,Böhm & Vogt GmbH,Bohm & Vogt|Böhm & Vogt Ges.m.b.H.|Bohm & Vogt GmbH,DE66 6270 7101 0543 5641 55
1964,Schmitt Solartechnik KG,Schmitt Solartechnik,DE31750456039791885451|DE50 4315 4075 6023 3818 96
1965,Wolf GmbH & Co. KG,Wolf GmbH u. Co. KG,DE56149071728430247478|DE80702860686720072374
1966,Schulze Verlag GbR,Fa. Schulze Verlag,DE54252115701506271924|DE91 9670 7607 2852 2859 08
1967,Seidel Möbel GbR,Seidel Mobel,DE75 9670 7044 3443 1649 34
1968,Lehmann Sanitär GmbH & Co. KG,Fa. Lehmann Sanitär,DE13 1051 9321 6760 9412 39|DE61419523535004382431
1969,Groß Tiefbau GmbH & Co. KG,Fa. Groß Tiefbau,DE71 1122 7804 5676 8218 39|DE93 2462 9692 3935 5970 68
1970,Metallbau Cuxhaven UG (haftungsbeschränkt),Metallbau Cuxhaven UG (haftungsbeschrankt),DE51547800349900813933|DE87588661648142712494
1971,Hartmann GmbH & Co. KG,Hartmann GmbH u. Co. KG,DE78 5382 1468 3058 7883 99|DE52 7720 6667 1384 2644 47
1972,Medizintechnik Lüneburg AG,Medizintechnik Lüneburg Aktiengesellschaft,DE41 6688 5499 2395 9626 69|DE72 9538 0433 4929 2425 04|DE81 2651 1513 7213 8879 59
1973,Schwarz Möbel GbR,Schwarz Mobel GbR,DE94 1296 5681 3500 2577 59
1974,Fischer Solartechnik GmbH & Co. KG,Fischer Solartechnik,DE30697555408602303554
1975,Medizintechnik Stade UG (haftungsbeschränkt),Fa. Medizintechnik Stade,DE48465704260522034442|DE58 1887 2658 7418 3043 16
1976,Weber Immobilien OHG,Fa. Weber Immobilien,DE22917311565304863801|DE29 6020 4032 2465 1502 03
1977,Kältetechnik Schwerin KG,Fa. Kältetechnik Schwerin|Kaltetechnik Schwerin,DE66498208513357900122|DE31 1850 4488 5725 8062 87
1978,Fleischerei Flensburg AG,Fleischerei Flensburg,DE74894673079563551215|DE40555675812076643082
1979,Wagner Windkraft GmbH & Co. KG,Wagner Windkraft,DE90 2487 7844 1383 0896 56|DE20732619911937678414|DE36 5801 1528 9007 5224 86
1980,Hafenservice Bremen e.K.,Hafenservice Bremen|Fa. Hafenservice Bremen,DE74 8742 5783 3489 8110 90|DE22 7232 7353 6854 0085 94
1981,Walter & Voigt AG,Fa. Walter & Voigt|Walter & Voigt,DE64894087702810582749
1982,Arnold AG,Arnold|Arnold Aktiengesellschaft,DE59398467916377314342
1983,Logistik Rostock GbR,Logistik Rostock,DE32 5242 2991 7978 2504 76|DE72870433921666725084|DE53300891206822362024
1984,Kuhn & Kuhn e.K.,Fa. Kuhn & Kuhn|Kuhn & Kuhn,DE13523017228546254342|DE95957429657530354765
1985,Weber KG,,DE31146424543603943836
1986,Schwarz Bäckerei KG,Schwarz Backerei,DE56172454384198983332|DE43 2745 3888 2333 9379 32
1987,Sauer & Bauer GmbH & Co. KG,Sauer & Bauer|Sauer & Bauer GmbH u. Co. KG,DE49 6471 7884 3216 0762 16
1988,Hartmann e.K.,,DE24 7129 9085 2253 2411 17
1989,Kraus Fleischerei GmbH & Co. KG,,DE66989597361283263152
1990,Maschinenbau Flensburg OHG,Fa. Maschinenbau Flensburg|Maschinenbau Flensburg,DE72315087106185208387|DE81752531048658388938|DE88184194318490514152
1991,Roth Schifffahrt KG,Roth Schifffahrt|Fa. Roth Schifffahrt,DE23 2243 6663 2622 0535 89
1992,Martin Handel KG,Martin Handel,DE78 6652 7920 6023 1949 76
1993,Wolf GbR,,DE79870165924688778797
1994,Richter Windkraft OHG,,DE87745418165696151876|DE10 8533 4502 5921 6624 49|DE97 3875 4725 4841 0271 45
1995,Hansen Holzbau KG,Hansen Holzbau|Fa. Hansen Holzbau,DE26966115729952128319|DE66 1688 0036 7803 3947 33
1996,Möller Kältetechnik AG,Möller Kältetechnik Aktiengesellschaft|Moller Kaltetechnik,DE77742357356914024775|DE29384782141459697337
1997,Kuhn Solartechnik OHG,Fa. Kuhn Solartechnik,DE81 3655 6023 3935 9866 73
1998,Immobilien Lübeck GbR,Immobilien Lubeck,DE94295492614269974682|DE78644598110664654979
1999,Bäckerei Cuxhaven GbR,Fa. Bäckerei Cuxhaven|Backerei Cuxhaven|Bäckerei Cuxhaven,DE44 6788 4591 8261 1180 57
2000,Möhring & Berger OHG,Fa. Möhring & Berger|Möhring & Berger|Mohring & Berger,DE87113869232656542015
2001,Voigt & Ziegler OHG,Voigt & Ziegler,DE13 7828 1574 0338 4636 58
2002,Thießen Windkraft e.K.,Fa. Thießen Windkraft,DE16798298811913386154|DE64995603630600831619|DE98 2209 8652 4987 3427 33
2003,Hahn Bau AG,Hahn Bau Aktiengesellschaft|Hahn Bau,DE93 7708 3539 8121 0565 19|DE51350860608632002873
2004,Thomas Technik GmbH,Fa. Thomas Technik|Thomas Technik,DE43 1316 8013 5429 6756 92|DE94333223389824845627
2005,Simon AG,,DE37392431974392005701|DE89327289672858673533
2006,Metallbau Emden KG,,DE38 4478 3183 2591 8170 86
2007,Becker Möbel GmbH & Co. KG,Fa. Becker Möbel|Becker Mobel|Becker Mobel GmbH & Co. KG,DE37890313388872021697
2008,Schwarz Catering UG (haftungsbeschränkt),Fa. Schwarz Catering|Schwarz Catering,DE18 4364 8166 0399 3530 30|DE44318547197637367377
2009,Spedition Cuxhaven e.K.,,DE97297291653136172034|DE57 4921 9908 8502 7587 99
2010,Fischer Windkraft GmbH,Fischer Windkraft Ges.m.b.H.|Fa. Fischer Windkraft,DE73175497883100479090
2011,Martin & Meyer GmbH,Martin & Meyer,DE56 5368 6061 6600 0891 92|DE81 3265 4840 5641 1353 98|DE89 1947 5249 8087 7100 34
2012,Baumann & Krause KG,Baumann & Krause,DE18 9665 3420 4253 5942 26
2013,Kühn & Kuhn KG,Kuhn & Kuhn KG,DE80 7975 5964 7017 3475 30
2014,Albrecht Dachdeckerei AG,Fa. Albrecht Dachdeckerei,DE88977791572029409876
2015,Kaiser Fahrzeugtechnik OHG,Fa. Kaiser Fahrzeugtechnik,DE78 2521 2125 1948 3943 69|DE25 2735 2934 5006 0060 84|DE45 6077 3466 2146 3973 22
2016,Kraus Systemhaus KG,Kraus Systemhaus,DE18 5062 9667 1203 1945 36|DE82922057125536991610
2017,Schumacher GmbH,,DE53257461385954714151|DE66 3114 2976 7448 5485 54|DE27 7339 4396 5495 9699 70
2018,Graf AG,Graf|Graf Aktiengesellschaft,DE57 5267 2107 7963 8990 62|DE55 3756 9445 3756 1614 22
2019,Meyer & Möller GbR,Meyer & Moller GbR|Fa. Meyer & Möller,DE88 3521 4671 7579 0065 63|DE55986423690407600715
2020,Winkler Gartenbau UG (haftungsbeschränkt),Winkler Gartenbau|Fa. Winkler Gartenbau,DE51523543337927801686|DE63 4080 9340 1740 6388 49|DE95 8184 2989 8223 8884 52
2021,Schmitz & Lüdtke GbR,Schmitz & Ludtke|Schmitz & Ludtke GbR|Fa. Schmitz & Lüdtke,DE37424941733153516189|DE82402507212414501519|DE26 8444 4527 4128 8479 52
2022,Graf Sanitär KG,Graf Sanitär|Graf Sanitar KG,DE55 4093 8885 3084 9873 07|DE19655456250221260665|DE12145016009585002501
2023,Fleischerei Emden GmbH,Fleischerei Emden,DE90317035131787422732|DE20674659195377864935|DE86 7441 1263 0430 5909 37
2024,Solartechnik Bremen e.K.,,DE74919134819030751890
2025,Sommer & Schuster e.K.,Fa. Sommer & Schuster,DE14 2315 8957 4247 1918 96
2026,Winkler & Hartmann UG (haftungsbeschränkt),Fa. Winkler & Hartmann,DE60 1909 6461 8666 8497 92|DE77 4236 7699 1776 7170 87
2027,Simon GbR,,DE62618883744025142080
2028,Verlag Rostock e.K.,Verlag Rostock|Fa. Verlag Rostock,DE10 4484 6892 3240 4697 21|DE45630752805670055308
2029,Klein Gartenbau GbR,Klein Gartenbau,DE69 3532 3199 5654 2292 82|DE69809817788434496646|DE54 1256 5743 5222 4502 48
2030,Technik Wilhelmshaven GmbH & Co. KG,Fa. Technik Wilhelmshaven,DE92981670020300985326
2031,Sommer & Möller KG,Sommer & Möller|Sommer & Moller|Sommer & Moller KG,DE82558658855854059647|DE67728677689534088043|DE40 4805 8896 1029 2116 17
2032,Böhm Windkraft GmbH,Böhm Windkraft Ges.m.b.H.,DE77162870062724244634|DE77 9152 5949 4008 1861 28
2033,Scholz Werbetechnik UG (haftungsbeschränkt),Scholz Werbetechnik,DE42173665957842230735|DE89624665497163695167
2034,Werbetechnik Rostock KG,Werbetechnik Rostock|Fa. Werbetechnik Rostock,DE82202688376734325625
2035,Hofmann Bau AG,Hofmann Bau|Hofmann Bau Aktiengesellschaft,DE95540342074616229177
2036,Claußen Handel GbR,,DE96623926410132487798|DE29 5954 2317 6790 9185 94
2037,Brüggemann GmbH,Fa. Brüggemann,DE36 3684 3102 3845 6922 97
2038,Berger KG,,DE55 1369 8457 6948 1525 89|DE53 9631 9034 1379 6752 90
2039,Vogt Solartechnik KG,Vogt Solartechnik,DE22300076821314768113|DE38159524289252471083
2040,Huber Logistik GmbH & Co. KG,Fa. Huber Logistik,DE27 8720 2295 3846 0197 93
2041,Lang Gebäudereinigung GmbH & Co. KG,Lang Gebäudereinigung GmbH u. Co. KG|Lang Gebaudereinigung,DE48 8712 6627 1946 3615 81|DE61484960185928747347
2042,Böhm KG,Bohm KG|Bohm,DE13 5162 2599 1378 2994 74
2043,Carstens Gartenbau UG (haftungsbeschränkt),Carstens Gartenbau|Carstens Gartenbau UG (haftungsbeschrankt),DE78 7643 3662 5819 1901 76|DE65 4887 2235 4944 4079 20
2044,Maier Großhandel AG,Fa. Maier Großhandel,DE42 6728 2455 4446 6263 02|DE45 4084 0668 8135 5012 53|DE90639103232068048552
2045,Franke GbR,,DE21 5673 0877 3350 0647 68|DE20 8437 9867 3630 7134 83
2046,Werbetechnik Cuxhaven e.K.,,DE13143948550104526991
2047,Pfeiffer UG (haftungsbeschränkt),Pfeiffer UG (haftungsbeschrankt),DE78 7666 7304 0062 4837 37|DE98189546348499815970|DE85484942256054037381
2048,Lange Immobilien OHG,Lange Immobilien,DE77 1347 9105 0834 8390 26|DE66466519607196173122
2049,Sommer & Jung UG (haftungsbeschränkt),Fa. Sommer & Jung,DE91 8362 0392 6001 6953 33
2050,Roth Maschinenbau UG (haftungsbeschränkt),Roth Maschinenbau|Fa. Roth Maschinenbau,DE15 3700 4451 8195 2459 71|DE89 2665 6401 7770 2103 13
2051,Ludwig & Keller UG (haftungsbeschränkt),Fa. Ludwig & Keller,DE15171244888194518525|DE41 7354 5165 1394 8847 67|DE17451791197714339226
2052,Wolff Catering GbR,Wolff Catering,DE13 7588 8298 4276 9069 84|DE16 8533 7340 7896 5890 56|DE36 5742 6896 8853 8575 81
2053,Simon & Krüger UG (haftungsbeschränkt),Simon & Kruger|Simon & Kruger UG (haftungsbeschrankt),DE28881233865720196379
2054,Pfeiffer Spedition GmbH & Co. KG,Pfeiffer Spedition,DE53 1162 6875 4705 4293 70
2055,Köhler Fahrzeugtechnik GbR,Fa. Köhler Fahrzeugtechnik|Kohler Fahrzeugtechnik GbR,DE85 9614 0854 1456 4168 06|DE68 5973 4740 1410 9323 75
2056,Braun & Meyer KG,Fa. Braun & Meyer,DE91 5463 8692 4177 9958 86|DE86139735225599410062
2057,Werner & Schröder UG (haftungsbeschränkt),Werner & Schroder UG (haftungsbeschrankt),DE81 2276 6457 7104 8746 35
2058,Albrecht e.K.,Albrecht,DE97406384699810135258|DE92616227655737101438
2059,Werbetechnik Hamburg KG,Werbetechnik Hamburg|Fa. Werbetechnik Hamburg,DE18668774057766757287
2060,Großhandel Kiel GbR,Großhandel Kiel,DE23 1790 5113 1066 1260 24
2061,Schneider Systemhaus GmbH & Co. KG,Fa. Schneider Systemhaus|Schneider Systemhaus,DE56 4735 5786 1998 0566 38|DE72 9393 0553 9934 9274 46
2062,Frank & Schmidt e.K.,Frank & Schmidt,DE20966561992348334163|DE32 8741 8689 7258 7467 05|DE21 3897 4684 1144 8304 73
2063,Günther Systemhaus AG,Gunther Systemhaus,DE55837014483476912141|DE33 4635 2106 8495 6529 04
2064,Weiß & Sauer e.K.,Weiß & Sauer,DE12 8607 9425 2096 1787 11|DE39 8788 4663 2970 0820 03
2065,Systemhaus Kiel UG (haftungsbeschränkt),Fa. Systemhaus Kiel,DE30 1809 6774 5203 6556 35
2066,König Bäckerei AG,Konig Backerei,DE17686160149796372454
2067,Thomas GmbH,Thomas Ges.m.b.H.,DE83443201572815097428|DE32 4361 3620 5197 9492 67
2068,Krause Werbetechnik UG (haftungsbeschränkt),Krause Werbetechnik,DE91527511137410658392|DE83296505414862689357
2069,Stein & Lüdtke e.K.,Stein & Ludtke|Stein & Lüdtke|Fa. Stein & Lüdtke,DE18844660224277446502
2070,Becker & Kuhn KG,Becker & Kuhn|Fa. Becker & Kuhn,DE59351622919396133849|DE47545477228059091014|DE50870590079934926542
2071,Weber Druck e.K.,Weber Druck,DE12 6235 9139 4422 2396 21|DE67 4995 0872 0705 9898 22
2072,Walter Bäckerei GmbH & Co. KG,Walter Bäckerei|Fa. Walter Bäckerei,DE54 4734 7609 9067 9079 93|DE67 3661 7748 1191 9265 48|DE44218506924174126993
2073,Pohl Gartenbau GmbH & Co. KG,Pohl Gartenbau|Fa. Pohl Gartenbau,DE51982694224596358838|DE81 4934 2001 8340 2321 73
2074,Krause & Braun AG,Fa. Krause & Braun,DE31678427421032014573|DE76911432134541859415|DE11565071204076671895
2075,Walter Medizintechnik GmbH,Fa. Walter Medizintechnik|Walter Medizintechnik,DE29782421216637565759
2076,Hoffmann Dachdeckerei AG,Fa. Hoffmann Dachdeckerei|Hoffmann Dachdeckerei,DE72 4930 0875 7893 1635 87|DE78 8664 1602 3195 0704 54
2077,Krüger & Vogel KG,Kruger & Vogel|Kruger & Vogel KG,DE71 6392 6158 9293 6882 50|DE87 3856 0662 6590 1221 80
2078,Heinrich Hafenservice e.K.,Fa. Heinrich Hafenservice|Heinrich Hafenservice,DE49 5138 0976 2942 2112 14|DE11153139422888961369
2079,Petersen & Schwarz e.K.,Fa. Petersen & Schwarz|Petersen & Schwarz,DE64 1522 0147 1631 6745 27
2080,Thießen UG (haftungsbeschränkt),Fa. Thießen|Thiessen UG (haftungsbeschrankt),DE15 3925 8609 8638 3642 15
2081,Hartmann Medizintechnik GbR,Hartmann Medizintechnik,DE93 1496 7581 6240 8424 98|DE46 1306 5384 5292 1203 13|DE42 9652 0291 0447 1684 92
2082,Herrmann & Pfeiffer GmbH & Co. KG,,DE61610316668273691921
2083,Fischer Großhandel UG (haftungsbeschränkt),Fa. Fischer Großhandel|Fischer Grosshandel UG (haftungsbeschrankt),DE71711478392746954064
2084,Werner Spedition GmbH & Co. KG,Fa. Werner Spedition|Werner Spedition GmbH u. Co. KG|Werner Spedition,DE70246141806549257235|DE48 3784 6300 1712 7000 83
2085,Meier Hafenservice OHG,Meier Hafenservice,DE89238664348298573863|DE42161372217647357614|DE55550755046752984621
2086,Schmitz Holzbau KG,Schmitz Holzbau,DE44189429348976057511|DE58 3554 0648 7967 0549 16|DE22 4333 4397 2087 0399 59
2087,Wolf Windkraft UG (haftungsbeschränkt),Wolf Windkraft|Wolf Windkraft UG (haftungsbeschrankt),DE80 3913 1283 4694 4342 81|DE59471607710012084763|DE87575201397005659656
2088,Metallbau Neumünster UG (haftungsbeschränkt),Metallbau Neumunster|Metallbau Neumünster|Fa. Metallbau Neumünster,DE63 4727 2287 1497 8464 42|DE68 7005 4212 3570 8816 65
2089,Großhandel Hamburg e.K.,,DE48303897088228604590
2090,Hahn Metallbau OHG,Hahn Metallbau,DE20 7683 4845 9905 0133 63|DE41255953832480436481|DE22 4356 9886 7303 1264 59
2091,Voigt Handel e.K.,Voigt Handel,DE68838716821566814244
2092,Bäckerei Neumünster e.K.,Backerei Neumunster e.K.|Fa. Bäckerei Neumünster|Bäckerei Neumünster,DE21 9390 6748 9648 6361 72|DE73 4736 8328 8564 2829 72
2093,Hansen & Schumacher GbR,,DE71 7063 1313 0066 1327 45
2094,Rehder GmbH,,DE12222517898889405010|DE90 1147 5063 6808 7973 17
2095,Jung Spedition e.K.,Jung Spedition|Fa. Jung Spedition,DE91156531664934909802|DE56779745635266661572
2096,Schröder Dachdeckerei UG (haftungsbeschränkt),Schröder Dachdeckerei|Schroder Dachdeckerei UG (haftungsbeschrankt)|Fa. Schröder Dachdeckerei,DE35157688059045161885|DE17415082818723390281
2097,Albrecht Technik GmbH & Co. KG,Albrecht Technik GmbH u. Co. KG,DE38574280630757338295
2098,Elektro Emden UG (haftungsbeschränkt),Elektro Emden UG (haftungsbeschrankt)|Fa. Elektro Emden,DE93396823573398465889
2099,Schulte & Berger AG,Fa. Schulte & Berger|Schulte & Berger Aktiengesellschaft,DE91561698476567412980
2100,Martin & Lorenz OHG,Fa. Martin & Lorenz,DE47467462859480817995|DE14834176214361673707
2101,Brüggemann & Roth GbR,Bruggemann & Roth|Fa. Brüggemann & Roth|Bruggemann & Roth GbR,DE98442977496547332807|DE98 1444 9034 0117 7848 23|DE77 1647 9470 5116 5000 22
2102,Walter & Schulz OHG,Walter & Schulz,DE22 7938 2064 3597 8331 39|DE83 7760 3563 7033 3741 84
2103,Franke UG (haftungsbeschränkt),Franke UG (haftungsbeschrankt),DE53 7824 8505 8440 0507 16|DE39775500474879994698|DE40 4205 0761 7118 5808 56
2104,Hofmann & Schmidt KG,Hofmann & Schmidt,DE83 3620 8524 8572 6474 85|DE65 6150 0530 5984 7327 70
2105,Holzbau Lüneburg AG,Fa. Holzbau Lüneburg|Holzbau Luneburg AG,DE94 6030 5011 6276 6956 80
2106,Schulze AG,Schulze Aktiengesellschaft,DE23 8162 0357 3647 3832 26|DE23979685147284486182
2107,Wolff & Kuhn GmbH,Wolff & Kuhn Ges.m.b.H.,DE81 5336 2434 8624 3529 15
2108,Großhandel Kiel KG,,DE76 7459 1253 5152 4759 24
2109,Petersen Fahrzeugtechnik GmbH & Co. KG,Petersen Fahrzeugtechnik GmbH u. Co. KG|Petersen Fahrzeugtechnik|Fa. Petersen Fahrzeugtechnik,DE97284061912833494746|DE39 1797 8256 2441 8108 41|DE35348909223684103512
2110,Schmid & Schmidt GmbH & Co. KG,,DE90 2928 7432 5025 3152 50|DE85167262818266513795
2111,Carstens Verlag OHG,Carstens Verlag|Fa. Carstens Verlag,DE55511348101179739400|DE84119915441300606380|DE72 8481 5802 2668 1671 26
2112,Becker Dachdeckerei OHG,Becker Dachdeckerei|Fa. Becker Dachdeckerei,DE60196845991456285743|DE14712379789820458888
2113,Maschinenbau Bremen UG (haftungsbeschränkt),Maschinenbau Bremen,DE13 8541 1896 6478 5243 00|DE67 9507 5709 8678 3410 99|DE59225235798283662788
2114,Kuhn Gartenbau AG,Kuhn Gartenbau|Fa. Kuhn Gartenbau,DE15998076002615651688
2115,Koch Werbetechnik GmbH,Koch Werbetechnik,DE79 7031 6159 8637 2666 55
2116,Hofmann Gebäudereinigung GmbH,Hofmann Gebäudereinigung Ges.m.b.H.|Hofmann Gebäudereinigung,DE20546161106471243986|DE77572871075797493575
2117,Meyer Möbel GmbH & Co. KG,Meyer Mobel|Fa. Meyer Möbel,DE52 9467 2232 0792 6009 66
2118,Windkraft Stade e.K.,Windkraft Stade|Fa. Windkraft Stade,DE58 3748 7563 1025 0445 05|DE72478512927270638596
2119,Schmid & Lorenz GmbH,Fa. Schmid & Lorenz|Schmid & Lorenz|Schmid & Lorenz Ges.m.b.H.,DE55 3524 9668 5411 1830 00|DE76718646172729030207|DE52 2751 2361 4040 6263 87
2120,Kraus Holzbau OHG,,DE60 2052 9268 7053 8970 03
2121,Friedrich Holzbau OHG,Friedrich Holzbau,DE49 4355 4588 7533 4990 71
2122,Sanitär Bremen UG (haftungsbeschränkt),Fa. Sanitär Bremen|Sanitar Bremen|Sanitär Bremen,DE31587865595487599236
2123,Huber & Schwarz GmbH & Co. KG,Huber & Schwarz|Fa. Huber & Schwarz,DE50 7864 2817 3973 5062 26
2124,Braun Kältetechnik AG,Braun Kältetechnik,DE93 2405 1993 8821 8246 05|DE53 7670 2829 7649 7513 75
2125,Friedrich Technik KG,Fa. Friedrich Technik,DE83 2519 2427 1292 6332 25|DE36874722739593715372|DE92130276953034861927
2126,Graf Kältetechnik GmbH & Co. KG,Graf Kältetechnik GmbH u. Co. KG,DE81 1280 8075 4654 4763 86|DE64 6827 8057 6980 2911 04
2127,Roth Textil UG (haftungsbeschränkt),Fa. Roth Textil|Roth Textil UG (haftungsbeschrankt)|Roth Textil,DE46831564446257838841|DE75 7035 5158 4222 5461 52
2128,Schulze & Franke AG,Fa. Schulze & Franke|Schulze & Franke,DE50 6923 7591 1319 1377 03|DE91 6528 5244 4436 3673 65|DE61 7659 9350 1093 1940 51
2129,Jäger UG (haftungsbeschränkt),Jager UG (haftungsbeschrankt),DE78 4666 0432 7589 8595 08|DE71 5167 1122 0129 1626 57|DE77 3901 3713 7587 0719 60
2130,Solartechnik Kiel OHG,Fa. Solartechnik Kiel,DE41777642837903757368|DE48489306857891160798|DE35 2774 0127 4431 2330 19
2131,Koch Systemhaus UG (haftungsbeschränkt),Koch Systemhaus UG (haftungsbeschrankt)|Koch Systemhaus,DE20482891439268695244|DE40 7482 2057 6046 2118 42
2132,Fleischerei Kiel GmbH,Fa. Fleischerei Kiel|Fleischerei Kiel|Fleischerei Kiel Ges.m.b.H.,DE65 7572 2179 2954 4524 21
2133,Franke & Schreiber OHG,Fa. Franke & Schreiber|Franke & Schreiber,DE41 6685 7871 8650 5426 20
2134,Kuhn Metallbau GbR,Kuhn Metallbau|Fa. Kuhn Metallbau,DE52943690710071077923|DE61 5108 5669 0844 0078 78
2135,Keller GbR,Keller,DE83826789285402063791|DE22924322735688143612|DE28 4263 6541 2384 3802 95
2136,Werbetechnik Stade GmbH,,DE85763422461587063423
2137,Kältetechnik Hamburg OHG,Kaltetechnik Hamburg OHG,DE95 9227 1794 9708 2368 00|DE79 6435 1207 4912 8233 45
2138,Hartmann Maschinenbau GmbH,Fa. Hartmann Maschinenbau|Hartmann Maschinenbau,DE94 3486 5258 2678 1325 27
2139,Weiß Gebäudereinigung GmbH,Weiß Gebäudereinigung,DE19386497499083482567|DE21 2054 3958 6049 8764 89
2140,Druck Lübeck OHG,Druck Lubeck OHG|Druck Lubeck|Druck Lübeck,DE36 4233 3788 8550 0606 38|DE11 2041 9784 1973 7798 17
2141,Schäfer Windkraft GbR,Schafer Windkraft GbR,DE94673518598640710286
2142,Horn Elektro KG,Horn Elektro,DE17720021579014885174|DE11457445623355611533
2143,Krause Medizintechnik GmbH,Fa. Krause Medizintechnik,DE95 9301 4727 3779 1157 75
2144,Schmidt GmbH & Co. KG,Schmidt,DE53 8508 8630 9072 5195 37
2145,Schulz Kältetechnik e.K.,Schulz Kaltetechnik e.K.,DE58198914196602023599|DE60390410226240573330|DE72154406666601599487
2146,Walter UG (haftungsbeschränkt),,DE84341818342636849242
2147,Schwarz Werbetechnik KG,Schwarz Werbetechnik,DE16874662302207954241
2148,Schmitt Systemhaus UG (haftungsbeschränkt),Schmitt Systemhaus,DE56608725920941850203
2149,Krüger Druck GbR,Fa. Krüger Druck|Kruger Druck GbR,DE34831231762235258533
2150,Schumacher Windkraft KG,Schumacher Windkraft|Fa. Schumacher Windkraft,DE14418919142815564223|DE36621003051572356522
2151,Hafenservice Lüneburg GmbH & Co. KG,Hafenservice Luneburg|Hafenservice Lüneburg,DE22206682434564204876
2152,Pohl Spedition AG,Fa. Pohl Spedition,DE53 8733 9316 7550 7879 26
2153,Franke Spedition GmbH & Co. KG,Franke Spedition|Franke Spedition GmbH u. Co. KG,DE31 9347 5970 5940 5572 56
2154,Jäger Möbel UG (haftungsbeschränkt),Fa. Jäger Möbel|Jäger Möbel|Jager Mobel UG (haftungsbeschrankt),DE46 5613 5755 6339 8244 80
2155,Franke Bau GmbH,Franke Bau,DE70387636587300714700|DE76970629494784886615|DE18 1431 9230 2748 1286 28
2156,Handel Rostock GmbH & Co. KG,Handel Rostock GmbH u. Co. KG,DE75 5572 2163 1057 9567 01|DE57297604333001386208|DE46581747631834133263
2157,Meier GmbH & Co. KG,Meier,DE16 3429 9263 5214 5252 95|DE66905800015670183937
2158,Rehder OHG,Rehder,DE45 7627 0080 3391 4719 15
2159,Frank Elektro GbR,,DE89549845835514329994
2160,Wagner & Bauer GbR,Wagner & Bauer,DE67166058157160146939
2161,Braun & Fischer GbR,Braun & Fischer,DE98578115270060535930|DE64137701876481349094
2162,Wolff Immobilien GbR,Wolff Immobilien,DE25717867481972410541|DE32 6742 0646 3851 5504 95
2163,Seidel Maschinenbau AG,Seidel Maschinenbau|Seidel Maschinenbau Aktiengesellschaft,DE14840476052237598316
2164,Brüggemann Kältetechnik OHG,Bruggemann Kaltetechnik OHG,DE11952472610792369839|DE65 3071 6285 0449 2859 57
2165,Winter Elektro GmbH,Winter Elektro Ges.m.b.H.,DE34 4902 8294 0540 3163 46
2166,Gartenbau Lüneburg KG,Gartenbau Lüneburg|Gartenbau Luneburg KG,DE38 1695 2661 2287 3625 98|DE14 9230 3352 0207 9790 65
2167,Solartechnik Lüneburg GmbH & Co. KG,Solartechnik Luneburg|Solartechnik Luneburg GmbH & Co. KG,DE15583501345929656313
2168,Kraus OHG,Fa. Kraus,DE64 8108 1891 9431 6013 04
2169,Friedrich Großhandel GmbH,Friedrich Grosshandel|Friedrich Großhandel Ges.m.b.H.,DE67 3533 4679 0444 1610 04
2170,Bergmann Metallbau e.K.,Bergmann Metallbau|Fa. Bergmann Metallbau,DE52281934877759846346|DE34229384802267652253
2171,Schifffahrt Flensburg KG,Schifffahrt Flensburg,DE36 3020 3512 5489 6803 54
2172,Lüdtke Hafenservice OHG,Lüdtke Hafenservice|Fa. Lüdtke Hafenservice,DE91 5771 3498 1266 4367 54
2173,Ludwig OHG,Ludwig,DE27761618481789224051
2174,Textil Flensburg e.K.,Textil Flensburg,DE81 5338 9571 6079 6995 68
2175,Böhm AG,Böhm Aktiengesellschaft,DE53 1636 1517 8822 6795 23|DE22566864156728252310
2176,Klein & Frank AG,Klein & Frank,DE70 8718 8512 2673 6893 85|DE15 8385 8114 5102 5603 54
2177,Jansen & Klein AG,Jansen & Klein Aktiengesellschaft|Jansen & Klein,DE85298611398121348438|DE95132336192548104787|DE37 2324 1541 3782 1789 06
2178,Schulz Maschinenbau GbR,Fa. Schulz Maschinenbau,DE95831988413202156278|DE47 4297 6032 0499 4470 58|DE26605262350435634988
2179,Dachdeckerei Lübeck AG,Dachdeckerei Lübeck Aktiengesellschaft|Dachdeckerei Lübeck|Fa. Dachdeckerei Lübeck,DE95300878818995475772
2180,Klein & Simon GmbH,,DE19752884333998764286|DE30 1500 3270 5137 4780 05
2181,Böhm Druck GbR,Böhm Druck|Bohm Druck GbR|Fa. Böhm Druck,DE42563790326930735009|DE40 9678 7015 3570 8073 66|DE58101124900994378156
2182,Medizintechnik Rostock UG (haftungsbeschränkt),Medizintechnik Rostock UG (haftungsbeschrankt)|Medizintechnik Rostock,DE56 6347 7425 9804 4123 60
2183,Graf Gebäudereinigung GbR,Graf Gebaudereinigung GbR|Graf Gebaudereinigung,DE64 9156 6243 1121 8130 67
2184,Klein GbR,,DE74 2914 0824 6702 8233 43|DE85389561967755836305
2185,Tiefbau Lüneburg KG,Tiefbau Luneburg|Fa. Tiefbau Lüneburg,DE62433109714558189675|DE65268029246466982386
2186,Carstens Fahrzeugtechnik GmbH & Co. KG,Carstens Fahrzeugtechnik,DE15 6899 0572 2153 0787 57
2187,Schreiber Schifffahrt e.K.,Fa. Schreiber Schifffahrt,DE21 2861 5391 8519 5138 29
2188,Zimmermann Hafenservice GmbH,Zimmermann Hafenservice,DE41514565306825894210
2189,Schmid & Fischer UG (haftungsbeschränkt),Schmid & Fischer UG (haftungsbeschrankt)|Schmid & Fischer,DE14 2765 1751 9074 9421 66|DE58161022539013110546|DE19 5214 7544 3756 1139 53
2190,Lange Gebäudereinigung e.K.,Fa. Lange Gebäudereinigung|Lange Gebäudereinigung|Lange Gebaudereinigung e.K.,DE17421406797045417578
2191,Jäger & Berger e.K.,Jager & Berger,DE55832600579162072581
2192,Schulze & Sommer AG,Schulze & Sommer,DE21112412511251801302
2193,Bergmann Gartenbau e.K.,Bergmann Gartenbau|Fa. Bergmann Gartenbau,DE32676234698193021733|DE83753769576472292863
2194,Ziegler Systemhaus GmbH,Ziegler Systemhaus|Fa. Ziegler Systemhaus,DE73462691253107046318
2195,Keller OHG,,DE55 4252 1133 1707 1559 52
2196,Albrecht Spedition GmbH & Co. KG,Fa. Albrecht Spedition|Albrecht Spedition,DE30137863430248588508|DE32248636823031116252|DE87 7854 7828 5713 2286 84
2197,Vogt Technik GmbH,Fa. Vogt Technik|Vogt Technik|Vogt Technik Ges.m.b.H.,DE27798757604126951882
2198,Werner Sanitär GmbH,Fa. Werner Sanitär|Werner Sanitär Ges.m.b.H.|Werner Sanitar GmbH,DE72 7269 9231 1066 4382 55|DE89466838337715046638
2199,Schmidt Druck KG,Schmidt Druck|Fa. Schmidt Druck,DE62585668860198383926
2200,Dietrich & Rehder AG,Dietrich & Rehder|Dietrich & Rehder Aktiengesellschaft,DE57436650399808160538|DE63 8084 5652 2504 9504 16|DE29212231789137208422
2201,Günther GmbH & Co. KG,Gunther|Fa. Günther,DE56627731173398831089|DE92180288486830245542|DE55 4556 2558 0273 2431 04
2202,Koch & Schubert GmbH,Koch & Schubert,DE74 3490 9000 0152 0460 06|DE43 8085 0612 5807 5668 56|DE57764330424714861319
2203,Kaiser Möbel GmbH,Fa. Kaiser Möbel|Kaiser Mobel GmbH,DE72559684530443711399|DE67 1577 5164 4836 8450 99
2204,Jansen & Rehder UG (haftungsbeschränkt),Jansen & Rehder|Jansen & Rehder UG (haftungsbeschrankt)|Fa. Jansen & Rehder,DE81 3820 2708 6040 6453 67|DE38 7883 0614 2072 6382 38|DE32437152778187615680
2205,Ziegler Catering OHG,Ziegler Catering,DE58 4016 5580 5716 2236 98|DE71603299790228659857|DE34 1256 4643 7566 1726 62
2206,Jäger Catering AG,Jäger Catering Aktiengesellschaft|Jager Catering AG|Fa. Jäger Catering,DE14 8799 7247 8987 2649 77|DE14516472325040815106
2207,Windkraft Lübeck KG,Fa. Windkraft Lübeck,DE26851473204362838826|DE49 2884 4443 2210 6656 96
2208,Brüggemann & Walter GbR,Bruggemann & Walter,DE32700537887227927841|DE37 3939 9959 0395 1633 59
2209,Medizintechnik Flensburg GmbH & Co. KG,Fa. Medizintechnik Flensburg,DE12463098739967725795|DE16716662530840918127|DE77498767695008503444
2210,Pfeiffer & Albrecht GbR,Pfeiffer & Albrecht|Fa. Pfeiffer & Albrecht,DE39 9945 1234 2589 4189 37
2211,Stein KG,,DE66 9836 4608 7848 9269 44|DE54 6353 6522 5251 0997 74
2212,Heinrich Logistik GmbH,Fa. Heinrich Logistik|Heinrich Logistik,DE77311921859689014243
2213,Huber UG (haftungsbeschränkt),Huber UG (haftungsbeschrankt),DE55 2626 9649 2505 0577 08
2214,Thomas & Winkler GmbH,,DE70 9251 5546 2921 0363 07
2215,Tiefbau Schwerin AG,Tiefbau Schwerin|Fa. Tiefbau Schwerin,DE76271224089638147660|DE46588745480737942068
2216,Holzbau Wilhelmshaven e.K.,Fa. Holzbau Wilhelmshaven,DE85307695107071717895|DE65 4233 9527 7860 1138 86
2217,Druck Kiel AG,Druck Kiel Aktiengesellschaft,DE42225478447473081672|DE97 8466 6494 0249 9466 25
2218,Maschinenbau Cuxhaven UG (haftungsbeschränkt),Maschinenbau Cuxhaven UG (haftungsbeschrankt),DE23449020199431717049|DE91660409611531036203
2219,Möhring Tiefbau KG,Mohring Tiefbau KG,DE23 8629 8713 2179 0912 28
2220,Schmidt Elektro e.K.,Schmidt Elektro,DE42 6008 6947 4553 3216 51
2221,Frank GmbH & Co. KG,Fa. Frank,DE24 6991 9899 1423 4179 93
2222,Schmitt Textil GmbH & Co. KG,Schmitt Textil GmbH u. Co. KG,DE24 4666 1268 2673 1355 06|DE58337245919388924031
2223,Rehder Windkraft AG,Rehder Windkraft Aktiengesellschaft|Rehder Windkraft,DE83516689255762253426
2224,Wolff Fleischerei UG (haftungsbeschränkt),Fa. Wolff Fleischerei|Wolff Fleischerei,DE22678169554795676724|DE92 1246 4104 6840 8970 39
2225,Meyer Dachdeckerei GbR,Meyer Dachdeckerei,DE66 1041 1067 9177 5476 77|DE72608993032819364463|DE14177344238501698343
2226,Lang Druck KG,Fa. Lang Druck|Lang Druck,DE64547964642283437781
2227,Sauer & Mayer GbR,Fa. Sauer & Mayer,DE46901735944115019749|DE57767912066198164431|DE45495048546717702669
2228,Lüdtke Spedition AG,Lüdtke Spedition Aktiengesellschaft|Ludtke Spedition|Lüdtke Spedition,DE45 6083 8300 0606 9420 62|DE68747604686345847367
2229,Jung AG,Jung Aktiengesellschaft,DE41440820280047879638
2230,Sanitär Schwerin UG (haftungsbeschränkt),Sanitär Schwerin,DE89852862965354145959
2231,Schumacher Spedition AG,Fa. Schumacher Spedition|Schumacher Spedition,DE70931146792031017583|DE15 8915 5919 6646 4665 77|DE20 1061 9959 1549 6608 90
2232,Schulte & Hofmann UG (haftungsbeschränkt),Schulte & Hofmann UG (haftungsbeschrankt),DE63 4303 9604 5537 8241 50|DE58 1476 8787 9363 3187 70
2233,Weber Fleischerei e.K.,Weber Fleischerei,DE45816961031637416532
2234,Schumacher Textil e.K.,Fa. Schumacher Textil|Schumacher Textil,DE60552074425418529771
2235,Meier OHG,Fa. Meier,DE40823739605943380773|DE23191171182655666161|DE20844366945448217168
2236,Vogt Dachdeckerei GmbH,Vogt Dachdeckerei Ges.m.b.H.|Fa. Vogt Dachdeckerei|Vogt Dachdeckerei,DE61 4426 3471 8361 7376 60|DE96639325688060887829|DE62 5241 4392 3735 4585 04
2237,Lehmann Holzbau GbR,Fa. Lehmann Holzbau|Lehmann Holzbau,DE56 8740 9411 5305 8697 47
2238,Bergmann GmbH,,DE75 8866 7615 3093 1830 19
2239,Gartenbau Lüneburg UG (haftungsbeschränkt),Gartenbau Luneburg UG (haftungsbeschrankt),DE17 2540 9061 4369 4269 72|DE19659908014676764653
2240,Kaiser & König UG (haftungsbeschränkt),Kaiser & Konig UG (haftungsbeschrankt)|Fa. Kaiser & König,DE43777485718911272890
2241,Schwarz & Lange OHG,Fa. Schwarz & Lange,DE96304672998175728937|DE72770728018325417597
2242,Sauer Medizintechnik GmbH & Co. KG,Sauer Medizintechnik|Sauer Medizintechnik GmbH u. Co. KG,DE87838794206872960213
2243,Lorenz & Schwarz GbR,Lorenz & Schwarz,DE65288041407821166269|DE64 5808 8799 2300 8124 26
2244,Jansen Windkraft GbR,Jansen Windkraft|Fa. Jansen Windkraft,DE23 7089 3176 0313 7660 08|DE23 5369 7298 7033 5005 61
2245,Huber & Ludwig GmbH & Co. KG,Huber & Ludwig,DE96 4804 0029 2400 9374 49|DE44 4549 1605 4087 3697 54|DE67 5809 7532 5624 7511 60
2246,Huber Immobilien OHG,Huber Immobilien,DE32620653045943430922|DE45 1920 3694 7659 5463 52
2247,Kaiser Druck KG,Fa. Kaiser Druck,DE61 7718 8387 5404 0287 19
2248,Brüggemann & Meier OHG,Bruggemann & Meier,DE13 6378 6493 7926 4902 18|DE74628413990173057426
2249,Neumann Fleischerei UG (haftungsbeschränkt),Neumann Fleischerei UG (haftungsbeschrankt)|Fa. Neumann Fleischerei|Neumann Fleischerei,DE70 8643 1019 1648 8627 50|DE93 8647 3527 8920 7275 76|DE77 5557 3663 5240 1206 37
2250,Medizintechnik Hamburg GmbH & Co. KG,Medizintechnik Hamburg|Fa. Medizintechnik Hamburg|Medizintechnik Hamburg GmbH u. Co. KG,DE92913401788223141934|DE61732241817411815850|DE39962517053548204851
2251,Maier Sanitär KG,Maier Sanitar|Fa. Maier Sanitär,DE93850401602072183774
2252,Heinrich e.K.,Heinrich,DE93988795574141651884|DE51 8222 3430 1574 0341 04
2253,Otto Holzbau GbR,Otto Holzbau|Fa. Otto Holzbau,DE29 7869 7802 8886 6566 73|DE96300499150903951581
2254,Möbel Cuxhaven KG,Fa. Möbel Cuxhaven|Möbel Cuxhaven|Mobel Cuxhaven KG,DE32282217327687087597
2255,Lorenz & Zimmermann GbR,Lorenz & Zimmermann,DE44 2247 7650 2080 1426 54
2256,Hahn & Weiß GbR,Hahn & Weiss,DE67 3230 3335 0262 8733 15
2257,Meyer e.K.,Meyer|Fa. Meyer,DE96 6328 6882 2049 5114 28
2258,Verlag Lübeck e.K.,Fa. Verlag Lübeck|Verlag Lubeck e.K.|Verlag Lubeck,DE94 2128 8384 4569 4757 16
2259,Brandt Gebäudereinigung UG (haftungsbeschränkt),Fa. Brandt Gebäudereinigung,DE41338828593815333614|DE93 8985 7184 3482 9304 77
2260,Bergmann Schifffahrt KG,Bergmann Schifffahrt,DE52 2026 2160 2713 4301 69|DE91456259947038748993
2261,Müller Gartenbau e.K.,Fa. Müller Gartenbau,DE36 5204 9063 4306 1961 95|DE96 7147 7502 0048 5544 79|DE32 5352 8568 4770 4251 67
2262,Franke e.K.,,DE50 6956 8979 1377 6339 22
2263,Berger Spedition AG,Berger Spedition|Berger Spedition Aktiengesellschaft,DE98 5650 0890 3377 5025 40
2264,Berger Tiefbau OHG,,DE26319492847802731976
2265,Baumann KG,,DE85 8205 8031 2887 8550 63
2266,Richter & Frank UG (haftungsbeschränkt),Richter & Frank UG (haftungsbeschrankt)|Richter & Frank,DE60 5795 3558 4095 2411 98|DE48305562423223017851|DE87 6007 4148 2876 4791 25
2267,Frank Verlag GbR,Frank Verlag|Fa. Frank Verlag,DE96820537439524584930|DE28280928855749136491
2268,Carstens Spedition OHG,Fa. Carstens Spedition,DE68745218270504240728
2269,Klein Sanitär GmbH,Klein Sanitar|Klein Sanitär Ges.m.b.H.,DE50519616549453902669
2270,Werbetechnik Lüneburg UG (haftungsbeschränkt),Werbetechnik Luneburg UG (haftungsbeschrankt)|Werbetechnik Lüneburg|Fa. Werbetechnik Lüneburg,DE96 8306 8572 1899 8494 19
2271,Becker & Fuchs KG,Fa. Becker & Fuchs|Becker & Fuchs,DE68 9228 2274 6270 3858 67|DE27532076965985120777
2272,Müller & Schuster e.K.,Fa. Müller & Schuster|Muller & Schuster|Müller & Schuster,DE23966615508712086555|DE95 9872 4595 9055 0060 11
2273,Hofmann Holzbau e.K.,Fa. Hofmann Holzbau|Hofmann Holzbau,DE42310215601210213931|DE41248850180444933589
2274,Jäger Bau e.K.,Jager Bau|Jager Bau e.K.|Fa. Jäger Bau,DE75 2026 0682 3577 2880 61|DE95 6760 0245 1330 9920 19
2275,Schulze & Brüggemann GmbH & Co. KG,Schulze & Bruggemann|Schulze & Bruggemann GmbH & Co. KG,DE34 3312 1571 2693 7942 11
2276,Bäckerei Flensburg OHG,Fa. Bäckerei Flensburg,DE25739909908352100044|DE95 8544 5928 0715 8748 42
2277,Medizintechnik Lüneburg OHG,Medizintechnik Luneburg|Medizintechnik Luneburg OHG,DE78 1423 3028 7421 7769 04
2278,Spedition Neumünster OHG,Fa. Spedition Neumünster|Spedition Neumunster|Spedition Neumünster,DE43457777161663326927
2279,Haas Logistik OHG,Haas Logistik,DE27 1518 5774 3159 9788 04|DE35 8155 5882 6239 9724 08
2280,Vogt GmbH,,DE98 1161 1995 8113 7572 93|DE86261978927196313627
2281,Heinrich Werbetechnik e.K.,,DE73 8691 3878 6662 8279 94|DE80360528830527244093
2282,Thomas & Berger GmbH,Fa. Thomas & Berger|Thomas & Berger|Thomas & Berger Ges.m.b.H.,DE85 5030 0058 7563 5006 31|DE68572585677181760475
2283,Schmitt e.K.,Schmitt,DE42556670787631373114|DE29457595666909978004|DE39269935194664683584
2284,Kuhn Tiefbau GmbH & Co. KG,Fa. Kuhn Tiefbau|Kuhn Tiefbau,DE82804090949646883243|DE75828498162309386838
2285,Schneider & Bauer GmbH,Schneider & Bauer,DE46138100331925720808|DE61441842883763908452
2286,Schubert GbR,,DE68192951270761597470
2287,Schulze Schifffahrt KG,Fa. Schulze Schifffahrt|Schulze Schifffahrt,DE96 6341 4052 9722 4802 73|DE45495586104937985648
2288,Günther Kältetechnik OHG,Gunther Kaltetechnik OHG,DE35 7615 9599 8662 6374 03|DE20 4659 2336 8580 3479 57|DE20699376998872027094
2289,Schäfer Maschinenbau KG,Schäfer Maschinenbau|Fa. Schäfer Maschinenbau|Schafer Maschinenbau KG,DE39655013631254805871
2290,Fleischerei Rostock e.K.,Fa. Fleischerei Rostock|Fleischerei Rostock,DE93 9153 1860 5842 1930 05|DE83490186024179213788
2291,Richter Bau UG (haftungsbeschränkt),Richter Bau,DE14 1431 4896 5461 5086 91|DE51276062041924655931|DE53880144639352176105
2292,Hafenservice Neumünster GmbH,Hafenservice Neumünster|Hafenservice Neumünster Ges.m.b.H.,DE23 7881 5976 0803 7185 10
2293,Heinrich Spedition GmbH,Fa. Heinrich Spedition,DE78 1772 2279 7423 6142 39
2294,Schifffahrt Stade e.K.,Fa. Schifffahrt Stade,DE22 4615 6234 7268 3616 44|DE29234078443397043321
2295,Krüger KG,Fa. Krüger|Kruger KG,DE76739398259729826639|DE21 1410 5973 7944 7735 68
2296,Kuhn & Bergmann GbR,,DE16110140226684886519
2297,Pfeiffer GbR,,DE26 3520 7582 5578 0938 03|DE61 3638 2993 9235 8658 14|DE95567819993670898504
2298,Herrmann & Groß UG (haftungsbeschränkt),Fa. Herrmann & Groß|Herrmann & Groß,DE97391013441758196525|DE82214829624108067629
2299,Hansen & Vogel OHG,Hansen & Vogel,DE57933070103995658810|DE42571402005089859056
2300,Fahrzeugtechnik Lüneburg AG,Fahrzeugtechnik Lüneburg Aktiengesellschaft|Fahrzeugtechnik Luneburg,DE79 5670 4614 2649 0973 73|DE11 5285 4702 1140 3423 42|DE60673118851321280359
2301,Friedrich Technik AG,Friedrich Technik|Friedrich Technik Aktiengesellschaft,DE68 9557 2940 9995 9312 22
2302,Friedrich Dachdeckerei e.K.,,DE44679618095141991147|DE15 7726 0771 2699 1372 45
2303,Carstens Verlag GbR,,DE84 5802 1182 3867 3592 39
2304,Tiefbau Neumünster e.K.,Fa. Tiefbau Neumünster|Tiefbau Neumunster,DE96153740129018418699|DE69564950783211761140|DE54816644312787577145
2305,Winkler Möbel KG,Fa. Winkler Möbel|Winkler Möbel,DE58229751192893482984|DE90635479698428677370
2306,Pohl & Albrecht OHG,Fa. Pohl & Albrecht,DE23 9262 4961 0924 1490 65|DE25 3332 2942 5979 6148 82|DE55 3013 3001 6725 9238 19
2307,Schmitz Technik UG (haftungsbeschränkt),Schmitz Technik,DE92779654481583670771
2308,Handel Hamburg GmbH & Co. KG,Handel Hamburg,DE53 7884 0629 4903 2711 73|DE20583161515018276802
2309,Metallbau Hamburg e.K.,Metallbau Hamburg,DE30117160970143594252
2310,Schmidt Elektro GmbH,Fa. Schmidt Elektro,DE28 7740 1657 5915 7017 64|DE75358456694086483880
2311,Schulz Dachdeckerei UG (haftungsbeschränkt),Fa. Schulz Dachdeckerei|Schulz Dachdeckerei,DE74 2023 8629 6097 9447 87
2312,Peters Gartenbau KG,,DE22 4509 8107 3042 8968 75
2313,Kraus Logistik GbR,,DE93 5698 3379 3168 1111 63|DE11217441244989564959|DE45 9979 9734 5649 1513 25
2314,Immobilien Neumünster KG,Immobilien Neumünster|Immobilien Neumunster KG,DE91 3067 2297 5455 5591 37|DE65 1876 1140 9942 3943 22
2315,Ziegler Bau OHG,,DE49 9674 1631 3776 8851 80|DE40 3789 5855 2848 5383 92|DE67769340769106328718
2316,Vogt & Lehmann KG,Fa. Vogt & Lehmann|Vogt & Lehmann,DE10 9910 9562 3399 7452 42
2317,Hahn Hafenservice GbR,Fa. Hahn Hafenservice|Hahn Hafenservice,DE75667594503502537065
2318,Hartmann Systemhaus KG,Hartmann Systemhaus|Fa. Hartmann Systemhaus,DE88 8503 5137 0059 9037 70
2319,Weiß Immobilien OHG,,DE48 4356 5835 1724 0693 18|DE85126686647755960984
2320,Werner Holzbau OHG,Werner Holzbau,DE21 4854 5491 0958 4325 09
2321,Klein Immobilien UG (haftungsbeschränkt),Fa. Klein Immobilien|Klein Immobilien,DE54481407958954488910
2322,Pohl Holzbau OHG,Fa. Pohl Holzbau,DE28 4242 3422 9448 1634 25
2323,Windkraft Lübeck UG (haftungsbeschränkt),Windkraft Lubeck UG (haftungsbeschrankt)|Windkraft Lübeck,DE99685111533397916127|DE86999094219097632118
2324,Vogel Fleischerei GmbH & Co. KG,Vogel Fleischerei GmbH u. Co. KG|Fa. Vogel Fleischerei,DE12917447913088542889|DE52597902290503533304|DE38651045979533667507
2325,Schwarz & Frank GbR,Schwarz & Frank,DE57 5647 6692 8867 9423 77
2326,Werbetechnik Husum e.K.,,DE31296550982144053883|DE93 4216 0648 9976 2422 01
2327,Roth Maschinenbau e.K.,,DE98838914948697614009|DE90753986615469436589
2328,Albrecht GmbH & Co. KG,,DE99469743368039728780|DE26459667426483471976
2329,Schulze e.K.,,DE90 4444 1716 4800 9459 21
2330,Möbel Hamburg GmbH,Möbel Hamburg Ges.m.b.H.|Mobel Hamburg GmbH,DE40261481809026175125|DE40319644254587822054|DE44765644864109275684
2331,Böhm Druck GmbH,Bohm Druck GmbH,DE42 6824 7626 9061 3474 14
2332,Krüger GmbH,Kruger GmbH|Krüger Ges.m.b.H.,DE35270389644413973746|DE72111484556955794943
2333,Bergmann & Wolf OHG,,DE85350374146638340166|DE43 4191 7005 8440 1974 88
2334,Kuhn Gartenbau KG,,DE27627017853236383365
2335,König & Busch GbR,Fa. König & Busch|Konig & Busch GbR|König & Busch,DE36 3251 5899 8195 7351 62
2336,Maier & Lehmann OHG,Maier & Lehmann,DE96 7942 4274 6088 5413 72|DE46 5750 8196 2739 7611 57
2337,Brüggemann Solartechnik e.K.,Bruggemann Solartechnik,DE22396915430760599740
2338,Franke Elektro UG (haftungsbeschränkt),Fa. Franke Elektro|Franke Elektro,DE68978462462772193682
2339,Claußen GmbH,,DE84700692547719131978
2340,Schulz Immobilien GbR,,DE65635700097754342750
2341,Holzbau Schwerin GmbH,Fa. Holzbau Schwerin,DE53 7329 4035 9717 9427 12
2342,Köhler Fahrzeugtechnik KG,,DE56 4970 7652 4859 7379 92|DE78363596107499507874
2343,Frank Dachdeckerei OHG,,DE73819009770246540143|DE80 8731 0022 7432 0053 10|DE52 5468 2997 1378 3303 51
2344,Albrecht Möbel OHG,Albrecht Möbel,DE81 2803 4563 8870 6434 93|DE45153975618104249966|DE25 9013 8277 0686 7455 09
2345,Wolff Verlag UG (haftungsbeschränkt),Wolff Verlag|Fa. Wolff Verlag,DE96 9958 1602 2629 1962 66
2346,Schmitz OHG,,DE49668827090264556375
2347,Sommer Catering AG,Fa. Sommer Catering,DE83436849125578462292|DE79648290320682638894
2348,Jansen Solartechnik KG,,DE21 5960 0475 4678 7768 95|DE71339029905360188355
2349,Brüggemann Windkraft GmbH,Brüggemann Windkraft,DE79920509588283459137|DE96660607697110835830
2350,Maschinenbau Schwerin GmbH,Maschinenbau Schwerin,DE74 6063 3478 9200 0395 97|DE30 2954 4635 9325 3952 65
2351,Druck Lüneburg AG,Druck Lüneburg Aktiengesellschaft|Druck Luneburg AG|Druck Lüneburg,DE33173736039485679214|DE92 7716 0784 9469 1231 34
2352,Hafenservice Stade KG,Hafenservice Stade,DE65548385363414367127|DE86 5952 9448 7316 6827 58
2353,Gartenbau Wilhelmshaven AG,Gartenbau Wilhelmshaven Aktiengesellschaft,DE44 1526 6845 6780 6279 93|DE93 4536 9840 9957 5009 12
2354,Kältetechnik Hamburg e.K.,Fa. Kältetechnik Hamburg|Kaltetechnik Hamburg e.K.,DE81540038969307151068|DE71 8560 2330 4274 9211 45
2355,Schifffahrt Lüneburg AG,Schifffahrt Lüneburg Aktiengesellschaft|Fa. Schifffahrt Lüneburg,DE40992699784358344279
2356,Gartenbau Neumünster GmbH & Co. KG,Gartenbau Neumunster,DE13 9828 2191 1578 7420 40|DE89 4472 4717 9548 9043 64
2357,Simon & Brüggemann OHG,Simon & Bruggemann OHG,DE36 8800 6418 8244 8146 10
2358,Groß Tiefbau e.K.,Groß Tiefbau,DE72 1065 4034 6403 1706 37|DE60 3578 1642 0534 8420 13|DE57 1517 3575 7323 8078 99
2359,Ziegler Kältetechnik KG,Fa. Ziegler Kältetechnik,DE93830939371679010825|DE80529229152308169416
2360,Carstens Möbel GmbH,Carstens Mobel|Carstens Möbel,DE84 8246 8905 0869 2320 36
2361,Fahrzeugtechnik Kiel AG,Fa. Fahrzeugtechnik Kiel|Fahrzeugtechnik Kiel,DE89 5272 0608 2602 0380 03|DE80660340821261194901|DE17 2242 6392 0628 6277 43
2362,Seidel GmbH,Seidel Ges.m.b.H.,DE15673062898971390949|DE99 8102 0845 8635 4293 29
2363,Krämer & Claußen GbR,Kramer & Claussen|Fa. Krämer & Claußen,DE44245863650125265528|DE88797351282632252683|DE30 2675 2101 5275 4315 20
2364,Schulz e.K.,,DE57 6212 4156 9598 5264 60|DE88524399333945035956
2365,Schulz Schifffahrt OHG,Fa. Schulz Schifffahrt,DE69149678969477003976
2366,Meier GbR,,DE48198552365117985031|DE84889756260644759012
2367,Claußen Gartenbau GmbH & Co. KG,Claußen Gartenbau GmbH u. Co. KG|Claußen Gartenbau,DE64988186884500158802|DE23456615774776606381
2368,Lang Technik GmbH & Co. KG,Fa. Lang Technik,DE36 2824 1949 5574 8975 27
2369,Martin UG (haftungsbeschränkt),,DE52135126683974629361|DE22266356434517488058
2370,Bau Cuxhaven GbR,Bau Cuxhaven,DE81 1025 5803 2869 5375 62|DE53 7393 9246 7589 6434 54
2371,Möhring Fahrzeugtechnik OHG,Mohring Fahrzeugtechnik|Möhring Fahrzeugtechnik,DE73370168906849789813|DE21 1098 1648 9961 6275 58
2372,Catering Schwerin KG,Catering Schwerin,DE87968713887341155666|DE59168317561086736429
2373,Pfeiffer Metallbau GmbH,Pfeiffer Metallbau Ges.m.b.H.|Fa. Pfeiffer Metallbau,DE56 3239 0298 6190 7738 58
2374,Schmidt Handel e.K.,,DE42 3266 7726 6682 0376 14|DE50458225601930599322
2375,Fuchs Elektro AG,Fa. Fuchs Elektro,DE25917626379254374545
2376,Meier Schifffahrt KG,Meier Schifffahrt|Fa. Meier Schifffahrt,DE31988642123852875164|DE43 5766 7351 1310 5074 41
2377,Schulze Handel GbR,Schulze Handel|Fa. Schulze Handel,DE35708335643655145978
2378,Technik Cuxhaven UG (haftungsbeschränkt),Technik Cuxhaven UG (haftungsbeschrankt)|Technik Cuxhaven,DE81 9621 9281 6440 3204 70|DE24417937082198752619
2379,Holzbau Rostock GmbH & Co. KG,Holzbau Rostock|Fa. Holzbau Rostock|Holzbau Rostock GmbH u. Co. KG,DE97305861917463106093|DE52724444510310162548
2380,Hafenservice Kiel GbR,Hafenservice Kiel,DE89891519741042879624
2381,Busch Immobilien OHG,,DE42814884392478213844
2382,Scholz & Friedrich GmbH,Fa. Scholz & Friedrich|Scholz & Friedrich,DE83902788467290656716|DE96 7895 2866 2811 7016 66
2383,Hofmann Großhandel e.K.,Fa. Hofmann Großhandel|Hofmann Grosshandel,DE80 5619 8921 8634 0858 18
2384,Brüggemann Holzbau OHG,Brüggemann Holzbau|Bruggemann Holzbau OHG|Fa. Brüggemann Holzbau,DE60 7820 9204 1412 7167 78
2385,Maschinenbau Lübeck GmbH,Maschinenbau Lübeck,DE61 7542 0169 2684 0116 14|DE31 1755 8650 6646 1933 54
2386,Busch Großhandel AG,Busch Großhandel Aktiengesellschaft,DE75675606881586112391
2387,Fleischerei Lübeck AG,Fa. Fleischerei Lübeck,DE50365560878705656834
2388,Medizintechnik Lüneburg KG,Medizintechnik Luneburg KG,DE75242571625129652980|DE70 6783 6446 3747 3340 50
2389,Hoffmann Schifffahrt GmbH & Co. KG,Fa. Hoffmann Schifffahrt|Hoffmann Schifffahrt GmbH u. Co. KG,DE97 7827 0130 1984 7168 75|DE68503733810825583661
2390,Fuchs & Petersen KG,Fuchs & Petersen,DE20 6623 4398 3066 9244 59|DE27184192306425636866|DE43546997459896427713
2391,Böhm GbR,Bohm GbR|Böhm,DE41377759664196781819
2392,Schifffahrt Neumünster KG,Schifffahrt Neumunster KG,DE96187022809087748607
2393,Seidel Bäckerei GmbH,Seidel Bäckerei Ges.m.b.H.|Fa. Seidel Bäckerei,DE52 9763 0245 5929 5349 54|DE55 9378 9250 5047 8326 81
2394,Lehmann KG,Lehmann,DE39 7143 6191 1208 7795 11
2395,Braun & Carstens GmbH,,DE31696709040251500176
2396,Winkler KG,Winkler,DE76749055099511641059|DE18 8465 1609 5970 6084 87
2397,Graf Catering AG,Graf Catering Aktiengesellschaft,DE95 6157 1565 4850 9367 26|DE29 1361 4751 5898 7967 76
2398,Krämer OHG,Fa. Krämer|Kramer OHG,DE41867062571955354911
2399,Maschinenbau Hamburg UG (haftungsbeschränkt),Maschinenbau Hamburg UG (haftungsbeschrankt)|Maschinenbau Hamburg,DE11498479180791704051|DE64937164824803007775
2400,Rehder Maschinenbau AG,Rehder Maschinenbau|Fa. Rehder Maschinenbau,DE71 1742 4851 2903 7560 74|DE10876517248526790542|DE25942360885261230624
2401,Stein Hafenservice OHG,Stein Hafenservice,DE84 4627 7532 5955 6902 39
2402,Fischer Kältetechnik GmbH & Co. KG,Fischer Kaltetechnik|Fischer Kältetechnik,DE87663846002461399335|DE71 6258 1527 9301 7000 70|DE48332019995917746901
2403,Martin Elektro GmbH,Fa. Martin Elektro,DE23 5076 3855 9400 3479 09|DE14 1127 0299 3521 1701 89|DE40734903315724523934
2404,König Windkraft OHG,Fa. König Windkraft,DE57940210855777526499
2405,Wagner AG,,DE51 1881 7746 0847 4427 27
2406,Schneider e.K.,Fa. Schneider,DE47820280221409774722|DE80165638388038104171
2407,Arnold Werbetechnik OHG,Arnold Werbetechnik,DE19 9210 9914 6308 0019 86|DE74666413687433665627|DE50 6708 4475 0243 7383 84
2408,Fleischerei Neumünster GmbH,Fleischerei Neumünster,DE56664147577031442029|DE21 3771 0295 9301 7085 82
2409,Krüger Logistik KG,Krüger Logistik|Kruger Logistik KG,DE96 1752 6973 4558 2681 78|DE97 8822 9480 2209 6499 87
2410,Medizintechnik Kiel OHG,Medizintechnik Kiel,DE76 7052 8977 8060 5541 67
2411,Gebäudereinigung Emden GmbH,Gebaudereinigung Emden GmbH|Fa. Gebäudereinigung Emden,DE43720560734076192653|DE26 9509 4561 6802 0054 73
2412,Haas UG (haftungsbeschränkt),Haas UG (haftungsbeschrankt),DE86537277013254928812
2413,Schulz AG,Schulz Aktiengesellschaft,DE84 2649 2478 4192 0729 72|DE18380910006464488647
2414,Thießen Bau AG,,DE20 8089 3622 5289 1298 67
2415,Weber Maschinenbau AG,,DE53 8777 8498 8838 1181 43|DE70 2448 8459 3877 2900 84|DE65 9373 4442 8375 3747 43
2416,Maschinenbau Rostock GmbH,Maschinenbau Rostock Ges.m.b.H.,DE49 7021 4997 3256 2895 18|DE80 5109 4858 7044 5175 89
2417,Ziegler Fahrzeugtechnik e.K.,Fa. Ziegler Fahrzeugtechnik|Ziegler Fahrzeugtechnik,DE50292584464611139492|DE73676277054363621028
2418,Dietrich Bäckerei GbR,Fa. Dietrich Bäckerei,DE53336958917940650891
2419,Mayer & Schmidt UG (haftungsbeschränkt),Fa. Mayer & Schmidt|Mayer & Schmidt|Mayer & Schmidt UG (haftungsbeschrankt),DE58774872982156093770
2420,Dachdeckerei Lüneburg AG,Dachdeckerei Lüneburg Aktiengesellschaft|Dachdeckerei Luneburg,DE91 5783 5188 6499 7957 03|DE46117932475508282725
2421,Richter OHG,,DE73 7531 3453 8866 4269 72
2422,Horn Spedition GbR,Horn Spedition|Fa. Horn Spedition,DE81563683427102030760|DE13729662083713876037
2423,Schäfer Großhandel AG,Schäfer Großhandel|Schäfer Großhandel Aktiengesellschaft|Schafer Grosshandel AG,DE70 3769 9065 6909 2642 76
2424,Solartechnik Flensburg OHG,,DE35515508937394347105|DE64136279837657229578
2425,Lang & Schumacher GbR,Fa. Lang & Schumacher|Lang & Schumacher,DE26 6939 0521 5569 3405 61
2426,Kraus Großhandel GbR,Fa. Kraus Großhandel,DE10 7309 3219 4613 7509 23|DE84560549688713852703
2427,Textil Kiel GmbH,,DE91164676328911039167
2428,Krause Fahrzeugtechnik OHG,Fa. Krause Fahrzeugtechnik|Krause Fahrzeugtechnik,DE67 5893 9009 2259 1743 81|DE30454272026714732682|DE18 9140 3842 7803 1462 75
2429,Vogt Werbetechnik e.K.,Fa. Vogt Werbetechnik|Vogt Werbetechnik,DE76835686173506564772
2430,Schumacher & Schulte e.K.,,DE52937924437447707620|DE62 4742 6283 5771 0083 73
2431,Hoffmann Großhandel GmbH,Hoffmann Großhandel|Hoffmann Großhandel Ges.m.b.H.,DE81 7806 1617 4455 4942 07
2432,Peters Gebäudereinigung KG,Peters Gebaudereinigung|Peters Gebaudereinigung KG,DE55 6382 4461 6060 5132 34
2433,Hoffmann & Albrecht AG,Hoffmann & Albrecht|Hoffmann & Albrecht Aktiengesellschaft,DE83451653080848259881
2434,Thomas & Graf KG,Thomas & Graf,DE70101749958117179496
2435,Schmitt Fleischerei GbR,Schmitt Fleischerei,DE56 2581 9102 2207 9626 00
2436,Schubert Dachdeckerei GbR,Schubert Dachdeckerei,DE52 6848 4685 5739 6835 78
2437,Werner & Carstens AG,Werner & Carstens,DE94519301486847119463
2438,Metallbau Stade e.K.,Fa. Metallbau Stade,DE57 8824 9502 1962 3008 30|DE45 1848 1424 5794 9040 13
2439,Klein Druck GmbH & Co. KG,Klein Druck|Fa. Klein Druck,DE63 9283 4148 0313 1201 74
2440,Vogel UG (haftungsbeschränkt),Vogel UG (haftungsbeschrankt)|Vogel,DE98 9411 9947 4423 9487 00
2441,Herrmann GbR,Herrmann,DE90 8094 5477 3808 7789 00
2442,Thomas & Ziegler KG,,DE82911716157219243241|DE82112208466659145685
2443,Kältetechnik Emden GmbH & Co. KG,Kältetechnik Emden|Kaltetechnik Emden,DE32 7931 9714 7545 4654 69|DE97 7719 9900 4365 6934 20
2444,Lange Logistik KG,Lange Logistik,DE42 7707 2516 0553 8328 72
2445,Hahn Dachdeckerei GmbH,Hahn Dachdeckerei,DE99 8198 3416 0649 0684 07|DE16 2760 7605 9613 3712 40
2446,Windkraft Flensburg GbR,,DE97 5426 5993 0806 3463 17
2447,Mayer Sanitär AG,Mayer Sanitar AG|Mayer Sanitär,DE24502954366489857349|DE67 6004 0009 4648 9037 25
2448,Voigt Dachdeckerei GmbH,Voigt Dachdeckerei|Voigt Dachdeckerei Ges.m.b.H.,DE98576464999250391212
2449,Kuhn Großhandel GbR,Kuhn Großhandel,DE60944434382592811149|DE34556199899601995191|DE94 1515 4772 4860 5639 09
2450,Hahn & Pohl UG (haftungsbeschränkt),Hahn & Pohl,DE80196158334768730095|DE20 1311 5881 2158 5257 41
2451,Peters Schifffahrt e.K.,Peters Schifffahrt,DE27 8695 3015 9554 8984 80|DE19339560222691893540|DE60951688774248029859
2452,Lüdtke e.K.,Fa. Lüdtke|Lüdtke|Ludtke,DE86 9736 1371 0986 9412 63|DE27397165201093793512
2453,Huber GbR,,DE72 2911 8635 1308 7149 48
2454,Metallbau Emden GbR,Metallbau Emden,DE92 8973 0801 9682 6691 96
2455,Beck Fahrzeugtechnik UG (haftungsbeschränkt),Beck Fahrzeugtechnik UG (haftungsbeschrankt)|Fa. Beck Fahrzeugtechnik,DE46303750439018282970|DE33 4111 8818 2689 1526 62
2456,Sommer & Rehder AG,Sommer & Rehder,DE13503616016394091034|DE93 4816 2812 2016 7851 88
2457,Graf & Stein GbR,Graf & Stein|Fa. Graf & Stein,DE64834508465955085928|DE79 9347 8451 0839 6494 71
2458,Bergmann Bau GmbH & Co. KG,Fa. Bergmann Bau,DE15751289767601096458|DE31810096421582394354|DE78 1540 9160 0432 9663 94
2459,Schmitz KG,,DE89751134497983123547|DE28143177895171810606|DE61 7847 6556 3517 9211 08
2460,Berger & Beck e.K.,Berger & Beck,DE81392400041984432725|DE96291270507570853743
2461,Dietrich Werbetechnik GmbH & Co. KG,Dietrich Werbetechnik,DE58294771334640836679|DE93487695281178153350|DE63 7170 7996 4510 0105 07
2462,Druck Neumünster UG (haftungsbeschränkt),Fa. Druck Neumünster|Druck Neumunster UG (haftungsbeschrankt)|Druck Neumunster,DE97909503753824884672
2463,Mayer & Claußen GmbH & Co. KG,Mayer & Claußen GmbH u. Co. KG|Fa. Mayer & Claußen|Mayer & Claussen,DE12 8706 4923 5345 6689 48|DE74916964311745614775|DE85 7974 6946 9275 6771 31
2464,Franke Werbetechnik GbR,Franke Werbetechnik,DE58539365142807867320
2465,Frank GbR,,DE33 8796 0135 6216 5001 70|DE91 6359 6241 4863 4427 73
2466,Vogel & Werner GmbH & Co. KG,Vogel & Werner|Vogel & Werner GmbH u. Co. KG,DE24 2388 5065 2601 5497 73
2467,Seidel Großhandel KG,Fa. Seidel Großhandel|Seidel Großhandel,DE40514045268325966116|DE43 4940 0775 2325 1420 42
2468,Huber Kältetechnik GbR,Huber Kaltetechnik|Huber Kaltetechnik GbR,DE19 7207 3148 6844 8631 45
2469,Schulz & Klein GmbH & Co. KG,,DE64246986697545961294
2470,Sommer & König OHG,Sommer & Konig OHG|Sommer & Konig|Sommer & König,DE65302650435229925476
2471,Hafenservice Schwerin e.K.,Hafenservice Schwerin,DE49 2859 0049 9459 8348 61|DE90405440307473702564
2472,Müller Tiefbau AG,Muller Tiefbau|Fa. Müller Tiefbau|Muller Tiefbau AG,DE77 5680 1621 3753 4222 19
2473,Hahn Metallbau e.K.,,DE78720226220258746189
2474,Mayer & Baumann GbR,Mayer & Baumann|Fa. Mayer & Baumann,DE76 9975 2251 2859 7082 92|DE45206762111913771598
2475,Immobilien Husum GmbH,Immobilien Husum,DE82578058756162416850|DE58 6747 2026 4585 8084 60
2476,Weiß Hafenservice e.K.,Fa. Weiß Hafenservice,DE62163441442539848511
2477,König Schifffahrt OHG,König Schifffahrt,DE99337661310605643663
2478,Holzbau Kiel GmbH & Co. KG,,DE70574230536297462766|DE61 2551 4324 7108 8704 34
2479,Lehmann UG (haftungsbeschränkt),Lehmann UG (haftungsbeschrankt)|Fa. Lehmann,DE64 7673 1750 6568 8025 41
2480,Sommer & Roth KG,Fa. Sommer & Roth,DE87403691090699492634|DE10 9597 0867 3236 0454 85
2481,Maschinenbau Kiel AG,Maschinenbau Kiel|Maschinenbau Kiel Aktiengesellschaft,DE50 6308 8528 0078 4894 75|DE17 1112 2832 6032 3790 83
2482,Kuhn Systemhaus UG (haftungsbeschränkt),Fa. Kuhn Systemhaus|Kuhn Systemhaus|Kuhn Systemhaus UG (haftungsbeschrankt),DE43 4806 9581 0203 2371 49
2483,Tiefbau Flensburg OHG,Fa. Tiefbau Flensburg|Tiefbau Flensburg,DE10828039982211826092
2484,Brandt UG (haftungsbeschränkt),Brandt UG (haftungsbeschrankt),DE80 5389 6856 7831 8819 80|DE77724737421605206439|DE58 9376 8224 8369 2995 39
2485,Horn Verlag GmbH,Horn Verlag,DE99 6842 2989 8705 9728 75
2486,Rehder Kältetechnik GmbH & Co. KG,Rehder Kältetechnik GmbH u. Co. KG|Rehder Kältetechnik|Rehder Kaltetechnik,DE67783395638392882051|DE44 5464 0317 9609 4792 52
2487,Maschinenbau Stade KG,Fa. Maschinenbau Stade,DE74606709365805520922|DE92 9453 2196 7772 5515 47
2488,Vogel Schifffahrt AG,Vogel Schifffahrt|Fa. Vogel Schifffahrt,DE12530517249799536113
2489,Maschinenbau Hamburg KG,Fa. Maschinenbau Hamburg,DE31 1366 9007 0592 5146 37|DE25274895258256641117
2490,Voigt Bau GmbH,,DE43204455748900964240|DE15863599570123318407|DE44 4648 0316 6191 9532 83
2491,Schmid Werbetechnik GbR,Schmid Werbetechnik,DE61350974642476906769|DE69 7199 2142 0625 9489 41
2492,Schubert Solartechnik GmbH,,DE81579480345606230383|DE40446298744392555621
2493,Jäger Tiefbau UG (haftungsbeschränkt),Jager Tiefbau UG (haftungsbeschrankt)|Fa. Jäger Tiefbau|Jager Tiefbau,DE30559375721705623452
2494,Hahn Medizintechnik UG (haftungsbeschränkt),Hahn Medizintechnik UG (haftungsbeschrankt),DE87785673040918514198|DE29581521648841379839
2495,Schneider Gartenbau GbR,Schneider Gartenbau,DE36367170706662447923|DE68 5017 0166 3077 2320 20
2496,Böhm Handel UG (haftungsbeschränkt),Fa. Böhm Handel|Böhm Handel|Bohm Handel,DE37 3477 0332 6095 2626 53
2497,Lüdtke & Lang GmbH & Co. KG,Fa. Lüdtke & Lang|Lüdtke & Lang,DE24 8381 0615 6592 4930 19
2498,Haas Technik GmbH,Fa. Haas Technik,DE44 4500 2329 4552 9529 57|DE67 7001 7057 8813 7396 20
2499,Seidel Sanitär UG (haftungsbeschränkt),,DE73 6582 5668 7588 3170 38
2500,Hansen Druck OHG,Fa. Hansen Druck,DE37 3739 9884 2122 5913 27|DE79 6923 7326 1954 7014 48
2501,Bauer UG (haftungsbeschränkt),Bauer UG (haftungsbeschrankt),DE26 6861 3187 9309 7218 64|DE98219692093291036656
2502,Vogt Fleischerei UG (haftungsbeschränkt),Vogt Fleischerei UG (haftungsbeschrankt)|Fa. Vogt Fleischerei|Vogt Fleischerei,DE74829192973435723088|DE87860039549854457223
2503,Sauer UG (haftungsbeschränkt),Sauer UG (haftungsbeschrankt),DE70424752082510515193
2504,Kraus & Haas OHG,Kraus & Haas,DE74 9130 7908 2772 6870 28
2505,Meier Medizintechnik UG (haftungsbeschränkt),Fa. Meier Medizintechnik|Meier Medizintechnik|Meier Medizintechnik UG (haftungsbeschrankt),DE11157800330569341326
2506,Dietrich Schifffahrt OHG,Dietrich Schifffahrt,DE95275468441468631748|DE73574716671139409083
2507,Fuchs Gartenbau UG (haftungsbeschränkt),Fa. Fuchs Gartenbau,DE67 1897 9510 4523 8828 64|DE25 1157 9701 5361 3902 78
2508,Schulze Bäckerei e.K.,Schulze Backerei,DE65 8813 9153 7063 5539 95|DE71 8449 1211 6738 5141 39
2509,Carstens Windkraft AG,,DE74403483671884036385
2510,Schulte Gebäudereinigung AG,Schulte Gebaudereinigung AG,DE30 2172 0933 0932 3011 44|DE56 6151 4819 6004 3740 55
2511,Textil Schwerin GmbH,Textil Schwerin Ges.m.b.H.|Textil Schwerin,DE98821066813611302367
2512,Walter Solartechnik GmbH,Walter Solartechnik,DE88 1947 6240 4111 0591 19|DE70256035986125150812|DE80440354044996228866
2513,Jansen Handel GmbH & Co. KG,Jansen Handel|Fa. Jansen Handel,DE99 5159 8574 9249 4241 23|DE90 6280 1067 8610 3788 20
2514,Lehmann & Sauer AG,Lehmann & Sauer Aktiengesellschaft|Fa. Lehmann & Sauer|Lehmann & Sauer,DE14971276946811259038|DE46 2744 5678 9463 6559 03
2515,Fuchs Fleischerei AG,Fuchs Fleischerei,DE21 9426 6624 7375 7888 36|DE11 5748 3548 9246 5721 76|DE15793565310023636210
2516,Fuchs Technik KG,Fa. Fuchs Technik|Fuchs Technik,DE61433814986329713307|DE98908964197775923510
2517,Textil Cuxhaven GmbH & Co. KG,,DE81208061172064199878|DE10 9492 2408 6097 3727 77|DE64636161602207250511
2518,Maschinenbau Bremen KG,,DE11 2646 8198 4068 5012 50|DE15 9370 9490 7291 3950 29|DE44431889108238884676
2519,Lang GbR,Fa. Lang,DE92 6415 7073 7976 7356 77|DE86952691954106660290
2520,Claußen Sanitär GmbH,Claussen Sanitar|Fa. Claußen Sanitär,DE49105551411728780020
2521,Schwarz & Hartmann GmbH & Co. KG,Fa. Schwarz & Hartmann|Schwarz & Hartmann,DE90 1127 0809 1135 7875 87|DE17397694088294984810
2522,Koch Gebäudereinigung AG,Fa. Koch Gebäudereinigung|Koch Gebäudereinigung,DE10380157329925427964|DE40794660159484048876|DE57 1783 3980 3718 3034 56
2523,Meier Gebäudereinigung e.K.,Meier Gebäudereinigung|Meier Gebaudereinigung,DE26 4923 0534 6923 0487 44|DE46 3220 3974 0297 6526 87
2524,Claußen Möbel GbR,Claussen Mobel|Claussen Mobel GbR,DE32140367807013411550|DE32870468603877743426
2525,Schreiber Catering KG,Fa. Schreiber Catering|Schreiber Catering,DE14100931621299256959|DE56825869771241580720
2526,Jäger AG,Jäger Aktiengesellschaft,DE42602723920339061545|DE85 3348 2261 0792 5182 23|DE72537521181813527388
2527,Böhm Gebäudereinigung GmbH & Co. KG,Böhm Gebäudereinigung GmbH u. Co. KG|Böhm Gebäudereinigung|Bohm Gebaudereinigung,DE55443239561144327686|DE31 6444 7152 8311 6699 97
2528,Spedition Bremen e.K.,Spedition Bremen,DE57 4633 1146 6579 8174 39|DE25 8534 0178 9212 9685 12
2529,Fischer UG (haftungsbeschränkt),Fa. Fischer,DE88 5147 8676 4183 8363 65|DE40957264781014702322|DE47 1712 0889 3048 3804 62
2530,Martin Medizintechnik GbR,Fa. Martin Medizintechnik,DE99616315251590882420
2531,König AG,Fa. König|König,DE17198409589107588795|DE30 5454 0423 5417 5593 97|DE74478371083284700302
2532,Druck Flensburg GbR,,DE42572418638509664347|DE41938310661714323142
2533,Schuster GbR,Schuster,DE16975563126751864189
2534,Schmitz Logistik OHG,Fa. Schmitz Logistik|Schmitz Logistik,DE88854695145122605633|DE77511861262813902097
2535,Sauer Handel OHG,Sauer Handel,DE85 7267 4737 4908 7612 51|DE84410878316749365478
2536,Metallbau Hamburg GmbH & Co. KG,Metallbau Hamburg GmbH u. Co. KG,DE15169457613266345694
2537,Claußen Fahrzeugtechnik e.K.,,DE43182974776783124343|DE69217047070510005877
2538,Jansen Druck GbR,Jansen Druck,DE68 4754 7061 6666 8417 08|DE97 5450 4311 1221 1322 87
2539,Thießen & Schmid AG,Thießen & Schmid Aktiengesellschaft,DE66 2379 5380 3817 1912 80
2540,Möhring Fahrzeugtechnik GbR,Mohring Fahrzeugtechnik GbR,DE59514532759246456634|DE63934436304081382608|DE30983487325288122429
2541,Schulte AG,Fa. Schulte|Schulte Aktiengesellschaft,DE85 7899 9883 7571 1442 09|DE77882954807346579806
2542,Graf Medizintechnik AG,Graf Medizintechnik,DE29 8530 6677 0886 0617 77
2543,Groß AG,Groß Aktiengesellschaft,DE58721327635514950243
2544,Hafenservice Lübeck e.K.,Hafenservice Lubeck e.K.,DE30 4144 8217 8763 4521 29|DE51 9532 1912 3630 3031 36
2545,Carstens Kältetechnik KG,Carstens Kältetechnik|Carstens Kaltetechnik,DE98522769448245692730|DE34992183833979989412
2546,Weiß Bäckerei AG,Weiß Bäckerei Aktiengesellschaft|Weiß Bäckerei,DE89 4549 6462 3777 5761 37|DE30414172309500963391|DE29 8716 1969 2652 3135 94
2547,Roth Holzbau GmbH & Co. KG,Roth Holzbau GmbH u. Co. KG|Fa. Roth Holzbau,DE97874474341509058648
2548,Keller Handel GbR,Fa. Keller Handel|Keller Handel,DE91 9967 4160 3184 2867 77|DE83 8440 8368 6747 1196 04
2549,Werner & Krüger KG,Fa. Werner & Krüger|Werner & Kruger KG|Werner & Kruger,DE81 5280 0673 1274 7002 18|DE83 4062 5329 8566 3286 28
2550,Martin e.K.,,DE11 9553 8723 5869 1834 67
2551,Dachdeckerei Husum GmbH,,DE40 9428 4452 0940 1119 85|DE35 2493 7234 6176 5787 66
2552,Lorenz Technik OHG,,DE24 5812 4080 8182 2156 51|DE94167010880531717656|DE33 9681 1958 8900 0065 40
2553,Weber & Carstens AG,Fa. Weber & Carstens|Weber & Carstens,DE10661242301262229883|DE31 1245 6901 9053 6079 36
2554,Schubert Windkraft KG,Fa. Schubert Windkraft,DE95558096178034537452|DE17196759351722722406
2555,Albrecht KG,Fa. Albrecht,DE12460123481982493586|DE29 9635 1318 6378 5723 06|DE77 6708 1944 4066 1927 09
2556,Systemhaus Neumünster KG,Fa. Systemhaus Neumünster|Systemhaus Neumunster KG,DE32 3671 6158 9101 8041 37|DE96 3040 7803 2376 3628 93
2557,Metallbau Lübeck GbR,Metallbau Lübeck|Fa. Metallbau Lübeck|Metallbau Lubeck GbR,DE98960467338522604720
2558,Metallbau Wilhelmshaven AG,Fa. Metallbau Wilhelmshaven,DE69541465212091548550|DE29399750818566458338|DE87 7049 3722 9617 9790 05
2559,Kuhn Solartechnik GmbH,,DE27 3305 5902 7389 7042 06
2560,Schubert OHG,,DE27 7657 0224 0626 6873 25
2561,Mayer Windkraft UG (haftungsbeschränkt),Mayer Windkraft,DE50792485771208905664|DE35776536721085897506|DE11 3653 3875 8998 3174 22
2562,Herrmann Fleischerei AG,Herrmann Fleischerei,DE81 7991 4319 7139 6980 81
2563,Krämer & Pohl GbR,Kramer & Pohl|Kramer & Pohl GbR|Fa. Krämer & Pohl,DE80 2928 3708 2828 7067 13|DE28341200226600515484|DE29 8820 7717 9795 1492 09
2564,Scholz Dachdeckerei AG,Fa. Scholz Dachdeckerei,DE66 9873 8132 1730 0180 24
2565,Tiefbau Lübeck GbR,Tiefbau Lübeck|Tiefbau Lubeck GbR|Tiefbau Lubeck,DE72104382096292251384|DE95 6452 5027 5252 9328 30
2566,Winkler Fahrzeugtechnik OHG,Winkler Fahrzeugtechnik,DE78158040432436559085|DE12940638666537448593|DE89 8871 8659 1908 6057 33
2567,Tiefbau Hamburg GmbH,Tiefbau Hamburg|Fa. Tiefbau Hamburg,DE26857470834723873316
2568,Wolff Windkraft KG,Fa. Wolff Windkraft|Wolff Windkraft,DE48237739518840910956|DE23190102453417982603|DE43144547624720228848
2569,Arnold OHG,,DE12 3213 1492 7229 7241 08|DE41582081135020171781
2570,Dietrich & Hahn UG (haftungsbeschränkt),Fa. Dietrich & Hahn,DE23 7221 8731 8858 7250 99
2571,Seidel Immobilien KG,Seidel Immobilien,DE83 4859 4812 0430 8677 78
2572,Koch & Groß OHG,Koch & Gross|Fa. Koch & Groß,DE87572606343565750302
2573,Pfeiffer Solartechnik KG,Pfeiffer Solartechnik|Fa. Pfeiffer Solartechnik,DE71560138733160115176|DE15532420356609182642
2574,Möhring Tiefbau GbR,,DE63 4389 5494 2714 1123 56
2575,Ludwig Bau UG (haftungsbeschränkt),Ludwig Bau,DE84 5433 1005 1374 5468 44
2576,Möbel Husum GmbH,,DE54 9072 7404 2090 6580 76|DE91 2230 8986 9235 6003 39
2577,Hahn Schifffahrt AG,Hahn Schifffahrt,DE68 2556 2566 7358 6163 22
2578,Schmid Handel UG (haftungsbeschränkt),Schmid Handel,DE52743259054918538423|DE16627392706998556069
2579,Schubert Solartechnik GmbH & Co. KG,Schubert Solartechnik|Fa. Schubert Solartechnik,DE57187851355079639811
2580,Bauer Kältetechnik KG,Fa. Bauer Kältetechnik|Bauer Kältetechnik,DE83 7399 9402 3113 0825 70
2581,Herrmann Hafenservice GmbH & Co. KG,Herrmann Hafenservice,DE32 1633 1673 6771 1348 89
2582,Graf Bäckerei GbR,Graf Backerei|Fa. Graf Bäckerei,DE88 8583 2310 7049 4444 60|DE56400452240688574682
2583,Schmitt Hafenservice AG,,DE33380033512017465427|DE72 3506 1366 5858 0221 18|DE75992543501609575416
2584,Schmitz e.K.,,DE39 2225 1487 3996 6109 31|DE75 7388 3581 8829 9077 65|DE13 1691 5114 0166 6255 07
2585,Hahn Druck GbR,Hahn Druck|Fa. Hahn Druck,DE70100022377830752060
2586,Jansen e.K.,,DE69142618207497087019|DE55943307683995482572
2587,Hafenservice Rostock GmbH,Hafenservice Rostock Ges.m.b.H.,DE80629688025902366333
2588,Frank Systemhaus e.K.,Fa. Frank Systemhaus|Frank Systemhaus,DE66 3559 8823 0508 2047 67|DE50535138248217909528
2589,König UG (haftungsbeschränkt),Konig,DE53437725556215023598|DE27436444517657752202
2590,Schneider & Schäfer AG,Fa. Schneider & Schäfer,DE16494350770401507389|DE47 9855 4784 9372 6487 59|DE47 2620 9585 8820 6498 83
2591,Walter Verlag KG,Fa. Walter Verlag,DE45220503523918107232|DE35773984247730590075|DE83985582513264390232
2592,Vogt Logistik OHG,Vogt Logistik,DE86205917666687789718
2593,Arnold & Köhler UG (haftungsbeschränkt),Arnold & Kohler,DE68718097618906209686|DE97 1867 6534 6170 5700 10|DE97357382071796758237
2594,Becker & Jansen e.K.,Becker & Jansen,DE13 2660 0647 0908 9061 19|DE82408170548993674978
2595,Weber Verlag GbR,Weber Verlag,DE95187065813977457735|DE30 4316 3087 4271 1147 38
2596,Brandt Holzbau UG (haftungsbeschränkt),Fa. Brandt Holzbau,DE61975443304874530753|DE90 4002 8775 2266 4430 49|DE56 2324 4502 5426 9905 66
2597,Systemhaus Cuxhaven UG (haftungsbeschränkt),Fa. Systemhaus Cuxhaven,DE69 2726 3521 0127 2311 31
2598,Peters & Fischer KG,Peters & Fischer|Fa. Peters & Fischer,DE42464418885628476564|DE47 6089 7445 3691 7838 56|DE21 1130 7445 5453 3075 10
2599,Sommer e.K.,Sommer|Fa. Sommer,DE17134026418622513399|DE61514793289155317637
2600,Logistik Schwerin OHG,Logistik Schwerin,DE56703802313230900807|DE66 4823 9400 8167 2794 02
2601,Günther Spedition AG,Gunther Spedition AG|Günther Spedition,DE31889928246176629986
2602,Lange Möbel GmbH,Fa. Lange Möbel|Lange Möbel|Lange Mobel GmbH,DE98 2618 5068 6276 1234 70|DE56 8208 5240 7733 9282 26
2603,Carstens Elektro AG,Carstens Elektro Aktiengesellschaft,DE52 9439 8037 0699 8467 84|DE62192855148162829116|DE78884908151017664476
2604,Otto Gartenbau KG,Fa. Otto Gartenbau|Otto Gartenbau,DE44 3762 8203 6838 7323 53|DE38 4625 1673 8350 0537 25
2605,Claußen & Schuster AG,Claussen & Schuster|Claußen & Schuster Aktiengesellschaft|Fa. Claußen & Schuster,DE24731683199213658997|DE49127338812556143541|DE27 7269 1244 2125 1699 91
2606,Textil Stade AG,Textil Stade,DE12764439257786662686
2607,Vogt & Kaiser KG,Fa. Vogt & Kaiser|Vogt & Kaiser,DE16681382576833435653
2608,Schwarz Windkraft KG,Schwarz Windkraft|Fa. Schwarz Windkraft,DE82209731515547316557|DE34 3971 8675 5405 6802 06|DE17 8339 0901 9724 2329 40
2609,Handel Stade GbR,Handel Stade,DE42626707756769243089|DE47 5523 7379 2110 5008 05
2610,Möhring & Fischer GmbH,Mohring & Fischer,DE64 8662 5218 5980 9329 67
2611,Schumacher Druck GmbH & Co. KG,Schumacher Druck GmbH u. Co. KG,DE46 2645 1979 6138 2010 93|DE52740689541270117638
2612,Systemhaus Rostock GmbH,Systemhaus Rostock Ges.m.b.H.|Systemhaus Rostock,DE47 6146 9076 3255 1028 47|DE18 8326 6456 6400 3821 88
2613,Handel Wilhelmshaven e.K.,Handel Wilhelmshaven|Fa. Handel Wilhelmshaven,DE81 7293 6737 9623 1002 39
2614,Lüdtke OHG,Ludtke OHG,DE17978974763473576101|DE66406886651305368600
2615,Hofmann & Ludwig AG,Fa. Hofmann & Ludwig|Hofmann & Ludwig Aktiengesellschaft,DE80 7085 0607 3846 2415 01|DE23 2826 6118 3608 1747 25|DE85 8268 2714 1811 1401 72
2616,Wagner Dachdeckerei OHG,Wagner Dachdeckerei,DE40144120546916122411|DE71758484045847942974
2617,Seidel Bau OHG,,DE47 8411 2904 6655 6555 31
2618,Werner & Meyer UG (haftungsbeschränkt),Werner & Meyer UG (haftungsbeschrankt)|Werner & Meyer,DE30551480636786928201
2619,Wolff & Kuhn GbR,Wolff & Kuhn,DE96 2563 1270 6091 3000 45|DE96865461882492556325
2620,Krämer Gebäudereinigung GmbH & Co. KG,Krämer Gebäudereinigung GmbH u. Co. KG,DE45473572202493326515|DE47 5201 3735 5558 0299 10|DE45 6986 5508 8074 9875 14
2621,Roth Systemhaus UG (haftungsbeschränkt),Fa. Roth Systemhaus|Roth Systemhaus UG (haftungsbeschrankt)|Roth Systemhaus,DE11 4876 0270 2830 0746 79|DE54 3207 5596 3945 2547 18
2622,Simon Windkraft OHG,Simon Windkraft,DE52 1380 1704 0451 7784 40
2623,Busch Sanitär KG,Fa. Busch Sanitär,DE59 9692 9963 3994 4220 27|DE27908660449392994054
2624,Graf GbR,,DE11 7512 3405 3047 1604 03|DE14260810013502476432
2625,Maschinenbau Husum UG (haftungsbeschränkt),Maschinenbau Husum|Maschinenbau Husum UG (haftungsbeschrankt),DE58884612088903418906|DE41 6327 8853 2509 7421 14|DE80 9564 5038 5497 2204 82
2626,Frank KG,,DE25 4462 6423 6241 3870 42|DE43207409891963084307
2627,Scholz Systemhaus KG,Scholz Systemhaus,DE93 1465 8766 4107 6147 58
2628,Ziegler & Thomas AG,Ziegler & Thomas|Ziegler & Thomas Aktiengesellschaft,DE95409148838367434017|DE65 8167 2446 2280 8820 09
2629,Koch Fahrzeugtechnik GbR,Fa. Koch Fahrzeugtechnik,DE99513617645564120782
2630,Walter Spedition GbR,Walter Spedition|Fa. Walter Spedition,DE16823135245409754235
2631,Bergmann & Frank UG (haftungsbeschränkt),Bergmann & Frank,DE72787618906942718788|DE56 6793 5194 9081 1070 01
2632,Schulte Dachdeckerei AG,Fa. Schulte Dachdeckerei,DE27540883322851863596
2633,Scholz OHG,Scholz,DE40221321131149604797|DE45645055691028596112|DE94 1112 6541 1693 3862 70
2634,Franke & Brüggemann UG (haftungsbeschränkt),Franke & Bruggemann UG (haftungsbeschrankt)|Franke & Brüggemann,DE48 1045 2479 5165 9467 03|DE56 7851 6767 8662 4542 24|DE20928091905958020040
2635,Schröder & Bauer GmbH,Schröder & Bauer,DE15 6943 0387 3518 8247 34
2636,Horn & Jäger UG (haftungsbeschränkt),Horn & Jager|Fa. Horn & Jäger,DE47 8045 1103 4368 9446 21
2637,Günther Logistik KG,Gunther Logistik KG,DE72 9534 2149 0942 8895 14
2638,Vogt & Schneider AG,Vogt & Schneider|Fa. Vogt & Schneider,DE22 2953 7548 9876 4009 70|DE41 2530 0565 4947 5757 59|DE65128295405681876404
2639,Herrmann Schifffahrt UG (haftungsbeschränkt),Fa. Herrmann Schifffahrt|Herrmann Schifffahrt UG (haftungsbeschrankt),DE88962968417318786334|DE40595916198064574429
2640,Dachdeckerei Cuxhaven e.K.,Fa. Dachdeckerei Cuxhaven,DE53 6035 8410 7642 8864 38
2641,Wolff & Möhring GmbH & Co. KG,Wolff & Mohring GmbH & Co. KG|Wolff & Möhring GmbH u. Co. KG,DE62 5783 1123 0161 8775 20|DE69 7965 3442 0591 2487 49
2642,Schmitz Sanitär OHG,Fa. Schmitz Sanitär|Schmitz Sanitar,DE52 1091 7695 2944 2137 77
2643,Fischer Systemhaus OHG,Fischer Systemhaus|Fa. Fischer Systemhaus,DE85710161183928081075
2644,Hofmann & Kaiser UG (haftungsbeschränkt),Hofmann & Kaiser,DE67 7734 6617 3432 1027 72
2645,Thomas & Lang GmbH & Co. KG,Thomas & Lang|Fa. Thomas & Lang,DE74 7831 8301 5965 8344 45
2646,Seidel & Maier GbR,Seidel & Maier,DE79720675566418548704|DE49 7799 9308 6972 0381 12
2647,Baumann Elektro AG,Baumann Elektro Aktiengesellschaft,DE74307554257058453446|DE91873269480234462369
2648,Pohl Logistik e.K.,Pohl Logistik,DE72771901500989179110
2649,Wagner GmbH & Co. KG,Wagner GmbH u. Co. KG,DE79 3420 9068 9173 5139 63|DE18608409947914609253
2650,Vogel Fahrzeugtechnik OHG,Fa. Vogel Fahrzeugtechnik|Vogel Fahrzeugtechnik,DE59 1318 3054 5767 6560 29|DE77 3938 2945 9753 9203 85
2651,Windkraft Schwerin KG,,DE59 7376 1318 6114 5693 53|DE25 8764 3831 2860 4702 28
2652,Claußen UG (haftungsbeschränkt),,DE27797350875625323859|DE94 5608 8107 4873 0892 03|DE34845681155365791216
2653,Winkler Sanitär OHG,Winkler Sanitär,DE95227498048557482592|DE39666931154156701190
2654,Jäger Sanitär GbR,Jäger Sanitär|Jager Sanitar|Fa. Jäger Sanitär,DE93554188431580816881
2655,Lehmann Gebäudereinigung OHG,Fa. Lehmann Gebäudereinigung|Lehmann Gebaudereinigung|Lehmann Gebaudereinigung OHG,DE66188469724635144417
2656,Systemhaus Emden GmbH & Co. KG,Systemhaus Emden,DE64606049955487944078|DE50884148338099642751|DE33644763150004101183
2657,Braun UG (haftungsbeschränkt),Fa. Braun|Braun UG (haftungsbeschrankt),DE49 2771 8565 5932 1719 22|DE88736169411045947919
2658,Elektro Wilhelmshaven AG,,DE67726121858415823406|DE62629755360497791972|DE17803241329380110529
2659,Arnold Tiefbau GbR,Fa. Arnold Tiefbau,DE32 3755 9383 0598 9503 25
2660,Sommer Immobilien GmbH & Co. KG,Sommer Immobilien GmbH u. Co. KG|Sommer Immobilien,DE25 4982 7471 1086 7671 76
2661,Vogt Textil GbR,Vogt Textil|Fa. Vogt Textil,DE45 9712 9055 0037 7261 22|DE42880243806362916988|DE55 5495 0399 2279 7969 40
2662,Thießen & Kraus OHG,,DE86128046328440074008
2663,Rehder Gebäudereinigung KG,Rehder Gebaudereinigung KG,DE81406527118818699287|DE54605409109639991472
2664,Lorenz Gartenbau e.K.,Lorenz Gartenbau|Fa. Lorenz Gartenbau,DE25 8630 9419 7650 1321 89
2665,Zimmermann & Bergmann AG,Fa. Zimmermann & Bergmann|Zimmermann & Bergmann,DE45 9365 0816 3512 3973 24|DE66279892471704022680
2666,Dietrich & Baumann AG,Dietrich & Baumann,DE31468529445425673237|DE30368452471082987884
2667,Schmidt Technik GmbH & Co. KG,Schmidt Technik GmbH u. Co. KG,DE14231013144391480864|DE97 9285 6395 1529 2823 40|DE35953678952494691940
2668,Zimmermann Gebäudereinigung GmbH & Co. KG,Zimmermann Gebäudereinigung GmbH u. Co. KG|Fa. Zimmermann Gebäudereinigung|Zimmermann Gebaudereinigung GmbH & Co. KG,DE90 7387 5471 0109 6103 80|DE72542558158391477542
2669,Ludwig Elektro e.K.,Fa. Ludwig Elektro|Ludwig Elektro,DE96 3148 5864 8421 9842 42
2670,Ludwig Technik KG,Fa. Ludwig Technik|Ludwig Technik,DE42 3114 6341 4274 8876 60|DE77633861429603125750
2671,Müller Medizintechnik e.K.,Müller Medizintechnik,DE65 4235 2664 8050 8180 23|DE23 2334 8671 2427 4931 09
2672,Otto & Martin GmbH & Co. KG,Otto & Martin,DE28764323419618777369|DE80 2364 7625 0502 2833 75
2673,Meyer GmbH,Meyer Ges.m.b.H.,DE89956805891021015266
2674,Medizintechnik Bremen GmbH,Medizintechnik Bremen Ges.m.b.H.|Medizintechnik Bremen,DE32 6318 2191 2814 2210 78
2675,Richter & Stein AG,Richter & Stein|Fa. Richter & Stein|Richter & Stein Aktiengesellschaft,DE17310981985068220457|DE64150848587121358191
2676,Winkler Technik GmbH & Co. KG,Winkler Technik,DE46738217121689159393
2677,Becker & Brandt GbR,Becker & Brandt,DE94 1385 5376 9080 3304 78|DE99429493157287075755
2678,Busch Catering OHG,Busch Catering,DE43 4171 4103 6990 2547 22|DE62929177783953121838
2679,Handel Flensburg KG,Handel Flensburg,DE63 6214 9843 1587 4201 53|DE24465536739150081483
2680,Fuchs Sanitär e.K.,Fuchs Sanitär|Fuchs Sanitar,DE74248591430719377668|DE11 5554 9931 0832 5111 23
2681,Systemhaus Lübeck OHG,Fa. Systemhaus Lübeck,DE85447341613725777941
2682,Dietrich & Friedrich AG,Dietrich & Friedrich Aktiengesellschaft,DE15 3724 6676 9674 8603 89|DE17282052204092513473|DE87989911026740666292
2683,Windkraft Hamburg GmbH & Co. KG,Windkraft Hamburg,DE23398678595731470289
2684,Stein Möbel GmbH,Fa. Stein Möbel,DE79 6688 4564 6057 0763 07|DE32 2466 4261 3549 5355 62
2685,Systemhaus Schwerin GmbH & Co. KG,Systemhaus Schwerin,DE70568892021511151171|DE15498286766523872771|DE41 5407 6979 1127 3929 27
2686,Ziegler & Hansen AG,,DE79 8677 7691 2379 2374 03|DE14702463090060610676
2687,Pohl Metallbau AG,Fa. Pohl Metallbau|Pohl Metallbau,DE39449700865550016706
2688,Pohl Logistik UG (haftungsbeschränkt),Pohl Logistik UG (haftungsbeschrankt),DE14 1810 1362 4173 5047 01
2689,Köhler Fahrzeugtechnik GmbH & Co. KG,,DE52513185091586128023
2690,Krause e.K.,Fa. Krause,DE83 3572 0499 4857 1328 92
2691,Lüdtke & Böhm OHG,Ludtke & Bohm OHG|Fa. Lüdtke & Böhm|Ludtke & Bohm,DE19 4373 9055 7560 5832 53
2692,Gartenbau Husum GmbH & Co. KG,Gartenbau Husum,DE83 8606 6864 5292 8120 58|DE37261331597514976250
2693,Ziegler Immobilien UG (haftungsbeschränkt),Fa. Ziegler Immobilien,DE16728575653654459095|DE73324284039803171036|DE88 7631 8405 3161 7448 08
2694,Kühn Maschinenbau e.K.,Fa. Kühn Maschinenbau|Kuhn Maschinenbau,DE94 3595 3464 8441 9186 73|DE57939119860133521606
2695,Müller Systemhaus AG,Müller Systemhaus Aktiengesellschaft|Muller Systemhaus AG,DE67639181222228423853
2696,Verlag Neumünster OHG,Verlag Neumünster|Verlag Neumunster OHG|Verlag Neumunster,DE23 9382 4386 3817 9257 58|DE21498234189573077777
2697,Richter Handel GmbH & Co. KG,Fa. Richter Handel,DE35 1032 8861 5644 0733 31|DE74 7327 7539 2427 3562 21
2698,Claußen Gebäudereinigung GmbH & Co. KG,Claussen Gebaudereinigung|Claußen Gebäudereinigung GmbH u. Co. KG|Claußen Gebäudereinigung,DE62936025239048173853|DE15141101305976513095|DE26 5141 2346 3587 6276 68
2699,Kuhn Dachdeckerei GmbH & Co. KG,Kuhn Dachdeckerei|Fa. Kuhn Dachdeckerei|Kuhn Dachdeckerei GmbH u. Co. KG,DE84 1305 5416 2167 2397 60
2700,Immobilien Wilhelmshaven AG,,DE60 6462 5222 1481 2152 52
2701,Krämer Fahrzeugtechnik GbR,Fa. Krämer Fahrzeugtechnik|Kramer Fahrzeugtechnik GbR|Krämer Fahrzeugtechnik,DE68 8706 1341 4402 3659 12
2702,Lüdtke & Groß GmbH & Co. KG,Ludtke & Gross GmbH & Co. KG,DE79 2041 5175 9178 5158 08
2703,Böhm Schifffahrt e.K.,Fa. Böhm Schifffahrt,DE25794545794604420197|DE46 3636 8318 7348 1469 61
2704,Kraus & Hahn OHG,Fa. Kraus & Hahn|Kraus & Hahn,DE93 7404 5590 3187 2879 21|DE77192840906813773202
2705,Schmitz Sanitär AG,Schmitz Sanitar AG,DE77199732010820521535|DE42 2604 6416 5147 8162 80
2706,Catering Flensburg GmbH & Co. KG,Fa. Catering Flensburg|Catering Flensburg,DE48417476621507872423|DE71 2705 6396 0284 9834 94
2707,Elektro Flensburg UG (haftungsbeschränkt),Fa. Elektro Flensburg|Elektro Flensburg UG (haftungsbeschrankt)|Elektro Flensburg,DE72735548188823306344
2708,Möbel Lübeck GmbH & Co. KG,,DE36 9808 9016 7109 1118 12
2709,Lang & Petersen UG (haftungsbeschränkt),Lang & Petersen,DE18 9465 3689 9877 5272 70|DE35 6322 1988 4569 2484 55
2710,Werbetechnik Lüneburg GbR,Werbetechnik Luneburg|Werbetechnik Luneburg GbR,DE60466233884895067404|DE73 3455 3899 9705 5689 61
2711,Catering Lüneburg KG,,DE61 6712 8890 4925 2930 57
2712,Schmitz & Wagner KG,Fa. Schmitz & Wagner,DE64 4133 6500 3682 1824 55|DE95 8499 1207 5818 4414 77
2713,Franke Großhandel e.K.,Fa. Franke Großhandel|Franke Großhandel,DE93532057933083699884|DE58 8864 7891 2290 8151 66
2714,Kältetechnik Lübeck UG (haftungsbeschränkt),Kaltetechnik Lubeck|Kältetechnik Lübeck|Kaltetechnik Lubeck UG (haftungsbeschrankt),DE90331452735887933982|DE22451823191292192443|DE72 1839 5943 7597 7155 45
2715,Spedition Oldenburg GmbH,Spedition Oldenburg|Spedition Oldenburg Ges.m.b.H.,DE96616514942418954199
2716,Krüger Gebäudereinigung AG,Krüger Gebäudereinigung Aktiengesellschaft,DE81160063017918948212
2717,Simon Gartenbau GmbH,Fa. Simon Gartenbau,DE37 8438 4882 7103 3708 44|DE74257678775300905070
2718,Kraus Logistik AG,,DE54724531055473786518|DE76 5120 8107 6175 5460 55
2719,Lehmann Werbetechnik GmbH,Fa. Lehmann Werbetechnik,DE78 6635 6401 8649 3240 87
2720,Lorenz Textil UG (haftungsbeschränkt),Lorenz Textil|Fa. Lorenz Textil|Lorenz Textil UG (haftungsbeschrankt),DE82509708527695338104|DE10601878942464754267
2721,Schäfer & Krämer OHG,Schafer & Kramer OHG|Schäfer & Krämer,DE80 7399 9669 4566 9954 73|DE63 6897 5545 5916 2441 15
2722,Werbetechnik Rostock UG (haftungsbeschränkt),,DE20 2226 2738 8508 5143 71|DE91100550246672630330
2723,Weiß OHG,Weiss,DE93688640860983666824|DE24928564878322433325
2724,Winter Verlag OHG,Fa. Winter Verlag|Winter Verlag,DE39851295439052280568|DE61 6366 6750 5598 0929 43
2725,König Tiefbau GmbH,Fa. König Tiefbau|Konig Tiefbau GmbH|König Tiefbau Ges.m.b.H.,DE33692603575723195278
2726,Stein Handel GmbH & Co. KG,Fa. Stein Handel,DE77221727354536344828
2727,Simon Elektro GmbH & Co. KG,Simon Elektro GmbH u. Co. KG|Simon Elektro,DE39227117823194340661
2728,Vogel & Fischer e.K.,Fa. Vogel & Fischer|Vogel & Fischer,DE34 4873 3143 8288 8243 84|DE47104070263116771174|DE17 8548 4945 1497 1655 10
2729,Kraus & Kraus UG (haftungsbeschränkt),Kraus & Kraus UG (haftungsbeschrankt)|Kraus & Kraus,DE59821829656107924056|DE47338202467128542554
2730,Schubert Maschinenbau AG,Schubert Maschinenbau,DE36 1578 7941 7519 6017 50|DE88664877118199966075|DE58 1215 2856 2433 6555 64
2731,Gebäudereinigung Emden OHG,,DE25911615065036539628|DE81 9115 9740 1394 6936 35
2732,Simon & Schmitz e.K.,Fa. Simon & Schmitz,DE79 6676 2115 3533 4916 36|DE90 5921 9057 2309 3179 76
2733,Jansen & Schmid e.K.,Jansen & Schmid,DE42549255303704069346
2734,Schneider Sanitär GbR,Schneider Sanitär,DE64647375329136766008|DE68973150822375473797
2735,Werner & Franke UG (haftungsbeschränkt),Werner & Franke UG (haftungsbeschrankt)|Werner & Franke,DE22 5770 6873 8097 8521 52|DE73 1143 1797 3322 8541 16|DE12625139584166242870
2736,Bergmann Möbel GbR,Bergmann Möbel,DE11 7305 2105 4201 1731 33|DE18481429638612106686
2737,Arnold Fleischerei e.K.,Arnold Fleischerei,DE80302319351144130546|DE44 7835 4528 0974 6761 41|DE76715737976609977891
2738,Köhler Hafenservice GmbH,Kohler Hafenservice|Kohler Hafenservice GmbH,DE11898788214190385519|DE36 3433 9379 1637 5217 39
2739,Schulz Kältetechnik GmbH,Schulz Kältetechnik|Schulz Kältetechnik Ges.m.b.H.,DE58 2745 5649 8436 9517 35|DE36 8385 6585 4389 8406 57
2740,Sommer Möbel UG (haftungsbeschränkt),Sommer Möbel,DE67422297420353395535
2741,Catering Emden KG,Catering Emden|Fa. Catering Emden,DE71 3191 2579 5651 0786 52
2742,Hofmann & Simon e.K.,Hofmann & Simon|Fa. Hofmann & Simon,DE67286386410742513390|DE37612516701930373704
2743,Arnold Maschinenbau OHG,Arnold Maschinenbau,DE57 3070 2659 1383 5032 26
2744,Claußen Dachdeckerei AG,Claussen Dachdeckerei|Fa. Claußen Dachdeckerei,DE62509130156915620856
2745,Krämer Verlag GmbH & Co. KG,Fa. Krämer Verlag,DE69982280872976385496|DE58429315426256648748
2746,Neumann OHG,,DE41 8911 0285 7014 0310 58
2747,Schulz Textil AG,Schulz Textil|Fa. Schulz Textil,DE75 3392 6323 3374 7429 67|DE74941229761645996436
2748,Franke Metallbau UG (haftungsbeschränkt),Franke Metallbau|Franke Metallbau UG (haftungsbeschrankt),DE32297540684444479137|DE78 3651 7325 4628 3987 64
2749,Hansen Druck KG,,DE70317514919139417927|DE80 2298 4340 4312 8871 66
2750,Schmidt & Roth e.K.,Schmidt & Roth,DE98 6039 3956 1981 5187 60
2751,Horn Bau GbR,Fa. Horn Bau|Horn Bau,DE95 9713 7754 2898 4479 33|DE42 2305 9595 5346 0643 42
2752,Logistik Lüneburg e.K.,Fa. Logistik Lüneburg|Logistik Luneburg e.K.,DE99 9959 8662 7067 0409 15|DE82129782794698655400
2753,Fischer & Keller KG,Fischer & Keller|Fa. Fischer & Keller,DE35100616229147547758
2754,Druck Lübeck KG,Fa. Druck Lübeck,DE54 5279 2373 2210 3990 38|DE91 5370 9709 0386 5529 53
2755,Bauer Handel OHG,Bauer Handel|Fa. Bauer Handel,DE21 6325 9431 3279 4860 52|DE48 9486 0767 5040 6757 66
2756,Arnold GbR,Fa. Arnold,DE68 7518 6636 3607 1033 39
2757,Lang Solartechnik GmbH,Lang Solartechnik|Fa. Lang Solartechnik,DE38 3863 5575 6383 8958 70
2758,Huber & Maier UG (haftungsbeschränkt),Fa. Huber & Maier,DE14 1322 1929 5973 6452 32
2759,Hartmann & Busch UG (haftungsbeschränkt),Fa. Hartmann & Busch,DE48211998265395047414
2760,Baumann & Fuchs AG,Fa. Baumann & Fuchs,DE69 5905 6325 1801 5097 42
2761,Brüggemann Hafenservice GbR,Bruggemann Hafenservice|Brüggemann Hafenservice,DE68671037333530047950|DE33120280760284025095
2762,Hansen UG (haftungsbeschränkt),,DE22361619610856629079
2763,Claußen Textil GbR,Claußen Textil,DE24658419760742641377
2764,Schmitz & Neumann AG,Schmitz & Neumann,DE90732994571010195724|DE96863266212704855047
2765,Friedrich Textil GbR,Fa. Friedrich Textil|Friedrich Textil,DE22 4781 1678 2422 5727 24
2766,Schmidt Spedition UG (haftungsbeschränkt),Schmidt Spedition UG (haftungsbeschrankt),DE75 4239 1960 1325 9584 07|DE58 2752 4758 9754 1767 91
2767,Thießen Werbetechnik GbR,,DE86 8775 3760 8327 1385 05|DE87159538625920739982|DE35608696564909135762
2768,Neumann Verlag GmbH,Neumann Verlag|Fa. Neumann Verlag,DE39905449613163223725|DE23 1735 1814 8874 0102 47
2769,Schmid Bäckerei GmbH & Co. KG,Fa. Schmid Bäckerei,DE42488410731013768373|DE10585958927960380268|DE39 4575 2588 8373 0549 95
2770,Seidel Holzbau GmbH,Fa. Seidel Holzbau,DE36854399749459923844|DE15259220054291077545
2771,Werbetechnik Husum OHG,,DE37729340456464411452|DE80134386220263431014
2772,Lorenz & Frank AG,Lorenz & Frank Aktiengesellschaft|Lorenz & Frank,DE61593001508126193935|DE87787135605480071480
2773,Schmidt OHG,Fa. Schmidt,DE55191573876112625361|DE95 9915 9708 9525 8104 64|DE49 2828 0151 7362 4563 38
2774,Weiß Schifffahrt OHG,Weiß Schifffahrt|Fa. Weiß Schifffahrt,DE34705994790276675568|DE35375431145624275642
2775,Logistik Oldenburg e.K.,Logistik Oldenburg,DE64 8203 8621 5093 0077 64|DE80 8219 3302 5806 7467 15
2776,Bäckerei Schwerin OHG,Backerei Schwerin OHG|Fa. Bäckerei Schwerin,DE64 8854 3225 7091 4874 60|DE28 8728 2376 5805 1786 76
2777,Franke GmbH,,DE55459611636153330456|DE16 3238 2576 0786 2946 54
2778,Möhring Dachdeckerei KG,Fa. Möhring Dachdeckerei|Mohring Dachdeckerei|Mohring Dachdeckerei KG,DE36 3270 7324 0978 3683 70
2779,Kuhn Kältetechnik AG,Kuhn Kältetechnik,DE52 7092 5346 6967 7664 47|DE55 7341 4134 8245 4230 77
2780,Pohl & Kraus GmbH,Fa. Pohl & Kraus|Pohl & Kraus,DE51807680129477768482|DE50503063241748481191
2781,Neumann & Ziegler UG (haftungsbeschränkt),Neumann & Ziegler UG (haftungsbeschrankt)|Neumann & Ziegler|Fa. Neumann & Ziegler,DE23402612245573717531
2782,König & Lang GbR,König & Lang,DE75 9420 7714 8765 3516 22|DE56754040773709957251|DE52501967221234246913
2783,Rehder & Graf UG (haftungsbeschränkt),Rehder & Graf,DE13 8941 4736 1946 3400 78|DE15704653117239876933
2784,Schubert & Fuchs KG,Schubert & Fuchs,DE47547427992874011671|DE93402968590285395376
2785,Möhring Systemhaus KG,Mohring Systemhaus|Möhring Systemhaus|Mohring Systemhaus KG,DE66 3901 1346 9884 6360 02
2786,Jansen & Jansen GmbH & Co. KG,Jansen & Jansen|Jansen & Jansen GmbH u. Co. KG,DE15 4401 0925 6582 1097 70|DE82910546654731483814|DE20 5671 3734 0168 5095 34
2787,Schäfer GmbH & Co. KG,Schäfer|Schafer GmbH & Co. KG|Schäfer GmbH u. Co. KG,DE49 6242 8791 7157 4998 66
2788,Handel Flensburg e.K.,,DE42 1604 9109 8322 6806 88|DE16 8675 2546 7286 9227 52
2789,Huber Spedition KG,Huber Spedition,DE20656169426373653831|DE39 9758 3259 0036 9584 42
2790,Lang KG,,DE15735169192919752363|DE32231832290138520347|DE64513396566871805329
2791,Krüger Tiefbau GmbH & Co. KG,Kruger Tiefbau GmbH & Co. KG,DE36303561440078922058|DE49411012800856324549
2792,Elektro Hamburg OHG,Elektro Hamburg,DE12699014202746948742
2793,Seidel KG,Seidel,DE27703590768603753882
2794,Brandt & Graf OHG,Brandt & Graf,DE70 8531 2518 6234 6540 77|DE91 8381 1804 0372 1015 10
2795,Kühn & Günther OHG,Kuhn & Gunther OHG,DE54 6901 8747 2697 9398 63
2796,Dietrich & Franke GmbH & Co. KG,Dietrich & Franke,DE45 6577 4226 3313 1862 90
2797,Fahrzeugtechnik Hamburg e.K.,Fahrzeugtechnik Hamburg,DE36619418233780432490
2798,Lüdtke Hafenservice GmbH,Lüdtke Hafenservice Ges.m.b.H.|Ludtke Hafenservice,DE53 8159 6784 7720 9627 52
2799,Winkler & Graf GbR,Winkler & Graf,DE90497090938609770840
2800,Beck Bau GbR,Beck Bau|Fa. Beck Bau,DE18850330285438151271|DE65194346302442285272
2801,Elektro Oldenburg UG (haftungsbeschränkt),,DE66 3937 7273 3989 1208 29|DE66565144132632701551
2802,Hartmann & Haas AG,Fa. Hartmann & Haas,DE73 6134 7488 3548 0682 07|DE29 7689 7759 3244 2368 84
2803,Vogt e.K.,Fa. Vogt,DE77 7780 9896 8810 8702 97|DE75527638197750843460|DE85532784907508180237
2804,Schubert & Schuster KG,Schubert & Schuster|Fa. Schubert & Schuster,DE77950549441960206164
2805,Haas Hafenservice AG,Haas Hafenservice|Haas Hafenservice Aktiengesellschaft,DE30 2999 6890 7272 0651 99|DE23239041658195071614
2806,Jäger & Bauer GmbH,Jager & Bauer GmbH,DE90140574817067303528
2807,König Werbetechnik UG (haftungsbeschränkt),Konig Werbetechnik,DE44342801664237759602
2808,Arnold Bäckerei UG (haftungsbeschränkt),Arnold Backerei UG (haftungsbeschrankt)|Arnold Backerei|Fa. Arnold Bäckerei,DE30788042926548608672|DE91511590047697922863
2809,Voigt Systemhaus GbR,,DE94296824703961828267
2810,Huber & Becker UG (haftungsbeschränkt),Huber & Becker UG (haftungsbeschrankt)|Huber & Becker,DE74 7609 2720 7097 3073 59|DE89 8683 5605 0320 9485 75
2811,Schäfer & Vogt GmbH & Co. KG,Schäfer & Vogt GmbH u. Co. KG|Fa. Schäfer & Vogt,DE58 1117 5669 2426 5732 09
2812,Köhler & Baumann GmbH,Kohler & Baumann GmbH|Kohler & Baumann|Köhler & Baumann,DE92 5505 5337 1576 7580 30|DE55 8438 2868 2673 6179 26
2813,Jäger Bäckerei AG,Jäger Bäckerei|Jäger Bäckerei Aktiengesellschaft,DE82 5982 8894 1166 1391 13|DE39508992769859713521
2814,Catering Cuxhaven KG,,DE85 4038 2257 4769 5021 61
2815,Baumann Schifffahrt e.K.,Baumann Schifffahrt|Fa. Baumann Schifffahrt,DE66 5703 1738 5951 0509 87
2816,Sommer Werbetechnik e.K.,Fa. Sommer Werbetechnik|Sommer Werbetechnik,DE78814014929621668068|DE26211496782630836287
2817,Mayer UG (haftungsbeschränkt),,DE19852969485892090004|DE57788457911787528405
2818,Brandt & Seidel OHG,Fa. Brandt & Seidel|Brandt & Seidel,DE19 2128 2092 9734 9445 37|DE79 7623 5357 8552 9070 45
2819,Brandt & Braun OHG,Fa. Brandt & Braun,DE79505445734857884249
2820,Jansen & Fuchs AG,,DE84241481343643305878|DE30952941622068591158|DE65 8088 1832 2954 8352 29
2821,Franke & Hartmann GbR,Fa. Franke & Hartmann|Franke & Hartmann,DE58 5934 0570 7125 4771 52
2822,Neumann Bäckerei UG (haftungsbeschränkt),Fa. Neumann Bäckerei|Neumann Bäckerei,DE43 9557 5570 0973 0032 64|DE67 4529 0078 9653 8088 30
2823,Großhandel Hamburg AG,,DE41973674142252925728|DE82 3589 6335 1018 8814 56
2824,Böhm & Schulz AG,Böhm & Schulz|Bohm & Schulz AG|Böhm & Schulz Aktiengesellschaft,DE90119596366601224532|DE25969129023761465840
2825,Otto AG,,DE95 7530 6435 2462 7699 41|DE96134066172351037802
2826,Wolf Windkraft KG,Fa. Wolf Windkraft,DE40 7538 6824 6600 7598 08
2827,Arnold UG (haftungsbeschränkt),Arnold UG (haftungsbeschrankt),DE33849399812695066342|DE65 2205 1676 5610 6820 60
2828,Tiefbau Emden e.K.,,DE18 2651 5568 9680 4525 93
2829,Möbel Lüneburg GmbH & Co. KG,Mobel Luneburg|Fa. Möbel Lüneburg,DE67 3675 9283 3825 5005 74
2830,Herrmann & Groß GbR,,DE30844916987021069490|DE94747471924377996225
2831,Dietrich Schifffahrt GmbH & Co. KG,Fa. Dietrich Schifffahrt,DE50336201518976058106|DE68 7871 4269 1391 2437 65
2832,Kältetechnik Hamburg KG,,DE58818202688518651343
2833,Klein Bäckerei GmbH & Co. KG,Klein Backerei|Klein Backerei GmbH & Co. KG|Klein Bäckerei,DE34 7522 2486 3195 0040 27|DE30 8906 2332 6066 3600 75
2834,Heinrich Schifffahrt GbR,Heinrich Schifffahrt|Fa. Heinrich Schifffahrt,DE66 6836 7941 7242 2668 58
2835,Franke & Martin AG,Franke & Martin|Fa. Franke & Martin,DE37 7539 7068 2772 9509 93|DE94557823024041605779
2836,Mayer e.K.,,DE43467445962252906409|DE66755702521769756762|DE49887497794111116476
2837,Graf & Jäger UG (haftungsbeschränkt),Graf & Jager,DE44107282342646538087
2838,Hofmann & Bergmann OHG,Fa. Hofmann & Bergmann,DE21 4850 6706 5043 4997 96|DE78438957810702003247
2839,Hafenservice Rostock UG (haftungsbeschränkt),Hafenservice Rostock,DE88 5311 5593 5768 0685 75|DE43403518621436258223|DE96387891623580914648
2840,Schreiber Windkraft UG (haftungsbeschränkt),Schreiber Windkraft|Schreiber Windkraft UG (haftungsbeschrankt),DE80 6262 6309 0923 3088 95|DE33767380649755130886
2841,Sommer & Scholz GbR,Sommer & Scholz,DE67242517465240375694
2842,Albrecht Kältetechnik GmbH & Co. KG,Albrecht Kältetechnik,DE81 5296 8214 5983 5216 76
2843,Otto Spedition OHG,,DE57 6455 1274 2037 6116 39|DE49 8966 5863 8532 8400 81
2844,Schneider Bau e.K.,Schneider Bau|Fa. Schneider Bau,DE40 6905 4788 7341 1810 99
2845,Schneider Gebäudereinigung e.K.,Fa. Schneider Gebäudereinigung|Schneider Gebaudereinigung,DE51965985151179545026
2846,Bau Cuxhaven e.K.,Fa. Bau Cuxhaven,DE55761173757657089863|DE47 3482 8723 7089 2702 65
2847,Schuster GmbH & Co. KG,Schuster GmbH u. Co. KG|Fa. Schuster,DE59800186640803579518
2848,Schulze Schifffahrt AG,,DE18 8782 3557 8878 3667 69
2849,Systemhaus Husum e.K.,Systemhaus Husum,DE52 7072 9821 0450 7135 86|DE16218372412498646805
2850,Hansen Metallbau e.K.,Hansen Metallbau|Fa. Hansen Metallbau,DE95952444180983680600|DE89 2002 5003 7762 8931 65
2851,Schifffahrt Rostock AG,,DE26911568976320298151
2852,Brüggemann Gebäudereinigung GbR,Bruggemann Gebaudereinigung|Bruggemann Gebaudereinigung GbR|Fa. Brüggemann Gebäudereinigung,DE65237587116518861605|DE25951867942694947368
2853,Tiefbau Kiel AG,Fa. Tiefbau Kiel,DE76635639308501619182|DE83848849834894362931
2854,Stein & Lehmann UG (haftungsbeschränkt),Stein & Lehmann UG (haftungsbeschrankt)|Fa. Stein & Lehmann,DE26973058399347143725|DE99910833407838835249|DE26972682581146663096
2855,Windkraft Hamburg UG (haftungsbeschränkt),,DE13 2477 9475 6456 2057 28|DE17536262236514125904|DE18 6847 2747 0854 3849 27
2856,Schreiber & König GmbH & Co. KG,Schreiber & Konig|Schreiber & Konig GmbH & Co. KG,DE81769343375227559505|DE26 2022 8258 0363 2004 23|DE72900967644279269930
2857,Hansen & Peters AG,Hansen & Peters|Hansen & Peters Aktiengesellschaft,DE38 5483 5882 8279 8683 01|DE70 2043 0771 1390 9006 59
2858,Engel Hafenservice KG,Engel Hafenservice,DE68 5065 2929 3518 1932 50|DE36 9188 7910 8411 6565 69|DE99 3912 5698 0017 2771 83
2859,Jansen & Sauer GbR,Jansen & Sauer,DE21818789247488177637|DE74 3854 0812 6650 9002 33
2860,Vogt Bäckerei OHG,Fa. Vogt Bäckerei|Vogt Bäckerei,DE67205787522424777841
2861,Druck Wilhelmshaven e.K.,Druck Wilhelmshaven,DE99454332555203457976|DE41 3920 1251 1191 8496 78
2862,Meier Bau e.K.,Fa. Meier Bau,DE14352694760133442659|DE78 3005 6679 9837 6291 46
2863,Bauer Spedition GbR,Bauer Spedition,DE17880757393656253923|DE23318116403099128689|DE37739948570853645117
2864,Lange Verlag e.K.,Lange Verlag|Fa. Lange Verlag,DE77577022434995638626|DE87477140279275366736
2865,Graf e.K.,Fa. Graf,DE89 2534 9041 4070 9178 22|DE23376154599288143794|DE34 1833 1513 4276 6767 04
2866,Horn Dachdeckerei UG (haftungsbeschränkt),Horn Dachdeckerei UG (haftungsbeschrankt),DE32120665697332999461
2867,Kraus & Busch GmbH,Fa. Kraus & Busch|Kraus & Busch,DE14321923083056845776
2868,Hartmann GmbH,Fa. Hartmann,DE97 2623 8955 8333 3110 14
2869,Windkraft Stade KG,,DE75 6904 1188 0497 0598 55|DE84868625229807425331
2870,Berger UG (haftungsbeschränkt),Berger UG (haftungsbeschrankt),DE88951434848772787927|DE43853854431789328240
2871,Thießen & König GbR,Thießen & König|Fa. Thießen & König|Thiessen & Konig GbR,DE27387896313022086940
2872,Winter Bau GmbH,Winter Bau,DE66857144501244717117|DE77 6563 1233 9322 4377 90
2873,Keller Spedition e.K.,Keller Spedition,DE60824396478498669113|DE89 3697 4932 8423 4617 72
2874,Schulz & Ludwig GmbH,Schulz & Ludwig|Schulz & Ludwig Ges.m.b.H.,DE85 4854 9995 5122 2379 27|DE29446418670020660908
2875,Schmitt & Maier AG,,DE31218230879670430722
2876,Busch Gartenbau UG (haftungsbeschränkt),Busch Gartenbau|Busch Gartenbau UG (haftungsbeschrankt),DE56653798790691053331|DE16868621912933713868
2877,Zimmermann Solartechnik UG (haftungsbeschränkt),Fa. Zimmermann Solartechnik|Zimmermann Solartechnik|Zimmermann Solartechnik UG (haftungsbeschrankt),DE62 7590 2291 8732 7619 46|DE35 9808 0718 1867 3724 99
2878,Hofmann Gebäudereinigung AG,Hofmann Gebaudereinigung,DE24 7563 5733 2330 6696 94|DE99241040890514839323
2879,Lorenz Tiefbau GmbH,Lorenz Tiefbau Ges.m.b.H.,DE15281347378310478448
2880,Pfeiffer Großhandel GmbH & Co. KG,Pfeiffer Großhandel GmbH u. Co. KG,DE96 4282 3381 2024 9003 04|DE29367840539928427610|DE99785756614576765200
2881,Holzbau Cuxhaven OHG,Holzbau Cuxhaven,DE67522788160628683534|DE73 6724 4439 4872 5249 17
2882,Winkler & Schwarz KG,Fa. Winkler & Schwarz|Winkler & Schwarz,DE81124051153400954684
2883,Braun GbR,,DE82 6259 8292 3403 4901 79
2884,Winkler & Möhring AG,Winkler & Mohring AG,DE45 1369 4471 3285 1796 67
2885,Immobilien Stade e.K.,Immobilien Stade,DE94187443176743704763
2886,Tiefbau Flensburg e.K.,,DE75888915674665388229
2887,Ziegler Fleischerei e.K.,Ziegler Fleischerei,DE47 8159 2479 6936 9726 93|DE25292989284294064606
2888,Günther & Jung UG (haftungsbeschränkt),Günther & Jung|Gunther & Jung,DE15544875313280980921|DE36520879828922203564
2889,König & Böhm AG,Konig & Bohm AG|Fa. König & Böhm|König & Böhm,DE41 1405 5120 3738 9501 20
2890,Sommer Tiefbau KG,Fa. Sommer Tiefbau,DE32 5357 9239 8518 3322 45|DE47 9206 4747 6961 8010 97|DE19226517660531315318
2891,Sauer & Weber e.K.,Sauer & Weber,DE95 6218 7022 4436 4962 41|DE61888462724928178794|DE63 3579 5823 8088 8848 95
2892,Hafenservice Flensburg e.K.,Fa. Hafenservice Flensburg|Hafenservice Flensburg,DE91921097124079049316|DE28941759582165511104
2893,Schneider & Möhring GmbH & Co. KG,Schneider & Mohring GmbH & Co. KG,DE86923137687492089108
2894,Dietrich & Fuchs OHG,Fa. Dietrich & Fuchs,DE34 5922 2367 8250 7979 14|DE93 6454 1953 7851 7854 75|DE12626942569494595469
2895,Voigt & Winkler e.K.,Fa. Voigt & Winkler|Voigt & Winkler,DE66 7508 3294 4759 0802 19
2896,Dachdeckerei Lübeck UG (haftungsbeschränkt),,DE53 8489 3280 7981 2132 21
2897,Wolff Fahrzeugtechnik UG (haftungsbeschränkt),Fa. Wolff Fahrzeugtechnik|Wolff Fahrzeugtechnik,DE38 8189 2457 8850 1820 55
2898,Mayer & Schreiber GmbH,Mayer & Schreiber Ges.m.b.H.|Mayer & Schreiber,DE19586768468593633380
2899,Hofmann Gebäudereinigung e.K.,Hofmann Gebaudereinigung e.K.,DE70 3328 1747 8548 5812 28|DE89 3663 6850 0205 3519 59
2900,Horn Hafenservice KG,Fa. Horn Hafenservice|Horn Hafenservice,DE45361478981818338306
2901,Mayer Textil GmbH,Mayer Textil Ges.m.b.H.|Fa. Mayer Textil,DE61937992034511869710|DE99874161528077289018
2902,Richter Kältetechnik OHG,Richter Kaltetechnik,DE63574651967551490366|DE43107630808685389612
2903,Fischer GmbH & Co. KG,Fischer GmbH u. Co. KG,DE15859636443246039396
2904,Bauer Solartechnik GmbH,Bauer Solartechnik Ges.m.b.H.,DE15 9042 9063 0983 9887 71
2905,Jäger & Vogel UG (haftungsbeschränkt),Jager & Vogel UG (haftungsbeschrankt)|Jäger & Vogel|Fa. Jäger & Vogel,DE99342973375862127862
2906,Pfeiffer & Krüger AG,Pfeiffer & Krüger Aktiengesellschaft|Fa. Pfeiffer & Krüger|Pfeiffer & Kruger,DE65320490223467946136|DE85 4823 9105 6312 2785 07
2907,Mayer & Krüger KG,Mayer & Krüger|Mayer & Kruger KG,DE32 3946 0181 1856 4927 03|DE84 1747 6419 3487 8551 81|DE48494677277871433854
2908,Kältetechnik Lüneburg GmbH,Kältetechnik Lüneburg|Kaltetechnik Luneburg,DE24931892873548343373|DE35349147208324343435|DE42426314920727045540
2909,Müller Fleischerei OHG,Muller Fleischerei,DE52 7837 9389 9170 2477 43|DE87665721502478934550
2910,Spedition Kiel AG,Spedition Kiel|Spedition Kiel Aktiengesellschaft|Fa. Spedition Kiel,DE17371709335939022706|DE62 8904 4755 0585 8481 01|DE31 5232 4078 1699 5612 33
2911,Braun Textil GbR,Fa. Braun Textil,DE18519555960182280127|DE36521881452890689709|DE30639246470850480454
2912,Logistik Emden OHG,Logistik Emden,DE50 4062 1306 8737 4453 80
2913,Braun Holzbau e.K.,Braun Holzbau,DE42 5401 0188 7280 8386 47|DE25582274675175732130|DE85 4432 4413 1436 9868 15
2914,Schäfer Immobilien GbR,Fa. Schäfer Immobilien,DE18251314095362632093
2915,Spedition Lüneburg AG,Spedition Luneburg,DE46 8621 7158 3813 7619 38
2916,Bergmann & Haas OHG,,DE38 5143 7736 0068 3555 07
2917,Hoffmann & Richter OHG,Fa. Hoffmann & Richter,DE25 3426 4573 6269 1553 08
2918,Sommer & Bauer KG,Sommer & Bauer,DE48 6476 2279 7762 3351 27
2919,Mayer OHG,,DE49 6468 5389 1239 8969 07
2920,Weiß Technik AG,Weiss Technik,DE42391005520464639364|DE14 7189 0869 5646 7832 72|DE36481309986206577168
2921,Brandt & Jansen e.K.,Brandt & Jansen,DE95910314054512490262|DE77517319104920000387
2922,Kraus Verlag GmbH,Kraus Verlag Ges.m.b.H.,DE59563800850451564050|DE60942515819303811705
2923,Hofmann & Kraus OHG,Hofmann & Kraus,DE81 8320 6208 5119 0253 70|DE35147761450602972835
2924,Huber Handel AG,Huber Handel Aktiengesellschaft|Huber Handel,DE42 7902 8949 0459 6590 93|DE72 6100 4104 8479 2946 19
2925,König Gartenbau GmbH,Konig Gartenbau GmbH|König Gartenbau,DE61324011548651322513|DE83266333887627696169|DE68313161380290519892
2926,Carstens Tiefbau e.K.,Carstens Tiefbau,DE51462005088754492065
2927,Möbel Cuxhaven GmbH,Mobel Cuxhaven,DE87136362661361338910|DE90 4240 5306 6451 7162 77
2928,Elektro Husum UG (haftungsbeschränkt),Fa. Elektro Husum,DE48 8616 9500 4591 6887 34|DE51415324323283433157
2929,Großhandel Kiel e.K.,Fa. Großhandel Kiel,DE64320828555105033398
2930,Kuhn & König OHG,Kuhn & König|Kuhn & Konig,DE36551564079973320907|DE49 2385 2071 2448 2226 48
2931,Winkler Sanitär UG (haftungsbeschränkt),,DE71 9283 2276 5754 5646 33|DE64515597810529307113
2932,Franke & Schmitz e.K.,Franke & Schmitz,DE79 4895 7050 4678 7532 36|DE50872439166922527943|DE86 4850 0968 2763 2867 89
2933,Fleischerei Stade UG (haftungsbeschränkt),Fleischerei Stade,DE93 5314 7257 1812 1480 34|DE39549286212434324201
2934,Wolff Metallbau GmbH,Wolff Metallbau Ges.m.b.H.|Fa. Wolff Metallbau,DE88610669139467684619|DE23898422574821394436
2935,Fleischerei Hamburg e.K.,,DE61 2538 6919 3899 9012 18|DE48371685741369242111
2936,Winter Fahrzeugtechnik OHG,Winter Fahrzeugtechnik|Fa. Winter Fahrzeugtechnik,DE73 6379 7745 7328 7583 73|DE21753850005115638877|DE94675434362939471140
2937,Catering Kiel AG,,DE33431974720319429519|DE94 5549 8138 5063 4831 57
2938,Koch & Huber OHG,Koch & Huber,DE28857265307111599383|DE69137193150995102928
2939,Schneider Maschinenbau GmbH & Co. KG,Schneider Maschinenbau,DE32 5769 8350 5515 6605 99
2940,Voigt & Kühn GbR,Voigt & Kuhn|Fa. Voigt & Kühn|Voigt & Kühn,DE50 8679 7147 2758 2602 44|DE84702516418185604856|DE97634174624354060161
2941,Technik Emden UG (haftungsbeschränkt),Fa. Technik Emden|Technik Emden,DE12 4513 4429 8772 8919 50
2942,Elektro Emden AG,Elektro Emden Aktiengesellschaft,DE71856398665698598638|DE73823664636026344186|DE14208724655808854953
2943,Meier Werbetechnik OHG,Meier Werbetechnik,DE18 5405 1758 4355 9345 99
2944,Bau Lüneburg e.K.,Bau Luneburg|Bau Lüneburg|Bau Luneburg e.K.,DE22724240252973238545|DE25 5043 7753 0348 8146 48
2945,Schwarz Medizintechnik GmbH,Fa. Schwarz Medizintechnik,DE10791259014793565286
2946,Meier UG (haftungsbeschränkt),Meier UG (haftungsbeschrankt),DE48801780783668694612
2947,König Großhandel OHG,Konig Grosshandel OHG|König Großhandel,DE68 2972 9238 2531 2553 27|DE83975585606902953906
2948,Thießen AG,Thiessen,DE58 3433 4901 4261 0611 57|DE97 9190 2949 8835 5539 11|DE84 8467 7982 4853 5464 34
2949,Busch Werbetechnik AG,Fa. Busch Werbetechnik,DE59 4129 4046 9129 6603 59
2950,Möller & Krause AG,Moller & Krause AG|Möller & Krause|Möller & Krause Aktiengesellschaft,DE46 7325 3758 5103 8057 52
2951,Maier Medizintechnik GmbH,Fa. Maier Medizintechnik|Maier Medizintechnik,DE94943136681133082005|DE27 9210 9805 5147 4654 02|DE64638685823751766955
2952,Rehder Tiefbau GbR,Rehder Tiefbau,DE77 5618 5334 4189 6147 33|DE40 7689 4524 0586 0098 81
2953,Solartechnik Bremen GbR,Fa. Solartechnik Bremen,DE62652373052195029140|DE53 4472 6458 1216 4480 14|DE80 1944 7773 0495 5469 50
2954,Schulze & Sauer AG,Fa. Schulze & Sauer|Schulze & Sauer Aktiengesellschaft,DE15746884292615982805|DE33 8157 2434 0899 3369 00|DE38996633665382888762
2955,Dachdeckerei Wilhelmshaven e.K.,Dachdeckerei Wilhelmshaven|Fa. Dachdeckerei Wilhelmshaven,DE67 9248 2168 3115 2886 53|DE91 2922 9590 8044 7380 86
2956,Arnold GmbH & Co. KG,Arnold GmbH u. Co. KG,DE10221724545204225406
2957,Thießen & Carstens GmbH,Thießen & Carstens Ges.m.b.H.|Thiessen & Carstens,DE74367380162855061741|DE82 9841 5069 5696 2625 21
2958,Catering Cuxhaven GmbH,,DE74 5513 6760 0410 6853 80
2959,Hofmann Verlag AG,Hofmann Verlag,DE41176485230639645749|DE88573381112715271617
2960,Elektro Flensburg e.K.,,DE95537776917662056094
2961,Pfeiffer Elektro e.K.,,DE46387139671237518121|DE44 6182 0497 2341 8778 55
2962,Martin Kältetechnik GbR,Martin Kältetechnik|Fa. Martin Kältetechnik|Martin Kaltetechnik,DE71897676178509274000|DE63535443091114075328
2963,Carstens Textil e.K.,Fa. Carstens Textil|Carstens Textil,DE86711431656208059223
2964,Möhring Bau AG,Möhring Bau|Mohring Bau AG,DE53 2450 2501 4266 4202 48|DE10705392611375095615|DE52469174103397826680
2965,Bauer Fleischerei GmbH,Bauer Fleischerei Ges.m.b.H.,DE95155401397791488991
2966,Becker Catering KG,Becker Catering,DE80964261368176045811
2967,Schmitt Logistik UG (haftungsbeschränkt),Fa. Schmitt Logistik|Schmitt Logistik UG (haftungsbeschrankt),DE40446657633608680073|DE42582995634947899918
2968,Busch Gebäudereinigung GmbH,Busch Gebäudereinigung Ges.m.b.H.|Busch Gebaudereinigung|Busch Gebäudereinigung,DE33227242311360496663|DE14 5692 5238 3020 8716 17
2969,Schwarz & Neumann KG,Schwarz & Neumann,DE81 8312 9027 8564 6066 32
2970,Stein UG (haftungsbeschränkt),,DE81319056839213918103
2971,Ludwig Verlag e.K.,Fa. Ludwig Verlag|Ludwig Verlag,DE14965854265305002135
2972,Textil Wilhelmshaven UG (haftungsbeschränkt),,DE20674698784966043656
2973,Werner Bäckerei UG (haftungsbeschränkt),Fa. Werner Bäckerei,DE73584065420729052248|DE58289952298617928754|DE36356987969294672113
2974,Großhandel Hamburg GbR,,DE58 6361 0512 1768 6855 81
2975,Becker Technik e.K.,Becker Technik|Fa. Becker Technik,DE19945099918028733666|DE40 4711 0062 1055 1758 90
2976,Köhler Bäckerei GbR,Kohler Backerei GbR,DE39269066404764304054
2977,Groß Bau AG,Groß Bau,DE95374887418968583573|DE87 2660 5352 4814 6565 53|DE37 7692 7595 3202 1852 13
2978,Wolff & Kraus GmbH,Wolff & Kraus Ges.m.b.H.|Wolff & Kraus,DE93 2705 0207 5140 8307 45
2979,Weber Elektro AG,Weber Elektro|Weber Elektro Aktiengesellschaft|Fa. Weber Elektro,DE14675121149441472231|DE60860043636062686668
2980,Metallbau Husum AG,Metallbau Husum,DE89978312585843364827|DE23294573050824208496|DE75246734906242593634
2981,Neumann GmbH,,DE60 7087 0605 0874 3644 77
2982,Hoffmann Dachdeckerei KG,,DE16 6868 5146 2897 4504 43|DE90 3708 6263 9605 1218 21|DE77 7787 2858 2190 7320 97
2983,Winter Immobilien GbR,Winter Immobilien,DE12 6658 6010 0929 1579 03|DE18 1236 5669 6980 6388 79
2984,Martin & Seidel UG (haftungsbeschränkt),Martin & Seidel UG (haftungsbeschrankt)|Martin & Seidel,DE14594559332579237951|DE80221134471535083234
2985,Schmitt Holzbau UG (haftungsbeschränkt),,DE77314646497668297541|DE22 5572 0395 8528 0343 91
2986,Köhler Spedition GmbH & Co. KG,Kohler Spedition|Köhler Spedition,DE54 2650 3616 5555 6931 37|DE76853761005586867307|DE35928502473022238266
2987,Baumann & Schäfer OHG,Baumann & Schafer|Fa. Baumann & Schäfer|Baumann & Schäfer,DE59 3411 1198 4680 7766 40
2988,Claußen Maschinenbau e.K.,Claussen Maschinenbau,DE36815276178904500349|DE99974903351280223740
2989,Claußen GbR,,DE24 4152 3886 6838 7813 19|DE23 8989 8375 4214 9751 14|DE30 5035 2769 3438 2296 61
2990,Winter & Schulte AG,Winter & Schulte,DE22 7465 8108 1497 1594 74
2991,Metallbau Flensburg e.K.,,DE36 5104 7700 6345 4099 10|DE55489437016021793312|DE75 2363 9088 7409 9020 13
2992,Frank & Hoffmann GbR,Frank & Hoffmann,DE78877607639877858293
2993,Fischer GmbH,,DE99688271706460178586|DE55 3199 4294 9687 8520 12|DE26 9449 4010 6766 7611 08
2994,Heinrich KG,,DE46 5976 6661 7122 1191 54|DE25785929016874425956
2995,Wolf & Möller e.K.,Wolf & Moller|Wolf & Möller,DE63222162628834567839|DE68 1266 8069 7896 0111 48|DE99 3270 9582 4866 5686 83
2996,Sanitär Flensburg UG (haftungsbeschränkt),Sanitar Flensburg|Fa. Sanitär Flensburg|Sanitär Flensburg,DE17845261446247318205
2997,Dietrich Kältetechnik UG (haftungsbeschränkt),Dietrich Kältetechnik|Fa. Dietrich Kältetechnik|Dietrich Kaltetechnik,DE22816683657960025365
2998,Groß Maschinenbau OHG,Fa. Groß Maschinenbau|Gross Maschinenbau,DE84449138541593948176|DE86510977879129958081
2999,Krüger & Franke GmbH,Kruger & Franke,DE96204078715836404402|DE12696623703120859330
3000,Thießen & Schäfer AG,Thiessen & Schafer AG|Thießen & Schäfer Aktiengesellschaft|Thießen & Schäfer,DE16 4505 2295 6168 6348 77
3001,Horn Sanitär UG (haftungsbeschränkt),Horn Sanitar UG (haftungsbeschrankt),DE81592353996149790475|DE65913462593571561043
3002,Schuster Handel GmbH,Schuster Handel,DE62521273723618221565
3003,Sommer Holzbau GbR,Sommer Holzbau,DE31516071744101412570|DE38 8796 8071 1051 0237 62
3004,Schmitz & Schreiber GmbH & Co. KG,Schmitz & Schreiber,DE72 8108 1842 0718 2264 72|DE10 5522 2029 5500 3778 23|DE77 8379 1185 6828 8381 19
3005,Bergmann Systemhaus OHG,,DE40270506812152542649
3006,Becker Schifffahrt GmbH & Co. KG,Becker Schifffahrt,DE33 2741 8889 1046 8190 66
3007,Braun Möbel OHG,Braun Mobel|Braun Mobel OHG|Braun Möbel,DE61 4520 9920 4575 9539 97
3008,König & Lorenz GbR,Konig & Lorenz GbR|König & Lorenz|Konig & Lorenz,DE42 2373 8011 2920 2563 54
3009,Möhring Fleischerei GmbH,Mohring Fleischerei GmbH,DE61 8834 1009 7996 4074 01|DE41 1846 8060 0931 2587 60|DE95459831739399102483
3010,Möller & Sommer UG (haftungsbeschränkt),Möller & Sommer,DE31778237298144247202|DE81 1010 6770 5892 3447 38
3011,Lehmann & Brandt UG (haftungsbeschränkt),Lehmann & Brandt UG (haftungsbeschrankt)|Fa. Lehmann & Brandt|Lehmann & Brandt,DE15908191549501861704|DE90408307329109868525|DE17846883130488792416
3012,Klein & Schreiber OHG,,DE62 2499 6434 8110 3330 42
3013,Kühn Fleischerei UG (haftungsbeschränkt),Kühn Fleischerei|Kuhn Fleischerei,DE57 7767 5321 5441 2193 75
3014,Bäckerei Emden AG,Backerei Emden,DE21939845612916086295|DE12243822101862763273|DE83 4675 7624 3892 3641 95
3015,Köhler & Thomas GmbH & Co. KG,Kohler & Thomas GmbH & Co. KG|Kohler & Thomas,DE68 1789 4237 4482 8846 51|DE18992322754293227627
3016,Weber UG (haftungsbeschränkt),,DE53768648598984987367
3017,Albrecht Kältetechnik KG,,DE49 7124 0073 8249 4602 21|DE13624294306170370006
3018,Carstens Sanitär UG (haftungsbeschränkt),Fa. Carstens Sanitär,DE41602481432023944054
3019,Seidel Metallbau GmbH,Seidel Metallbau|Seidel Metallbau Ges.m.b.H.,DE10 9047 9426 7673 1624 76|DE62868626941504176512|DE63 8852 7826 9828 2027 90
3020,Becker Solartechnik OHG,Becker Solartechnik,DE57 9370 1129 0701 7297 97|DE75 4439 3145 2977 2227 50
3021,Sanitär Schwerin GbR,,DE60367570155039204124
3022,Jung Technik GmbH & Co. KG,Fa. Jung Technik|Jung Technik,DE65 7125 9995 0165 4293 16
3023,Petersen Windkraft UG (haftungsbeschränkt),Petersen Windkraft|Fa. Petersen Windkraft|Petersen Windkraft UG (haftungsbeschrankt),DE82 8219 0006 0061 3088 41|DE89846885628916379007|DE50752454329724447511
3024,Ziegler Bäckerei UG (haftungsbeschränkt),Ziegler Bäckerei|Ziegler Backerei UG (haftungsbeschrankt),DE73 3328 3391 1340 4183 52|DE79967775330728015009
3025,Horn Catering AG,Fa. Horn Catering|Horn Catering,DE87 2015 6727 1890 8429 78|DE73885089585499619017|DE90522704487732541855
3026,Krüger Solartechnik GmbH & Co. KG,Krüger Solartechnik,DE40 3769 2463 5656 2783 84
3027,Meyer Catering e.K.,,DE95644918634077470610|DE54428222025616156643|DE96 4000 0045 0687 2199 76
3028,Verlag Wilhelmshaven OHG,,DE80 9155 4548 7620 5870 57|DE84 2499 7741 6980 7175 67|DE11 9114 1087 4997 9600 63
3029,Keller Spedition GbR,,DE97 1625 8517 7201 3147 34|DE32 7775 9831 3927 9439 66
3030,Friedrich e.K.,Fa. Friedrich,DE69 3698 3208 7963 5985 26|DE69 9215 4077 5372 5485 73
3031,Fahrzeugtechnik Kiel UG (haftungsbeschränkt),Fahrzeugtechnik Kiel UG (haftungsbeschrankt),DE68678470249222368451|DE18 4097 2649 5171 1731 72
3032,Huber Bau GmbH,Huber Bau|Huber Bau Ges.m.b.H.,DE64245608389303239669|DE73 8786 2353 8927 0630 13
3033,Fischer & Franke OHG,Fischer & Franke|Fa. Fischer & Franke,DE72214828096461157331|DE44 3482 3191 4971 2323 09
3034,Möbel Lübeck AG,Mobel Lubeck|Möbel Lübeck Aktiengesellschaft,DE65 6061 1936 9063 5315 74
3035,Schäfer Maschinenbau GmbH & Co. KG,Schäfer Maschinenbau GmbH u. Co. KG|Schafer Maschinenbau,DE42800497603060249387|DE51426389807800958130
3036,Textil Rostock GbR,Textil Rostock,DE25 4360 6131 0294 5603 72|DE83 5463 8619 6233 0149 49
3037,Schreiber Technik OHG,Schreiber Technik,DE23127562704568142466|DE18446273586373629973
3038,Albrecht & Schneider KG,Fa. Albrecht & Schneider,DE48175451896769790574|DE74 3343 8984 5638 7758 41|DE91 6889 1739 8338 2579 30
3039,Winkler & Roth KG,Fa. Winkler & Roth,DE56261540890639144571
3040,Berger Metallbau UG (haftungsbeschränkt),Berger Metallbau|Berger Metallbau UG (haftungsbeschrankt),DE21770629434339519077
3041,Krämer Tiefbau GbR,Kramer Tiefbau,DE87795806311704921563|DE92 5965 6384 5391 5026 17
3042,Maschinenbau Emden GmbH & Co. KG,Maschinenbau Emden GmbH u. Co. KG,DE81477475632151431668
3043,Ziegler Windkraft AG,Ziegler Windkraft,DE19743145322160702034|DE17176260150338104074
3044,Schmitt Fahrzeugtechnik UG (haftungsbeschränkt),Schmitt Fahrzeugtechnik UG (haftungsbeschrankt)|Schmitt Fahrzeugtechnik,DE66 4049 2206 6252 9585 92|DE45995449718380544877
3045,Werner Metallbau e.K.,Fa. Werner Metallbau,DE53990371063345437904|DE12237631221104013400|DE26921522335839823189
3046,Berger & Busch GmbH & Co. KG,Berger & Busch,DE29398641586412111209
3047,Gartenbau Lüneburg e.K.,Gartenbau Luneburg e.K.,DE93269221871899552982
3048,Gebäudereinigung Rostock AG,Fa. Gebäudereinigung Rostock|Gebäudereinigung Rostock Aktiengesellschaft|Gebaudereinigung Rostock,DE51 6173 2393 8791 2848 77|DE15387617035548400585
3049,Huber Werbetechnik GmbH,Huber Werbetechnik Ges.m.b.H.,DE42 4622 6349 5531 8026 69|DE36 6686 8268 0089 9556 22
3050,Arnold Handel KG,Arnold Handel,DE95107722635796130465|DE60387763943199214592
3051,Jansen Windkraft GmbH,,DE39948979594080340266|DE68872693168309905066
3052,Kältetechnik Rostock KG,Kaltetechnik Rostock KG|Fa. Kältetechnik Rostock|Kältetechnik Rostock,DE11 8800 8001 7176 6141 70|DE93921182501036804567
3053,Claußen & Herrmann UG (haftungsbeschränkt),Claußen & Herrmann|Claussen & Herrmann UG (haftungsbeschrankt),DE96 3164 0058 1172 5311 23
3054,Catering Oldenburg GmbH,Catering Oldenburg,DE91288052735851522852
3055,Ludwig Holzbau e.K.,Fa. Ludwig Holzbau,DE62184525575278853867
3056,Schreiber GmbH & Co. KG,,DE55465709016929691805|DE18890939651392144794
3057,Graf Windkraft GmbH & Co. KG,Graf Windkraft,DE91258643361480431284|DE87 7479 7698 4634 7074 79
3058,Schmidt AG,Schmidt Aktiengesellschaft,DE52181360851987470218|DE31 2647 7997 4263 0372 26|DE98230947623361996007
3059,Ludwig Handel KG,Ludwig Handel,DE37 4405 2656 6750 8070 57|DE82 1833 7390 8549 9862 16|DE47696585992698638197
3060,Bergmann Elektro e.K.,Bergmann Elektro|Fa. Bergmann Elektro,DE81131085689192387673|DE71 5246 5955 4439 7148 64
3061,Schäfer Technik GbR,Schafer Technik|Fa. Schäfer Technik,DE72 1716 7271 2351 4434 30|DE60370166999145508094
3062,Schumacher e.K.,Schumacher,DE93 7863 8810 9414 7772 57|DE35 3421 8294 4709 6792 16
3063,Brandt GmbH,,DE80170863518590383736
3064,Spedition Rostock UG (haftungsbeschränkt),,DE49863896056614467493|DE31317047756476820592|DE58406409198620914921
3065,Schifffahrt Flensburg e.K.,,DE30 8480 0476 6749 8463 56
3066,König Gebäudereinigung GbR,Konig Gebaudereinigung|Fa. König Gebäudereinigung,DE59 9036 1165 2411 8746 42
3067,Günther & Roth GmbH & Co. KG,Gunther & Roth|Günther & Roth|Günther & Roth GmbH u. Co. KG,DE59195307971677853172
3068,Thomas Handel e.K.,,DE41437188554437805985
3069,Lorenz & Jung GbR,Fa. Lorenz & Jung,DE71815444412489151255
3070,Ludwig Gartenbau GmbH,Ludwig Gartenbau|Ludwig Gartenbau Ges.m.b.H.,DE39255579487999552901
3071,Keller Bäckerei UG (haftungsbeschränkt),Fa. Keller Bäckerei,DE64 3569 8172 6223 2185 59|DE94822369183050791150
3072,Druck Flensburg UG (haftungsbeschränkt),,DE92 3464 4049 7525 6343 87|DE21676747228782668169
3073,Verlag Emden GbR,Fa. Verlag Emden|Verlag Emden,DE53301683276842961418|DE95342090507499466938|DE97375537775282094884
3074,Müller Hafenservice GmbH,Fa. Müller Hafenservice,DE74354399258900712883
3075,Fleischerei Oldenburg GbR,Fleischerei Oldenburg,DE15653173943835774372|DE66339668786943443083
3076,Kraus e.K.,,DE76 8364 4779 9026 3291 93|DE54 4053 9043 9490 7187 86
3077,Rehder Hafenservice UG (haftungsbeschränkt),Fa. Rehder Hafenservice|Rehder Hafenservice,DE91792828742327167514
3078,Sommer & Fischer UG (haftungsbeschränkt),Sommer & Fischer UG (haftungsbeschrankt)|Fa. Sommer & Fischer,DE61645832695518541073|DE88 2812 4453 4006 5842 51|DE54775955596150701833
3079,Bauer Kältetechnik e.K.,,DE20 7773 8354 7211 9193 57
3080,Sauer Immobilien AG,Sauer Immobilien Aktiengesellschaft|Sauer Immobilien,DE49679554815768133800|DE57997600728351846639|DE83173141707974333426
3081,Bauer & Wolff GbR,,DE41413902953252522496
3082,Roth & Keller AG,Fa. Roth & Keller,DE40152364533723617717|DE25977134134332660222
3083,Hahn Logistik KG,Fa. Hahn Logistik|Hahn Logistik,DE46 8545 0757 9309 0415 12
3084,Brüggemann & Schuster KG,Bruggemann & Schuster|Brüggemann & Schuster,DE85991181815067566774
3085,Lange Schifffahrt GmbH,Fa. Lange Schifffahrt,DE52 7600 3115 7762 9870 78
3086,Winkler Medizintechnik e.K.,Winkler Medizintechnik,DE18860340391993475675|DE90588265512242892789
3087,Lorenz Sanitär OHG,Fa. Lorenz Sanitär|Lorenz Sanitar|Lorenz Sanitar OHG,DE13877433943353409634|DE84527880676720540365
3088,Textil Bremen OHG,Textil Bremen,DE38951349099953551273|DE20232984842878732306
3089,Wolff Bäckerei e.K.,Wolff Bäckerei,DE14860150887793217076|DE51934358268052919111
3090,Keller Werbetechnik OHG,Fa. Keller Werbetechnik,DE58445658349907743623|DE97169794642694941352
3091,Müller & Hartmann AG,Muller & Hartmann AG,DE38695497414367509683|DE26 7116 9663 9476 2188 06
3092,Schwarz & Klein OHG,Fa. Schwarz & Klein|Schwarz & Klein,DE15 4344 9920 6731 9905 41|DE49 9084 3036 5146 4589 96
3093,Schuster & Hoffmann GbR,Schuster & Hoffmann,DE66543236840173180164|DE22 8016 2365 8970 1112 02|DE58 7501 2711 9238 0285 12
3094,Lüdtke Holzbau GbR,Ludtke Holzbau|Lüdtke Holzbau|Fa. Lüdtke Holzbau,DE24 3337 1118 8867 1213 39|DE55528864796447043704|DE19 9237 3701 9081 1921 32
3095,Scholz e.K.,Fa. Scholz,DE49570196317377057225|DE92578284861555232880
3096,Fahrzeugtechnik Husum AG,Fa. Fahrzeugtechnik Husum|Fahrzeugtechnik Husum Aktiengesellschaft,DE16921485284066467972
3097,Textil Husum KG,,DE51 1697 9580 1517 3189 87|DE21472317737638339962
3098,Arnold Schifffahrt KG,Fa. Arnold Schifffahrt|Arnold Schifffahrt,DE88 3374 2493 3960 0783 32|DE69179266124514682920|DE42 5227 3595 7148 9268 73
3099,Otto Kältetechnik e.K.,Fa. Otto Kältetechnik|Otto Kaltetechnik,DE41 2283 1221 4762 1486 80|DE69886182604132935502
3100,Meier Immobilien GbR,Meier Immobilien,DE30 6155 1719 0910 9161 90
3101,Hansen & Wolf AG,Hansen & Wolf Aktiengesellschaft|Fa. Hansen & Wolf,DE85555020354858229202|DE29399968385433845094|DE15 1741 2099 7179 5170 39
3102,Hofmann Dachdeckerei e.K.,Hofmann Dachdeckerei,DE70 2279 5279 1715 7134 74|DE91856216853544581847
3103,Schulz Medizintechnik GbR,Fa. Schulz Medizintechnik|Schulz Medizintechnik,DE24131031345853108371|DE84975444294495124827
3104,Bauer Gartenbau AG,Bauer Gartenbau,DE90968760841907512865
3105,Thießen Solartechnik GmbH & Co. KG,Thiessen Solartechnik,DE91 7172 4475 7755 6692 92|DE43 6395 3114 7242 4790 54|DE83597433077609403974
3106,Ziegler e.K.,Fa. Ziegler,DE12 4245 6904 1964 4815 24|DE70933810601374832966
3107,Dietrich & Schulz KG,Dietrich & Schulz,DE38 2964 4654 5352 9730 28
3108,Schulz GbR,Fa. Schulz,DE64 8869 6018 5804 4241 55|DE55318119622773906625|DE53286837340953303664
3109,Roth GmbH,Roth Ges.m.b.H.,DE54770009175777607990|DE19446850392506366541|DE51289561615558191866
3110,Sauer Immobilien KG,Fa. Sauer Immobilien,DE45 7338 7617 9674 7213 25
3111,Thomas OHG,Thomas,DE46 7219 1346 9599 8803 98|DE19 2024 4643 2809 5059 43|DE50 5108 1238 8193 2772 12
3112,Wolff AG,,DE18679596262257485015|DE57 9847 2575 4688 4834 84
3113,Braun Immobilien KG,Braun Immobilien|Fa. Braun Immobilien,DE81 4960 9340 7036 9408 51
3114,Hoffmann Bäckerei UG (haftungsbeschränkt),Fa. Hoffmann Bäckerei,DE98 5440 1417 0822 4537 14|DE25 1332 5453 8400 3892 32
3115,Petersen GmbH,,DE15169074514685551849|DE41358040466026401687
3116,Schmitt Systemhaus GmbH,Schmitt Systemhaus Ges.m.b.H.,DE79561427049063873605
3117,Fischer & Thomas GbR,Fa. Fischer & Thomas,DE36287608981792460603
3118,Simon & Hofmann AG,Simon & Hofmann|Simon & Hofmann Aktiengesellschaft,DE41 5762 4931 2968 2998 27|DE94871890862432321372
3119,Bauer & Mayer AG,Bauer & Mayer,DE17 4277 2088 3627 3121 43|DE19326270837880603806|DE37 7879 2378 8253 7795 85
3120,Bäckerei Hamburg GmbH & Co. KG,Fa. Bäckerei Hamburg|Bäckerei Hamburg GmbH u. Co. KG|Bäckerei Hamburg,DE96240976476064948634
3121,Jung Kältetechnik AG,Fa. Jung Kältetechnik|Jung Kältetechnik Aktiengesellschaft,DE27 9172 4109 1507 7795 65|DE70178966183507730813|DE72975919623494114419
3122,Gebäudereinigung Kiel OHG,Fa. Gebäudereinigung Kiel,DE52 6683 5603 6510 6666 28|DE40 9916 5917 5311 5386 33
3123,Albrecht Spedition AG,,DE17861827851378256289|DE85 7598 6792 2903 3682 08
3124,Werbetechnik Stade OHG,Fa. Werbetechnik Stade,DE22 4895 9372 2405 0486 47|DE27 7485 5500 5916 0307 39|DE34 2703 6950 9161 9010 29
3125,Holzbau Husum KG,Holzbau Husum|Fa. Holzbau Husum,DE30576350122376712276
3126,Hafenservice Bremen GmbH,Hafenservice Bremen Ges.m.b.H.,DE23774920067232055295
3127,Fuchs GbR,,DE70608553079656123636|DE97473955813216119876
3128,Schulze Möbel KG,Fa. Schulze Möbel|Schulze Mobel KG,DE37530574783116835443|DE72380790122711913676|DE23244051705044999507
3129,Zimmermann Maschinenbau e.K.,Zimmermann Maschinenbau,DE52 3120 2512 1412 8167 57|DE23 9774 7291 9139 8052 83
3130,Logistik Bremen OHG,,DE71631747554544498458|DE95382354238118271597|DE20392279747896450720
3131,Meier e.K.,,DE91 8371 3907 4952 3753 80|DE35461900315340930570
3132,Sanitär Kiel GmbH,Sanitär Kiel|Sanitar Kiel GmbH,DE48178546723183151625|DE14377788020139270085
3133,Peters AG,Peters Aktiengesellschaft,DE64583385073190897496
3134,Wolff Werbetechnik GmbH,Wolff Werbetechnik Ges.m.b.H.,DE81 2628 5939 2573 8988 00|DE24 8246 8122 7173 4551 14|DE71 9304 7644 5239 5113 69
3135,Lang Maschinenbau UG (haftungsbeschränkt),Lang Maschinenbau UG (haftungsbeschrankt)|Fa. Lang Maschinenbau,DE82 2813 2152 7799 3209 74|DE52 9477 6446 3286 9916 47
3136,Thießen Textil UG (haftungsbeschränkt),Fa. Thießen Textil|Thiessen Textil,DE24 7062 2232 6580 4534 66|DE88 7786 6996 7332 2258 79|DE21144145393383505631
3137,Schäfer e.K.,Schafer,DE56 6360 6967 0915 7870 84|DE71 4601 6210 8104 5344 23|DE39 4709 2098 9134 9780 87
3138,Möbel Emden UG (haftungsbeschränkt),Mobel Emden UG (haftungsbeschrankt),DE47 6539 5591 4060 2037 33|DE92978257785551391801
3139,Albrecht Sanitär UG (haftungsbeschränkt),Albrecht Sanitär|Albrecht Sanitar UG (haftungsbeschrankt),DE24967983637601298677|DE56394150707055282920
3140,Möller Medizintechnik OHG,Moller Medizintechnik OHG|Fa. Möller Medizintechnik,DE18 9024 0180 4319 5336 62|DE69 9937 9027 4475 0988 04|DE44903590063573062547
3141,Günther UG (haftungsbeschränkt),Gunther UG (haftungsbeschrankt),DE88159797290202380257|DE10534771960462627768
3142,Pfeiffer Tiefbau OHG,Pfeiffer Tiefbau,DE91 7053 1232 6004 2804 97|DE24 9569 3679 3044 2758 32
3143,Albrecht GbR,,DE12587762281157447967|DE56 6385 8270 0843 5938 84|DE20 9653 0160 6931 7715 62
3144,Metallbau Hamburg GbR,,DE58570068870386899952|DE47 5388 2266 7413 6234 59
3145,Schmitt Gebäudereinigung UG (haftungsbeschränkt),Schmitt Gebaudereinigung,DE92712041118654363273|DE94 9782 0094 0699 0667 89|DE78465940570582492905
3146,Frank Fahrzeugtechnik e.K.,Frank Fahrzeugtechnik,DE91514817467796226766|DE85934362060309920130
3147,Schulze & Wagner e.K.,Fa. Schulze & Wagner|Schulze & Wagner,DE86 4533 2399 5833 5412 53
3148,Voigt Immobilien GbR,Fa. Voigt Immobilien|Voigt Immobilien,DE48 1349 7448 6438 4867 62
3149,Windkraft Emden UG (haftungsbeschränkt),Fa. Windkraft Emden,DE11 2623 2387 2304 2930 65
3150,Schmid Metallbau GmbH & Co. KG,Schmid Metallbau|Schmid Metallbau GmbH u. Co. KG,DE12 7256 6135 1790 0264 95|DE60881927710563051633
3151,Scholz & Petersen GmbH & Co. KG,,DE13100938651741086802|DE38576008662812724863
3152,Bau Neumünster UG (haftungsbeschränkt),Bau Neumunster|Fa. Bau Neumünster|Bau Neumünster,DE35693816546766622232|DE52725239396754938907
3153,Weiß Maschinenbau KG,Weiss Maschinenbau,DE48 1082 0782 1702 7110 54|DE71 2744 3211 5071 8721 02|DE82815475599413778136
3154,Hofmann Fleischerei OHG,Hofmann Fleischerei,DE96935398716672380342|DE62 8270 3956 7509 3620 93
3155,Seidel GmbH & Co. KG,,DE43 7269 5704 7940 8552 97
3156,Jung & Sauer e.K.,Jung & Sauer|Fa. Jung & Sauer,DE22 8916 3847 6471 5558 26|DE22515373326666817994|DE23705362799519423405
3157,Müller GmbH & Co. KG,Muller GmbH & Co. KG|Müller,DE28916522096070544120
3158,Metallbau Schwerin e.K.,,DE14 8187 5071 4660 8997 85
3159,Arnold & Graf GmbH & Co. KG,Fa. Arnold & Graf,DE18 6191 4154 0415 2211 02|DE15 5724 9312 0325 6299 42|DE76 8804 7751 1977 2814 10
3160,Krause Immobilien UG (haftungsbeschränkt),Krause Immobilien,DE21624700298079502912
3161,Otto & Jäger UG (haftungsbeschränkt),Fa. Otto & Jäger|Otto & Jager|Otto & Jager UG (haftungsbeschrankt),DE71132226289825993821
3162,Keller Hafenservice GmbH & Co. KG,Keller Hafenservice|Keller Hafenservice GmbH u. Co. KG,DE72304561242975682058|DE10 3809 5003 0866 5649 16|DE41 2961 9327 1693 2340 71
3163,Schmitz Holzbau GbR,Fa. Schmitz Holzbau,DE97527241736932344232
3164,Handel Lübeck OHG,Handel Lübeck,DE47 9119 4896 0268 0034 09|DE28517472911313906847
3165,Mayer Großhandel GmbH,Mayer Großhandel,DE55661458630453981081|DE58319553502851929350
3166,Arnold Medizintechnik AG,,DE20 3781 7737 8131 5093 78|DE37 7426 4498 3287 8064 58
3167,Brüggemann Verlag KG,Brüggemann Verlag|Fa. Brüggemann Verlag|Bruggemann Verlag KG,DE28 2367 1481 7922 9945 84
3168,Lorenz Möbel GmbH,Lorenz Möbel Ges.m.b.H.,DE27 1948 0544 4616 6907 83|DE23353849275991138088
3169,Schuster Spedition GmbH & Co. KG,Fa. Schuster Spedition|Schuster Spedition,DE53416305889587632061
3170,Scholz Bau AG,Fa. Scholz Bau|Scholz Bau,DE33 6019 5711 4351 0203 15|DE96 3768 2429 2689 6838 87
3171,Hafenservice Oldenburg KG,Fa. Hafenservice Oldenburg|Hafenservice Oldenburg,DE43 7744 6348 1015 4447 22|DE22907267010850422218
3172,Schulz Verlag GbR,,DE31 6451 1405 2222 4990 84|DE64 1628 8708 4395 0295 31|DE35497920341661233253
3173,Kühn Textil GmbH,Kühn Textil Ges.m.b.H.|Fa. Kühn Textil|Kühn Textil,DE70 2678 7247 7964 6940 25
3174,Möller & König OHG,Moller & Konig|Fa. Möller & König|Moller & Konig OHG,DE61 1683 1138 5588 8079 48|DE30 5966 0177 2677 8956 77
3175,Krause Hafenservice OHG,Fa. Krause Hafenservice|Krause Hafenservice,DE74268594161998978482|DE33 3189 7386 9986 1186 46|DE98 8565 4352 7890 2097 83
3176,Bergmann & Stein GbR,Bergmann & Stein,DE98 2421 1830 7913 0161 85|DE94215246755245942770|DE78 3541 1731 5319 6562 35
3177,Thießen Spedition OHG,Fa. Thießen Spedition|Thießen Spedition,DE70 6495 5157 9147 0481 25|DE76 5290 9008 2366 4318 80
3178,Arnold Werbetechnik GbR,Fa. Arnold Werbetechnik,DE46 6884 6088 5698 6745 55
3179,Walter Hafenservice OHG,Walter Hafenservice|Fa. Walter Hafenservice,DE33 3291 8568 2761 2739 62|DE60174223752150542541
3180,Lang & Krämer GmbH & Co. KG,Lang & Krämer|Lang & Krämer GmbH u. Co. KG,DE90986892913049369066|DE29 2459 9661 6975 1154 22
3181,Hofmann Schifffahrt GmbH,Hofmann Schifffahrt|Fa. Hofmann Schifffahrt|Hofmann Schifffahrt Ges.m.b.H.,DE16 2234 9150 8521 9816 32
3182,Thomas Gartenbau e.K.,Thomas Gartenbau,DE26 9262 5993 7935 9873 98
3183,Pohl & Bauer OHG,Pohl & Bauer,DE90726478912894001393|DE84 6633 1052 4396 9348 71
3184,Hartmann Tiefbau UG (haftungsbeschränkt),Hartmann Tiefbau,DE15205367749166789067|DE42 4954 0959 2095 1706 18
3185,Beck Handel AG,Fa. Beck Handel|Beck Handel,DE85 8791 3940 6638 2050 24|DE17409579449727005965
3186,Thomas GbR,,DE82179868032273073960|DE95626306015821854778|DE46 8664 6609 0518 3289 24
3187,Schuster Werbetechnik GbR,Schuster Werbetechnik,DE30 5773 9206 6805 2850 00
3188,Becker Fleischerei e.K.,Fa. Becker Fleischerei|Becker Fleischerei,DE95939298173443075641|DE54852735543201172530|DE49899862500234283579
3189,Groß Immobilien UG (haftungsbeschränkt),Fa. Groß Immobilien|Groß Immobilien|Gross Immobilien UG (haftungsbeschrankt),DE67177712284513406592
3190,Peters Sanitär KG,Peters Sanitar,DE70 7530 2525 1315 0595 94
3191,Brüggemann Textil UG (haftungsbeschränkt),Bruggemann Textil,DE16215033095222803772
3192,Systemhaus Cuxhaven AG,,DE72 7105 4213 7552 4569 49|DE54743584638744700800|DE10 6142 4745 2610 7621 52
3193,Schäfer & Schneider GmbH & Co. KG,Schafer & Schneider|Fa. Schäfer & Schneider|Schäfer & Schneider GmbH u. Co. KG,DE51 3652 0121 3544 0794 76
3194,Schifffahrt Husum UG (haftungsbeschränkt),Schifffahrt Husum UG (haftungsbeschrankt),DE77 8304 3614 7244 8932 84
3195,Kaiser & Möller GmbH & Co. KG,Kaiser & Möller GmbH u. Co. KG|Kaiser & Moller,DE85 9394 7977 9956 4664 64|DE12 8110 6176 5130 6723 20|DE22 8720 0739 9393 8227 81
3196,Claußen & Walter OHG,Claußen & Walter,DE45495823498080470925
3197,Schulz Systemhaus AG,Schulz Systemhaus,DE72 5475 9644 7616 2343 26
3198,Möller GmbH,Fa. Möller|Möller Ges.m.b.H.|Moller GmbH,DE56410125638918675247
3199,Maier & Sauer e.K.,Maier & Sauer,DE81 7064 2735 4459 9995 04
3200,Catering Schwerin GmbH & Co. KG,Catering Schwerin GmbH u. Co. KG,DE27155484022476832952
3201,Schmidt Gartenbau GmbH,Schmidt Gartenbau Ges.m.b.H.,DE73853321455626616636|DE45 6439 4634 5602 0630 15
3202,Schröder Medizintechnik OHG,Schroder Medizintechnik|Fa. Schröder Medizintechnik|Schröder Medizintechnik,DE82720303505773267032
3203,Brandt Handel e.K.,Fa. Brandt Handel,DE61508838154505528234|DE23 3609 6799 8537 1787 60|DE53 8600 5013 5078 3548 38
3204,Dietrich & Krüger OHG,Dietrich & Kruger OHG,DE53 2369 3618 8002 4905 57|DE15 8115 2582 5050 5138 47
3205,Kältetechnik Stade e.K.,Kaltetechnik Stade e.K.,DE51268450166405025210|DE33775335523833729720|DE77972849580420681791
3206,Friedrich Verlag GmbH,Fa. Friedrich Verlag,DE70236436684330779149|DE97666968457226656311
3207,Müller KG,Fa. Müller,DE41 5133 9905 6845 3210 94
3208,Schröder Handel OHG,Schröder Handel,DE38 8872 8183 0965 4457 67|DE53 8296 4129 1373 1349 93|DE95 8729 1366 2063 7633 12
3209,Braun Dachdeckerei e.K.,Braun Dachdeckerei|Fa. Braun Dachdeckerei,DE80 9060 2586 5095 0062 87|DE37399798482781286558|DE22 2220 1972 4506 1891 02
3210,Müller & Schröder e.K.,Muller & Schroder e.K.|Fa. Müller & Schröder,DE37852116212842139848
3211,Ludwig & Walter UG (haftungsbeschränkt),Ludwig & Walter|Ludwig & Walter UG (haftungsbeschrankt),DE47498373894228635943|DE91 3977 0023 8402 9248 91
3212,Sommer Textil KG,Sommer Textil,DE44451126318498869540
3213,Horn Windkraft GbR,Horn Windkraft,DE35776614268530690619|DE11 1538 2921 9476 2384 96
3214,Schmitt & Schäfer e.K.,Fa. Schmitt & Schäfer,DE80 6180 4531 7902 3410 79|DE69 5519 9133 4509 5554 78
3215,Schulte & Pfeiffer e.K.,Schulte & Pfeiffer,DE94827400054806377508|DE18206120463963400072|DE17274944897970377856
3216,Spedition Lübeck UG (haftungsbeschränkt),Spedition Lubeck UG (haftungsbeschrankt)|Spedition Lübeck,DE71886048113880070973
3217,Tiefbau Lüneburg GbR,Tiefbau Lüneburg,DE46982167972025875303|DE56 8602 3346 3386 6969 63|DE91629084898311501437
3218,Ziegler & Schmitt KG,Fa. Ziegler & Schmitt|Ziegler & Schmitt,DE22 8247 7847 9112 3446 71|DE98165470045581772638
3219,Frank & Petersen GmbH,Frank & Petersen,DE60 1004 7201 7151 2251 28|DE57967178461214762833|DE16343968435067554074
3220,Keller Technik GmbH & Co. KG,Fa. Keller Technik,DE47285318278389086015|DE18 6861 8182 9912 2505 66
3221,Voigt Kältetechnik e.K.,Voigt Kaltetechnik e.K.|Fa. Voigt Kältetechnik,DE35 5776 8231 8514 8663 69
3222,Druck Schwerin GmbH & Co. KG,Druck Schwerin GmbH u. Co. KG,DE50 4544 0914 6282 9372 82|DE57 4411 2237 6856 4897 52
3223,Scholz Tiefbau e.K.,Scholz Tiefbau,DE45 6906 0985 4551 1342 68
3224,Handel Flensburg UG (haftungsbeschränkt),Fa. Handel Flensburg|Handel Flensburg UG (haftungsbeschrankt),DE97 4730 7832 3358 9334 98|DE16 7199 3086 6092 3068 49
3225,Metallbau Kiel KG,,DE73 5543 5504 0962 4854 49
3226,Meier Sanitär GmbH,Fa. Meier Sanitär,DE41 3291 1768 4250 7222 21
3227,Horn Werbetechnik UG (haftungsbeschränkt),Horn Werbetechnik|Horn Werbetechnik UG (haftungsbeschrankt),DE81487690720680971892
3228,Lüdtke GbR,Ludtke GbR,DE50 7472 3692 5331 1050 65|DE84 5803 4172 1027 4751 37
3229,Jung Logistik OHG,Jung Logistik,DE47 7432 3771 5942 0682 96|DE96 1124 2090 5445 4976 94|DE60 2884 5395 3225 9815 34
3230,Maschinenbau Husum KG,Fa. Maschinenbau Husum,DE41 3403 4364 5618 7766 44
3231,Rehder Druck AG,,DE11471262464996439405|DE76 4111 0488 5737 9776 35
3232,Hansen & Weiß GmbH,Hansen & Weiss,DE75 2455 6975 7094 8221 88|DE23 6369 1642 0252 9818 69|DE38 6374 9185 4010 2588 93
3233,Seidel Bäckerei e.K.,Seidel Backerei e.K.,DE91 3199 4720 6135 2432 92|DE65243950339962080233
3234,Petersen Holzbau e.K.,Fa. Petersen Holzbau,DE23 9039 7909 4940 3028 67|DE27 2349 8268 2170 1070 00
3235,Meyer Verlag e.K.,,DE93688073075785638458|DE64 4738 6143 5338 4592 85
3236,Hafenservice Husum GbR,Hafenservice Husum,DE17 8628 4578 2899 8087 68|DE46448066271499060210
3237,Busch Metallbau GmbH,Busch Metallbau Ges.m.b.H.|Busch Metallbau,DE56 3531 3344 0439 3750 80|DE29 4349 7657 2552 0502 97|DE97403931400504326641
3238,Ludwig e.K.,Fa. Ludwig,DE63 1845 0511 0699 4428 08
3239,Krämer Kältetechnik GmbH & Co. KG,Fa. Krämer Kältetechnik|Kramer Kaltetechnik,DE25 7041 1722 4504 3766 34|DE54763030637555242277
3240,Brandt GbR,,DE84 6602 7658 9341 5285 08|DE77506410697849175250
3241,Hoffmann & Sauer GmbH,Hoffmann & Sauer Ges.m.b.H.,DE60 4668 7495 7460 9856 96|DE92 3853 7726 4881 4821 30|DE19 7140 5149 5984 5710 48
3242,Catering Stade GmbH,Catering Stade|Catering Stade Ges.m.b.H.|Fa. Catering Stade,DE15 1609 0373 6710 9510 96|DE84863110952174517528
3243,Winkler & Lüdtke UG (haftungsbeschränkt),Winkler & Lüdtke,DE12953528032290543961
3244,Hansen Gartenbau GmbH,Hansen Gartenbau|Hansen Gartenbau Ges.m.b.H.|Fa. Hansen Gartenbau,DE19 3109 0210 6865 3841 58|DE12888218654144042001
3245,Claußen Handel e.K.,,DE33216676150376727776|DE83 8241 7947 8646 7221 21
3246,König Windkraft GbR,Konig Windkraft GbR|König Windkraft,DE38 1212 6612 9746 9194 01|DE84397234180572814889
3247,Handel Stade UG (haftungsbeschränkt),,DE31162101213176757962
3248,Thomas & Meier GbR,Thomas & Meier,DE93203466020896176390
3249,Fahrzeugtechnik Cuxhaven AG,,DE51392311098227906218|DE94 9661 5182 8396 7573 37|DE58 8456 6164 6737 7500 56
3250,Windkraft Wilhelmshaven KG,,DE78 8846 6652 1224 9831 50|DE26750124503107673130|DE18 7670 7413 4514 5854 43
3251,Lange Möbel e.K.,,DE99493866054021375344|DE58 4768 2225 2884 0688 66
3252,Lorenz Medizintechnik OHG,,DE66 6240 7545 2741 8265 36
3253,Lange Möbel GbR,Lange Mobel|Lange Mobel GbR,DE98 4196 7380 0027 9686 08|DE14559169720306804573|DE65 9009 0672 5237 5126 77
3254,Lorenz Windkraft GbR,Lorenz Windkraft,DE11610403282230893389
3255,Fahrzeugtechnik Oldenburg OHG,Fahrzeugtechnik Oldenburg,DE50863288559191308027|DE50666190723969368963|DE33890253243183109912
3256,Logistik Hamburg e.K.,,DE68177411390260682660|DE86809715187537711481
3257,Hoffmann & Möhring GmbH,Hoffmann & Mohring GmbH|Hoffmann & Möhring Ges.m.b.H.|Hoffmann & Mohring,DE88 4800 1986 5736 6347 20|DE18 9984 5433 8054 8926 98
3258,Martin & Keller e.K.,Martin & Keller|Fa. Martin & Keller,DE43 1861 1229 3908 5358 75|DE53442987193714783747
3259,Schulz Hafenservice GmbH & Co. KG,Fa. Schulz Hafenservice|Schulz Hafenservice,DE13 8404 7820 1543 6778 69
3260,Fleischerei Stade GmbH,,DE30 5748 7693 9297 1108 89|DE22257390621733724027
3261,Koch & Kühn UG (haftungsbeschränkt),Koch & Kühn|Fa. Koch & Kühn,DE71 1472 8939 9567 8923 13|DE57616301248879981539|DE97 4117 7778 7593 9574 65
3262,Winkler GbR,,DE84 2134 2715 1630 8940 29
3263,Holzbau Neumünster OHG,Holzbau Neumünster|Fa. Holzbau Neumünster,DE70 5541 0989 7192 9452 54
3264,Vogel Fleischerei GbR,Vogel Fleischerei,DE12 2646 7137 4677 9895 53
3265,Kältetechnik Bremen OHG,Kaltetechnik Bremen OHG,DE79 4722 7655 6547 4408 21
3266,Petersen Handel e.K.,Petersen Handel|Fa. Petersen Handel,DE42 4404 4830 4466 3609 85|DE51 6277 4893 0214 5074 03
3267,Rehder Elektro GmbH & Co. KG,Rehder Elektro,DE88 8814 9633 9287 1281 02|DE78 3941 9578 1593 7367 79
3268,Horn KG,Fa. Horn,DE34783637375649905450
3269,Horn Windkraft GmbH,,DE66 9300 6388 8862 2917 21|DE84 6578 6708 0022 6829 35
3270,Möhring Hafenservice UG (haftungsbeschränkt),Mohring Hafenservice UG (haftungsbeschrankt)|Fa. Möhring Hafenservice|Möhring Hafenservice,DE11233045792803275781
3271,Bauer & Jansen KG,Fa. Bauer & Jansen|Bauer & Jansen,DE17335239864902718053
3272,Winter GbR,,DE42111954159911824386|DE80 4670 0603 3642 8765 42
3273,Neumann & Martin AG,Fa. Neumann & Martin,DE91882882568665438571|DE81 2596 3821 9981 2526 69
3274,Kuhn Textil e.K.,,DE76 8471 6105 1063 5506 47|DE39 4620 2841 7504 1975 46
3275,Walter AG,Walter Aktiengesellschaft,DE48868235186833743703|DE76 7956 0118 2745 5678 34
3276,Lehmann & Sauer UG (haftungsbeschränkt),Lehmann & Sauer UG (haftungsbeschrankt),DE46 2325 8276 9114 6776 96|DE51 1544 3897 0191 7759 52|DE37876188146602044994
3277,Klein Möbel KG,Fa. Klein Möbel|Klein Mobel|Klein Möbel,DE21461165422412519727
3278,Böhm Windkraft UG (haftungsbeschränkt),Böhm Windkraft|Bohm Windkraft UG (haftungsbeschrankt)|Bohm Windkraft,DE87 6270 7053 6134 5126 02|DE36953786518032007732
3279,Fleischerei Bremen AG,,DE39384359845888536960
3280,Hansen Systemhaus AG,Hansen Systemhaus Aktiengesellschaft|Hansen Systemhaus,DE43 6848 4413 3193 9960 23|DE25 3574 2091 7775 0806 63
3281,Brandt & Köhler e.K.,Brandt & Köhler|Fa. Brandt & Köhler|Brandt & Kohler,DE40980637725100324488|DE61488266408728124349|DE58 5780 0189 0646 7043 21
3282,Schäfer Windkraft GmbH,Schafer Windkraft GmbH|Fa. Schäfer Windkraft,DE55867832661516250205|DE30133067745326758671
3283,Tiefbau Emden UG (haftungsbeschränkt),Tiefbau Emden UG (haftungsbeschrankt)|Fa. Tiefbau Emden,DE68 4463 4454 8481 9000 60|DE53 6409 4145 8532 7405 12
3284,Peters Metallbau GmbH,Fa. Peters Metallbau,DE86 5559 9799 0124 6239 77
3285,Rehder UG (haftungsbeschränkt),Fa. Rehder,DE54 6090 2462 6040 0984 68|DE21 3853 7785 1629 6875 24|DE51 2788 0806 1052 1177 30
3286,Claußen Bau e.K.,Claussen Bau,DE52232401309572100040
3287,Schäfer Gartenbau GmbH,Schafer Gartenbau GmbH,DE75726990038968829471|DE68 5488 7747 3595 3094 10
3288,Hansen & Ludwig e.K.,Hansen & Ludwig,DE56 4093 1173 3884 4819 76|DE97 5734 4868 3336 3015 60
3289,Hahn Verlag e.K.,,DE82 4464 7756 7344 0250 59|DE42941039380060989581
3290,König & Günther GbR,Konig & Gunther GbR|Fa. König & Günther,DE35213159557974215608|DE25173552387647240958
3291,Brüggemann Fahrzeugtechnik GmbH & Co. KG,Bruggemann Fahrzeugtechnik GmbH & Co. KG,DE91960606943853383898
3292,Catering Wilhelmshaven AG,Catering Wilhelmshaven,DE10674273842256609480
3293,Koch & Werner UG (haftungsbeschränkt),Fa. Koch & Werner,DE61198821336269103573
3294,Schuster Holzbau GmbH & Co. KG,Schuster Holzbau,DE52614764640493024679|DE80 9585 3455 8803 5143 30|DE38 6345 3943 9706 0283 59
3295,Fleischerei Lüneburg GmbH,Fleischerei Luneburg,DE65787566813549446590|DE72534113630416570934
3296,Brandt Gartenbau KG,Brandt Gartenbau|Fa. Brandt Gartenbau,DE72 9907 7768 0002 2226 31|DE55 8801 4241 5103 4058 66
3297,Schumacher Spedition KG,,DE66 1789 9157 5838 1394 36
3298,Tiefbau Kiel GbR,Tiefbau Kiel,DE71452504201068794270|DE38 5843 3944 1227 2511 79
3299,Albrecht & Thießen e.K.,Albrecht & Thiessen|Fa. Albrecht & Thießen,DE87380177070584372871|DE70406750228382105812
3300,Walter Bäckerei GbR,Walter Backerei GbR,DE80 6820 6652 8632 2957 20|DE56944607286911159760|DE69 3875 1348 7681 4534 32
3301,Fleischerei Oldenburg GmbH & Co. KG,Fa. Fleischerei Oldenburg|Fleischerei Oldenburg GmbH u. Co. KG,DE33 6028 5402 7415 5300 72|DE26824564744962902791
3302,Meyer UG (haftungsbeschränkt),,DE49 4015 3211 5490 4847 99
3303,Hoffmann AG,Hoffmann,DE89 8321 0468 3795 5651 30|DE85 6402 6078 9699 4007 27|DE99 3875 3240 9769 8032 78
3304,Günther e.K.,Gunther e.K.,DE84 3257 8851 2494 0475 98|DE59 2974 1623 9164 0844 49
3305,Dietrich & Ludwig e.K.,Dietrich & Ludwig,DE68 7074 3927 2598 8053 68
3306,Winter & Vogel GmbH & Co. KG,Winter & Vogel,DE33938664145147832204
3307,Immobilien Oldenburg OHG,Fa. Immobilien Oldenburg|Immobilien Oldenburg,DE10392357738885706177
3308,Lang & Schäfer OHG,Lang & Schäfer|Fa. Lang & Schäfer,DE14509714010319525898|DE94699928237590405665
3309,Vogt Druck UG (haftungsbeschränkt),Vogt Druck UG (haftungsbeschrankt)|Vogt Druck,DE17730637706371759526
3310,Fuchs Kältetechnik GbR,Fuchs Kaltetechnik|Fa. Fuchs Kältetechnik,DE36331186929355167385
3311,Rehder KG,,DE12867211831252048365|DE71 9328 6669 7816 4069 41
3312,Lüdtke & Köhler UG (haftungsbeschränkt),Ludtke & Kohler|Fa. Lüdtke & Köhler|Lüdtke & Köhler,DE11 8347 9705 1669 1191 23|DE81284843176273652870
3313,Schmitt Medizintechnik OHG,Schmitt Medizintechnik,DE14584488249920469287
3314,Lehmann e.K.,,DE35 1382 2390 4432 6735 92
3315,Groß & Wolff GbR,Fa. Groß & Wolff|Gross & Wolff,DE24 9988 7814 3146 2101 49|DE68565916726833791287
3316,Günther Druck KG,Gunther Druck,DE13553621180360968928|DE18503684477793724799
3317,Dietrich Großhandel e.K.,Dietrich Großhandel|Fa. Dietrich Großhandel,DE17142744551935341244
3318,Thießen Gebäudereinigung GmbH,Thiessen Gebaudereinigung GmbH|Fa. Thießen Gebäudereinigung,DE21742293062215995770|DE74 4007 2763 7092 0361 48
3319,Krüger Fleischerei UG (haftungsbeschränkt),Kruger Fleischerei,DE71973013887551515595|DE72790572582552704713
3320,Hansen & Hansen OHG,Fa. Hansen & Hansen,DE59 3239 6621 1391 5017 73
3321,Bäckerei Kiel UG (haftungsbeschränkt),Backerei Kiel UG (haftungsbeschrankt)|Fa. Bäckerei Kiel,DE87 8864 1232 8925 3841 75|DE90719652377278225257
3322,Hofmann & Fischer GmbH & Co. KG,Hofmann & Fischer GmbH u. Co. KG|Fa. Hofmann & Fischer,DE23 8822 8189 7568 9386 56
3323,Rehder Elektro e.K.,Fa. Rehder Elektro,DE48400290568957122925|DE11139926170399734017
3324,Braun Windkraft UG (haftungsbeschränkt),Braun Windkraft UG (haftungsbeschrankt),DE29473030814969583234|DE56187082207767062517
3325,Haas Fahrzeugtechnik OHG,Fa. Haas Fahrzeugtechnik,DE91929055028698426641
3326,Albrecht & Otto e.K.,Albrecht & Otto|Fa. Albrecht & Otto,DE94 2656 4420 3260 4433 50
3327,Mayer Dachdeckerei UG (haftungsbeschränkt),Mayer Dachdeckerei,DE19236682803114396841|DE99115851556516125376|DE96 7412 3524 5507 2350 33
3328,Lange Spedition GmbH,Lange Spedition|Fa. Lange Spedition,DE44179510697265168513|DE17870979918773573466|DE78 2178 6953 3925 4009 83
3329,Weber & Wagner e.K.,Weber & Wagner,DE26 9421 0924 2925 2691 81
3330,Schmitt UG (haftungsbeschränkt),Schmitt UG (haftungsbeschrankt),DE57982398887868083203|DE46 7865 6398 0784 3651 60|DE70429538808011161899
3331,Metallbau Bremen e.K.,Fa. Metallbau Bremen|Metallbau Bremen,DE32 3272 1398 5552 7298 04
3332,Logistik Rostock GmbH & Co. KG,Logistik Rostock GmbH u. Co. KG|Fa. Logistik Rostock,DE88498579275902816995
3333,Lüdtke GmbH,Ludtke GmbH,DE94224959797995953319|DE99 5817 6880 4952 4210 59|DE24349957433513681268
3334,Neumann & Engel e.K.,Neumann & Engel,DE28 3213 3818 4677 4667 82|DE46963476260501433002
3335,Winter Dachdeckerei GbR,Winter Dachdeckerei,DE84152154634473737428|DE25430555911393991857
3336,Köhler & Sommer GmbH & Co. KG,Köhler & Sommer GmbH u. Co. KG|Kohler & Sommer,DE28566575419652995105
3337,Krüger Catering KG,Kruger Catering,DE22 5010 5437 5994 0694 64
3338,Frank & Kaiser OHG,Frank & Kaiser|Fa. Frank & Kaiser,DE17 9161 4342 9671 0498 88|DE23223052875209492165
3339,Kuhn & Schmitt GmbH & Co. KG,Fa. Kuhn & Schmitt,DE99166921468490990496|DE82156075557577732591
3340,Simon Logistik AG,Simon Logistik Aktiengesellschaft,DE84408836324272429598|DE22 2503 0618 1110 7383 70|DE87514734441925157703
3341,Pohl Metallbau GmbH & Co. KG,,DE93918203532949539245|DE98 5361 0799 1693 4978 54
3342,Rehder & Meier GmbH & Co. KG,,DE29 7974 2907 0785 4970 15|DE85 7936 5121 9558 0682 92
3343,Berger Catering OHG,Berger Catering|Fa. Berger Catering,DE47 2358 0347 9612 3563 26
3344,Kaiser Gebäudereinigung GbR,Kaiser Gebaudereinigung|Kaiser Gebaudereinigung GbR,DE65313018075701663968|DE40536820933077124226
3345,Schumacher Systemhaus OHG,,DE18769427512845295623|DE41 2805 7389 8663 7384 78|DE39 7252 8151 2943 5965 46
3346,Seidel Möbel OHG,Fa. Seidel Möbel|Seidel Mobel OHG,DE13 2097 9969 4856 2753 81|DE58947772771525173863
3347,Petersen Bau AG,Petersen Bau Aktiengesellschaft|Fa. Petersen Bau,DE34163056335818511391|DE35 3992 8091 4748 1715 22|DE10 5287 6713 8681 4990 25
3348,Schmitt & Wolff e.K.,Fa. Schmitt & Wolff,DE78 9637 0768 0176 5086 92|DE30266722255921466902|DE51 7171 6492 3922 1942 08
3349,Lüdtke Sanitär OHG,Fa. Lüdtke Sanitär|Ludtke Sanitar|Lüdtke Sanitär,DE35960680870962003749|DE63 5597 9695 9942 1969 48|DE47744139550544731534
3350,Pohl OHG,,DE86320040245813492559|DE32977520473474906181
3351,Jung Logistik KG,,DE57 3086 4780 1903 4660 02|DE21692904993013258530
3352,Lehmann Hafenservice GmbH,Lehmann Hafenservice|Fa. Lehmann Hafenservice,DE85 9930 8614 9781 8819 25
3353,Schröder Holzbau AG,Schröder Holzbau Aktiengesellschaft|Fa. Schröder Holzbau,DE73737570658707975073|DE82 7977 3301 6330 5714 15|DE38331058435868681615
3354,Thießen Tiefbau KG,Thiessen Tiefbau,DE59969541286184062247|DE60620834965931593613
3355,Jäger Solartechnik GmbH & Co. KG,Jäger Solartechnik|Fa. Jäger Solartechnik,DE21 4248 5627 8118 5833 93
3356,Krause & Frank GbR,Krause & Frank,DE56623094177693471446|DE93205370589908699637
3357,Schmid AG,Fa. Schmid|Schmid Aktiengesellschaft,DE19 4690 0704 8285 6210 33|DE73270709880626986981|DE64 7089 1684 6933 9925 50
3358,Schäfer & Ludwig AG,Schafer & Ludwig AG|Schäfer & Ludwig|Schäfer & Ludwig Aktiengesellschaft,DE22221645158949367850|DE72 6950 6094 9805 1239 38
3359,Gebäudereinigung Oldenburg e.K.,Gebäudereinigung Oldenburg,DE42529884758071065219
3360,Lang & Becker GbR,Lang & Becker|Fa. Lang & Becker,DE83739446733546368534
3361,Roth Windkraft GmbH & Co. KG,Roth Windkraft GmbH u. Co. KG,DE72 7155 1832 3172 9249 79
3362,Kuhn Systemhaus e.K.,,DE83 5659 5245 5188 6342 77|DE70126137764631281394|DE46 5190 7744 0426 4696 77
3363,Schmitt Logistik e.K.,Schmitt Logistik,DE38 5641 7572 5788 5916 40
3364,Schulte Sanitär e.K.,Fa. Schulte Sanitär|Schulte Sanitär|Schulte Sanitar e.K.,DE48 7051 5452 8561 1112 41
3365,Krause Systemhaus OHG,Fa. Krause Systemhaus,DE90 1382 4669 9356 5402 97
3366,Meyer & Klein KG,Meyer & Klein|Fa. Meyer & Klein,DE13 4280 1327 6976 3415 17
3367,Kraus Fleischerei e.K.,Kraus Fleischerei|Fa. Kraus Fleischerei,DE28 1379 1338 3477 9873 81
3368,Braun & Frank GmbH,,DE79 2212 6341 5290 7386 20|DE92456667192366809694
3369,Seidel e.K.,Fa. Seidel,DE36734275879257447357
3370,Weiß Kältetechnik KG,Weiss Kaltetechnik KG,DE95180618513100479356|DE83 5304 6072 8256 9440 21
3371,Lüdtke Werbetechnik e.K.,Lüdtke Werbetechnik,DE50 9243 6977 9111 4711 56
3372,Schifffahrt Rostock GmbH & Co. KG,,DE24 4007 0053 7763 9959 94
3373,Wagner Spedition OHG,Wagner Spedition,DE41273523864039856864
3374,Braun & Martin e.K.,Fa. Braun & Martin|Braun & Martin,DE89 3931 0171 8379 2168 23
3375,Lange Bäckerei UG (haftungsbeschränkt),Lange Backerei,DE92 1297 2339 1962 5899 60
3376,Simon Dachdeckerei GmbH & Co. KG,Fa. Simon Dachdeckerei|Simon Dachdeckerei,DE89 8638 4284 5373 6750 77
3377,Busch Dachdeckerei e.K.,Fa. Busch Dachdeckerei|Busch Dachdeckerei,DE66 7297 8180 2238 7458 56|DE59 9980 0166 7392 5554 63
3378,Sauer & Mayer KG,,DE44 3780 2095 1140 9593 56|DE41 5985 9863 1110 5501 56
3379,Bauer Holzbau AG,Bauer Holzbau,DE43 1369 1246 5757 0445 54|DE19378429555036778098|DE18 6427 8417 5394 9868 31
3380,Handel Flensburg GbR,,DE45 4703 2778 8932 1670 73|DE38624844703168053930
3381,Brüggemann & Hofmann e.K.,Bruggemann & Hofmann,DE79560529002774582582|DE26 4499 7814 7339 2619 12|DE98577912615289355198
3382,Zimmermann Kältetechnik GbR,Zimmermann Kaltetechnik GbR,DE59 8247 5002 8828 0200 71|DE76646240806494261970|DE85437471998446579085
3383,Schmitz & Vogt KG,Schmitz & Vogt|Fa. Schmitz & Vogt,DE61 3066 9026 7426 1892 06|DE66808456081389745443|DE49 8474 9111 1560 0687 87
3384,Lang Bau UG (haftungsbeschränkt),Fa. Lang Bau,DE65618815780935600184|DE16 5258 7844 8114 3546 62|DE95852692637610766856
3385,Hahn GmbH & Co. KG,Hahn GmbH u. Co. KG,DE80633730768042868245
3386,Seidel Windkraft OHG,Seidel Windkraft,DE99476893579704510232|DE32329721781526251542
3387,Seidel Immobilien GmbH & Co. KG,Fa. Seidel Immobilien,DE23 1407 3200 2795 9286 60
3388,Möhring Möbel KG,Mohring Mobel KG|Fa. Möhring Möbel,DE82228125333386775049|DE57269207406637291999
3389,Günther Bau UG (haftungsbeschränkt),Gunther Bau UG (haftungsbeschrankt),DE39259792787118166682
3390,Schulze UG (haftungsbeschränkt),,DE83176975363551409545|DE76812889327004589897
3391,Hoffmann & Schröder GmbH,Hoffmann & Schröder Ges.m.b.H.,DE50635825340103449817|DE41 3922 8692 0887 2494 34|DE32417326524290966739
3392,Tiefbau Rostock OHG,Tiefbau Rostock,DE93 5798 4713 4050 9943 85|DE33309373080869368716
3393,Tiefbau Cuxhaven AG,Tiefbau Cuxhaven,DE16666779003203513330
3394,Busch Schifffahrt GmbH,Busch Schifffahrt,DE89701641139161818074
3395,Schäfer Solartechnik OHG,Fa. Schäfer Solartechnik,DE85177320957360405210
3396,König Werbetechnik GbR,Konig Werbetechnik GbR,DE16661112020968833388
3397,Wagner Druck UG (haftungsbeschränkt),Wagner Druck|Wagner Druck UG (haftungsbeschrankt),DE55 2876 3931 3774 2203 15
3398,Hansen & Schäfer AG,Hansen & Schafer AG|Fa. Hansen & Schäfer|Hansen & Schafer,DE92 9866 3287 0774 9999 90|DE92241380029583996950
3399,Thießen GmbH & Co. KG,Thießen GmbH u. Co. KG,DE21436605848775529200
3400,Thießen Sanitär e.K.,Fa. Thießen Sanitär|Thiessen Sanitar|Thiessen Sanitar e.K.,DE63 2391 6975 9714 0693 22|DE97293377415719512624
3401,Sommer & Baumann KG,Fa. Sommer & Baumann,DE82 9939 0429 1075 6030 40
3402,Berger Maschinenbau e.K.,,DE23 2577 9964 6879 4968 36
3403,Kältetechnik Schwerin UG (haftungsbeschränkt),Kaltetechnik Schwerin UG (haftungsbeschrankt),DE12585144954452881047|DE35 5357 7575 5087 8000 16|DE68 1176 5157 8952 5084 51
3404,Dietrich Metallbau GmbH,Fa. Dietrich Metallbau|Dietrich Metallbau,DE99150260577750184672|DE90 6123 5633 6314 1866 05
3405,Möhring Solartechnik AG,Möhring Solartechnik,DE61 5415 3037 4095 3066 31|DE48 1447 5478 6629 2912 16
3406,Jansen GmbH & Co. KG,Jansen,DE44 7563 7958 6647 3587 38|DE45 3416 4558 6722 9072 05
3407,Lang & Busch GbR,Lang & Busch,DE48 8506 7334 3923 0627 32|DE94944930998241391363
3408,Hofmann & Schubert GbR,Fa. Hofmann & Schubert,DE65285960905205574099
3409,Elektro Rostock GmbH,Elektro Rostock Ges.m.b.H.,DE93830045353529525130
3410,Vogt GbR,,DE24 5665 7771 7860 3112 36|DE34 6467 6926 1819 3022 26
3411,Müller & Schwarz AG,Muller & Schwarz|Muller & Schwarz AG,DE93814208065819579680|DE85 8066 7696 7752 3790 34|DE72190244594189431952
3412,Catering Lübeck UG (haftungsbeschränkt),Catering Lubeck UG (haftungsbeschrankt)|Catering Lübeck|Fa. Catering Lübeck,DE71 2568 0618 2493 0433 14|DE10840873565470173207|DE95378653337211016055
3413,Meyer & Koch GmbH,Fa. Meyer & Koch|Meyer & Koch,DE58995879748686168495
3414,Walter Großhandel OHG,Walter Großhandel,DE15181721455601895889|DE77534005870088047824|DE97 4114 7105 6126 2156 09
3415,Möller Medizintechnik KG,Möller Medizintechnik|Moller Medizintechnik,DE48 4883 9546 8589 2185 82|DE42124137982981425757
3416,Koch & Möller GmbH & Co. KG,Koch & Möller GmbH u. Co. KG|Koch & Möller,DE37 5014 5955 2657 5373 71
3417,Mayer Windkraft OHG,,DE29660380037986613665|DE38933532647460585424
3418,Krause & Simon GmbH,Krause & Simon|Fa. Krause & Simon,DE12463379387614836507
3419,Kraus & Schröder GbR,Fa. Kraus & Schröder,DE12346446945665481154|DE10821078860882905527
3420,Scholz Textil AG,Scholz Textil|Scholz Textil Aktiengesellschaft,DE19 1210 8452 5012 8869 28
3421,Schwarz KG,Fa. Schwarz,DE35588250182622811119|DE78531179234679369469
3422,Arnold & Graf AG,Arnold & Graf Aktiengesellschaft,DE74 1794 2535 1381 2396 81|DE69586566428166603829
3423,Richter Bäckerei GbR,Richter Backerei|Fa. Richter Bäckerei|Richter Backerei GbR,DE27 2866 9841 4480 6296 53|DE93 9960 2937 4976 0911 63|DE57293523493278868416
3424,Becker Holzbau GbR,Fa. Becker Holzbau,DE64893442681691536604|DE93 9103 7261 1284 8428 08|DE37941219399344654659
3425,Richter Windkraft e.K.,Richter Windkraft|Fa. Richter Windkraft,DE14 2945 0162 1004 2376 53|DE39 6593 9739 0803 5758 33
3426,Systemhaus Oldenburg e.K.,Fa. Systemhaus Oldenburg,DE87 8740 1063 4877 5265 56
3427,Spedition Emden OHG,Spedition Emden|Fa. Spedition Emden,DE62857445942263457592|DE68424823957705717479
3428,Jung Textil KG,Jung Textil,DE51 2558 1918 4977 7561 52|DE16319099282852985823
3429,Catering Emden GbR,,DE84664322664253420530|DE94862732859326698252|DE98 7216 8556 0443 0685 53
3430,Engel OHG,Fa. Engel,DE47 1852 5233 7655 0646 41
3431,Schneider Metallbau AG,Schneider Metallbau Aktiengesellschaft|Fa. Schneider Metallbau|Schneider Metallbau,DE67 6611 9681 8003 9441 09|DE37 1159 7959 7605 0387 06
3432,Vogt Handel AG,,DE27 3342 3842 1498 3277 15|DE29 9915 9298 5805 6414 61
3433,Arnold Fahrzeugtechnik GmbH,Arnold Fahrzeugtechnik,DE15138749855037503343|DE22 2371 6788 9537 5882 77
3434,Brüggemann Technik GmbH,Bruggemann Technik,DE76 8186 9443 5355 6123 49
3435,Tiefbau Kiel GmbH & Co. KG,,DE32 8367 9517 8071 9051 11|DE46 5710 3464 5292 4950 79
3436,Carstens & Meier OHG,Fa. Carstens & Meier,DE93 8237 6396 2148 5892 96
3437,Frank & Berger GbR,Frank & Berger|Fa. Frank & Berger,DE73 9419 6716 6240 6516 16
3438,Bergmann & Kühn KG,Bergmann & Kuhn KG,DE99850643122451143590|DE14775138868186133284
3439,Bäckerei Rostock KG,Backerei Rostock|Bäckerei Rostock|Backerei Rostock KG,DE92 2220 2281 7498 8168 10|DE47291241319796820639
3440,Koch Fleischerei OHG,Fa. Koch Fleischerei|Koch Fleischerei,DE67 4674 0724 2143 4755 09
3441,Schubert & Pohl KG,Schubert & Pohl,DE70345616313258917135|DE99898767762724337690
3442,Rehder Kältetechnik GbR,,DE30902363184398761721
3443,Peters GmbH,,DE96285233674103385646|DE26932682945891790302
3444,Pohl Medizintechnik UG (haftungsbeschränkt),Pohl Medizintechnik UG (haftungsbeschrankt),DE51129226872261810545
3445,Windkraft Oldenburg GmbH & Co. KG,Windkraft Oldenburg GmbH u. Co. KG,DE22942728192504826139
3446,Pfeiffer e.K.,Fa. Pfeiffer,DE61827696636292828305|DE79 3641 2811 8556 2845 01
3447,Großhandel Wilhelmshaven e.K.,Grosshandel Wilhelmshaven,DE28364774291387988728
3448,Brandt & Busch GbR,Brandt & Busch,DE10350824512911129140
3449,Stein Maschinenbau GmbH & Co. KG,Stein Maschinenbau GmbH u. Co. KG,DE59 2171 7024 8788 6150 88|DE64520662606568481668
3450,Roth OHG,Fa. Roth,DE70974185752344767769|DE59573505567021798113|DE20 3314 9463 5964 7515 44
3451,Catering Hamburg GmbH,Catering Hamburg|Catering Hamburg Ges.m.b.H.,DE46 8077 2097 4087 3817 22|DE66983649976566362817|DE63 8690 2063 8654 8226 72
3452,Simon Logistik e.K.,,DE43 4604 3705 5446 2996 25|DE30 9390 2688 9606 3467 20|DE81189714859744643984
3453,Großhandel Flensburg KG,,DE16 4567 7092 1422 4772 02|DE11 3043 8329 6747 2384 25
3454,Technik Lübeck GbR,Technik Lubeck GbR,DE47132058452411912877|DE41377201630787396568
3455,Solartechnik Rostock GmbH,Fa. Solartechnik Rostock|Solartechnik Rostock,DE73 5921 3643 2745 3040 35
3456,Thießen Fleischerei AG,Thießen Fleischerei|Fa. Thießen Fleischerei|Thießen Fleischerei Aktiengesellschaft,DE38282667984318933444
3457,Lehmann Gebäudereinigung GbR,Lehmann Gebäudereinigung,DE69108475382227149540|DE49518446127601108580
3458,Lorenz Fahrzeugtechnik OHG,Lorenz Fahrzeugtechnik,DE74 3524 8136 2549 4786 54|DE63 6226 5667 7358 2146 15
3459,Engel Metallbau UG (haftungsbeschränkt),Engel Metallbau,DE32497493963702365302|DE68 2498 4147 8570 2607 25|DE53 9552 0111 7195 0926 98
3460,Hartmann GbR,,DE93852971375463898399
3461,Medizintechnik Oldenburg GmbH,Medizintechnik Oldenburg,DE22929995544933072861|DE48298697869998691690|DE25445852701425953498
3462,Friedrich Großhandel AG,,DE27200753020145103022|DE86651200661729734931
3463,Bau Oldenburg AG,Bau Oldenburg Aktiengesellschaft,DE72418916563233654806|DE87 2285 3973 9336 5490 07|DE57129927861257968184
3464,Horn Möbel KG,Fa. Horn Möbel|Horn Mobel|Horn Mobel KG,DE50 7189 0306 9861 1449 75|DE73679475785924815056|DE48 4092 9106 4663 5141 66
3465,Friedrich OHG,,DE21347300159101835667|DE45845593013380333801
3466,Albrecht Fahrzeugtechnik GmbH & Co. KG,Albrecht Fahrzeugtechnik,DE36 5904 1406 9085 5936 83
3467,Kühn Spedition AG,Kuhn Spedition|Kühn Spedition Aktiengesellschaft|Kuhn Spedition AG,DE47776617511728503158
3468,Großhandel Hamburg OHG,,DE87909300885697265884
3469,Schröder & Lang GmbH & Co. KG,Schroder & Lang GmbH & Co. KG,DE67 2060 4504 3107 5733 23|DE45705154204403897227
3470,Seidel Elektro e.K.,Fa. Seidel Elektro,DE27335032412035948917|DE69875456586513900224|DE84744941807303805175
3471,Scholz & Pohl GmbH,Fa. Scholz & Pohl,DE80547540779695952177|DE74223502997098096992|DE44 1614 7135 2093 3930 41
3472,Lehmann Werbetechnik e.K.,Lehmann Werbetechnik,DE57416748264313599245
3473,Keller & Schäfer GmbH & Co. KG,Keller & Schafer|Keller & Schafer GmbH & Co. KG|Keller & Schäfer,DE11 9441 7087 0588 2381 58|DE53712158207140411442
3474,Albrecht Immobilien e.K.,Albrecht Immobilien,DE15173015519628962502|DE27620493408263797218
3475,Sommer Medizintechnik GmbH & Co. KG,Fa. Sommer Medizintechnik,DE86917103319258834572
3476,Spedition Oldenburg KG,,DE38396309750093927079|DE23 6107 5035 7227 9714 16
3477,Schneider Fleischerei OHG,Fa. Schneider Fleischerei,DE62733264424751929795|DE95344490903712767619|DE73858830064905300639
3478,Klein e.K.,Fa. Klein,DE51 4993 0443 7065 4226 08|DE59 6882 2661 4217 0863 74
3479,Schumacher Holzbau e.K.,,DE53427927529789412753
3480,Lange Systemhaus OHG,Fa. Lange Systemhaus,DE62691385852661344839
3481,Schifffahrt Flensburg GmbH & Co. KG,,DE65157627675783575888|DE65 8318 1477 8209 6368 70
3482,Gebäudereinigung Bremen GmbH,Gebäudereinigung Bremen Ges.m.b.H.,DE84880565260999217541|DE40 5059 3226 8632 1655 74
3483,Krämer Druck AG,Krämer Druck,DE44261710807699200398|DE47 5340 3906 7783 5192 32
3484,Sanitär Flensburg GmbH,Sanitar Flensburg GmbH,DE19904024756821587770|DE54 5575 0026 1679 3724 03
3485,Schäfer AG,Schäfer Aktiengesellschaft,DE85689895377164683354|DE52786221671575628298
3486,Holzbau Flensburg OHG,Holzbau Flensburg|Fa. Holzbau Flensburg,DE92880785753453731654|DE93430348554867207701
3487,Mayer Druck KG,Mayer Druck|Fa. Mayer Druck,DE84 7210 7959 6598 9375 02
3488,Hahn & Brandt OHG,Fa. Hahn & Brandt,DE88 9480 6077 8917 8990 39
3489,Werbetechnik Rostock AG,,DE86317798824774707967|DE34138273709525465908
3490,Roth Schifffahrt e.K.,,DE81835237925095599705|DE98 1747 8779 2387 4533 97
3491,Kraus Spedition OHG,Kraus Spedition|Fa. Kraus Spedition,DE70 7533 9532 8965 6693 07|DE28785084674666170297|DE29 6670 8795 3336 7028 92
3492,Sauer & Weiß e.K.,Sauer & Weiß,DE83516700667199912180
3493,Krämer Handel AG,Kramer Handel|Kramer Handel AG|Krämer Handel,DE51196186853855360911
3494,Schulze Spedition GmbH,Fa. Schulze Spedition|Schulze Spedition Ges.m.b.H.,DE73 1734 3539 6519 2454 00|DE75873749770726664401|DE81509408852123093998
3495,Weber Sanitär KG,Weber Sanitär|Fa. Weber Sanitär,DE22273499479977870672
3496,Brandt Dachdeckerei GmbH & Co. KG,Brandt Dachdeckerei,DE41 7986 1682 7059 5332 99
3497,Bauer & Otto AG,Bauer & Otto Aktiengesellschaft,DE35 2752 1662 6636 0820 33|DE14810222723098793750
3498,Schulte & Keller OHG,Fa. Schulte & Keller,DE13 9444 4889 2286 4230 81|DE25736401585556806627
3499,Huber & Fuchs UG (haftungsbeschränkt),Fa. Huber & Fuchs|Huber & Fuchs|Huber & Fuchs UG (haftungsbeschrankt),DE68137784251450834707|DE94972990243816417044|DE61 6702 0654 9152 5985 35
3500,Köhler GmbH & Co. KG,Kohler GmbH & Co. KG|Köhler GmbH u. Co. KG,DE48 3522 0407 8708 6079 74|DE51 4177 2511 9370 7950 84
3501,Kraus Catering OHG,Kraus Catering|Fa. Kraus Catering,DE68512253931548982149|DE50782578836734338057
3502,Schuster Druck UG (haftungsbeschränkt),Fa. Schuster Druck|Schuster Druck,DE32 2484 6342 4242 4805 48
3503,Holzbau Wilhelmshaven GbR,Holzbau Wilhelmshaven,DE94 7341 8750 1027 4759 43|DE34327313150928527708|DE51478816086458036549
3504,Fischer & Schmidt OHG,Fischer & Schmidt,DE18 4898 0793 9811 8176 05
3505,Schumacher Immobilien AG,Schumacher Immobilien,DE18 5975 4867 8609 7658 48|DE90957473224390967066|DE52779401624835939453
3506,Krämer Windkraft KG,Kramer Windkraft|Krämer Windkraft|Fa. Krämer Windkraft,DE94 4278 2910 3681 5329 47|DE75847672192750701583
3507,Busch OHG,,DE23 4408 2368 3456 4857 01|DE98 8762 3970 7816 3798 06
3508,Bergmann Kältetechnik GbR,Fa. Bergmann Kältetechnik,DE54401130879506575655|DE84 5692 4026 7729 2105 40
3509,Böhm & Wolff GbR,Bohm & Wolff|Bohm & Wolff GbR|Fa. Böhm & Wolff,DE93747763704489619780|DE32773845474236714189|DE87 4305 1508 6265 2430 77
3510,Krämer Handel UG (haftungsbeschränkt),Fa. Krämer Handel,DE97 7277 6868 9182 0054 72
3511,Petersen & Günther GbR,Fa. Petersen & Günther,DE68270482947488954359|DE88644458413467966500
3512,Meier & Baumann KG,Fa. Meier & Baumann,DE26 7564 7050 9792 2357 41
3513,Busch & Dietrich GmbH & Co. KG,,DE38 7713 8645 5146 9441 70|DE29 8883 6987 9542 5546 32
3514,Mayer Hafenservice OHG,Mayer Hafenservice|Fa. Mayer Hafenservice,DE37 5313 6699 7602 2690 34
3515,Pfeiffer Immobilien GmbH & Co. KG,Fa. Pfeiffer Immobilien|Pfeiffer Immobilien GmbH u. Co. KG,DE76 4139 2322 2118 0743 02|DE50 9416 3443 7923 9979 29
3516,Spedition Wilhelmshaven AG,,DE61531530120091166102|DE50168608541062064999
3517,Bergmann GbR,Fa. Bergmann,DE55 9648 6111 8828 3606 95
3518,Berger GmbH & Co. KG,,DE61 6148 7927 3034 3018 15|DE49 7511 0280 2850 0224 34
3519,Koch Windkraft GmbH & Co. KG,Koch Windkraft GmbH u. Co. KG,DE50395522282927742426|DE20123170866020738520
3520,Logistik Lübeck GbR,Logistik Lübeck,DE47 1137 3752 4478 1262 80
3521,Böhm Technik GmbH & Co. KG,Böhm Technik GmbH u. Co. KG,DE65134873422279539143|DE78 3545 5846 5273 9148 08
3522,Busch Solartechnik AG,Busch Solartechnik|Fa. Busch Solartechnik,DE19486077885679529620|DE57 1615 2754 0040 5780 62|DE17 3304 0168 4674 3039 13
3523,Textil Kiel UG (haftungsbeschränkt),Textil Kiel UG (haftungsbeschrankt),DE59277669221995369359
3524,Jansen Bäckerei GmbH & Co. KG,Jansen Bäckerei GmbH u. Co. KG|Jansen Backerei,DE34944205239938867938|DE72 3978 2892 9938 0559 41|DE27877724929333977494
3525,Frank OHG,,DE69 4617 6378 5668 5316 24|DE15639974498777584896
3526,Jung & Schubert GbR,Fa. Jung & Schubert|Jung & Schubert,DE25428841859107386874
3527,Wolff Maschinenbau KG,Wolff Maschinenbau|Fa. Wolff Maschinenbau,DE88644508873218237230|DE14 8096 8206 6317 7163 68
3528,Meier Maschinenbau GbR,Fa. Meier Maschinenbau|Meier Maschinenbau,DE33 3863 8807 8272 9469 24|DE11868002635984363279|DE40673930085327607223
3529,Bauer Sanitär GbR,Bauer Sanitär|Bauer Sanitar,DE13682409170111567157
3530,Scholz GmbH & Co. KG,Scholz GmbH u. Co. KG,DE85473680220517165386|DE86 6545 7732 3266 9620 53|DE25846954049669938856
3531,Vogt & Schwarz OHG,Vogt & Schwarz,DE87 3897 1023 0815 3078 82
3532,Köhler Gebäudereinigung GmbH & Co. KG,Köhler Gebäudereinigung|Fa. Köhler Gebäudereinigung,DE61 1418 9429 7163 7617 84|DE95 6071 8285 6668 4065 55
3533,Dietrich & Jäger OHG,Dietrich & Jager OHG|Dietrich & Jäger,DE17 3929 5042 2813 0069 24|DE78 4572 2334 5401 4429 00
3534,Schmitt & Beck UG (haftungsbeschränkt),Fa. Schmitt & Beck|Schmitt & Beck,DE88 9105 1491 2316 4722 78|DE36633002046555511863
3535,Klein Gebäudereinigung KG,Klein Gebaudereinigung KG|Klein Gebaudereinigung,DE44 7846 0150 6799 4666 40|DE43 9720 6914 5430 3130 26
3536,Systemhaus Schwerin KG,,DE59940837057180457111|DE38786121018316851384|DE60 4551 0483 4692 2031 70
3537,Bäckerei Wilhelmshaven e.K.,Backerei Wilhelmshaven e.K.,DE18512027179722790629
3538,Brüggemann Metallbau GbR,Bruggemann Metallbau|Brüggemann Metallbau|Bruggemann Metallbau GbR,DE38473825587091697252|DE55 2848 4381 1014 2867 60
3539,Tiefbau Oldenburg OHG,Fa. Tiefbau Oldenburg|Tiefbau Oldenburg,DE92 1293 8656 0262 4365 47
3540,Immobilien Neumünster e.K.,Immobilien Neumunster|Immobilien Neumunster e.K.,DE99454634267989556975
3541,Beck Handel UG (haftungsbeschränkt),Beck Handel UG (haftungsbeschrankt),DE28682727706566439709|DE63 3274 3406 9136 3031 59
3542,Simon OHG,,DE40 3483 5194 7887 0466 22
3543,Textil Hamburg GmbH,Textil Hamburg|Fa. Textil Hamburg,DE97 8489 7208 3885 6599 96|DE34 6140 5539 5204 6044 72
3544,Martin Technik KG,,DE21848592310874918533|DE56 1666 5185 3090 1353 63
3545,Immobilien Schwerin GbR,Immobilien Schwerin|Fa. Immobilien Schwerin,DE69520850025172757726
3546,Meyer Medizintechnik e.K.,Meyer Medizintechnik,DE35 2017 2654 4814 5455 45|DE96990536639402555735
3547,Groß & Carstens GmbH & Co. KG,Fa. Groß & Carstens|Gross & Carstens|Groß & Carstens GmbH u. Co. KG,DE85 4363 7062 8815 8797 62|DE73 7452 1126 6845 2760 91
3548,Werner & Jung KG,Fa. Werner & Jung|Werner & Jung,DE85813062502994055378|DE96747702539584200439
3549,Schubert Druck UG (haftungsbeschränkt),Schubert Druck|Fa. Schubert Druck,DE72 9277 5379 7249 2480 37
3550,Hoffmann Medizintechnik OHG,Hoffmann Medizintechnik,DE51702372409773599625
3551,Schubert Maschinenbau OHG,,DE51410473577844999511|DE64629762609531557462
3552,Becker Medizintechnik OHG,Becker Medizintechnik,DE79 6541 2673 7161 2143 99
3553,Scholz Holzbau UG (haftungsbeschränkt),Fa. Scholz Holzbau|Scholz Holzbau,DE16711631816002474502
3554,Ludwig KG,,DE74512534979082223245
3555,Franke Möbel KG,Franke Mobel KG|Franke Möbel|Franke Mobel,DE17 8190 6546 1137 0291 30|DE42511406930062836763|DE60 1705 9761 0754 1824 14
3556,Großhandel Husum UG (haftungsbeschränkt),Fa. Großhandel Husum|Großhandel Husum|Grosshandel Husum UG (haftungsbeschrankt),DE66 8739 2622 6126 2773 21|DE34 5904 9842 6535 2445 81
3557,Bau Lüneburg UG (haftungsbeschränkt),,DE13970429703848645782|DE18952717072539373232
3558,Jäger GbR,,DE95939755285993517170|DE99401189555961002114|DE38836509701586214646
3559,Metallbau Flensburg KG,,DE41693338588913063518
3560,Müller Logistik GbR,Müller Logistik|Muller Logistik GbR|Muller Logistik,DE46 8323 9696 2990 6895 98
3561,Bergmann Bau KG,,DE13534615701043063771|DE63 1661 4632 4104 5096 46|DE10167597542405523662
3562,Schwarz Tiefbau e.K.,Fa. Schwarz Tiefbau,DE74802317529080766022|DE81 2043 8485 3639 0989 59|DE15832998553047606899
3563,Lorenz GmbH,,DE42 8747 5832 8410 7185 78
3564,Möbel Stade GmbH,Möbel Stade Ges.m.b.H.,DE52 8746 6979 8041 8788 19
3565,Horn Schifffahrt OHG,Horn Schifffahrt|Fa. Horn Schifffahrt,DE56801013759817164047|DE96914476071369395859
3566,Wagner & Peters OHG,Wagner & Peters,DE43 2751 1098 7708 0303 93|DE13479139344202142761
3567,Kaiser & Krüger GmbH & Co. KG,Kaiser & Krüger|Kaiser & Kruger|Kaiser & Krüger GmbH u. Co. KG,DE47221614597018154766|DE98 8882 3395 9255 5500 44|DE80780517418759854716
3568,Krause Hafenservice GbR,,DE47886687147505719406|DE65 2851 8458 0204 5260 21|DE58 8611 5246 6518 4344 58
3569,Groß & Fischer KG,Groß & Fischer|Fa. Groß & Fischer,DE71 7564 4438 4807 0635 62
3570,Hofmann & Kühn GmbH & Co. KG,Hofmann & Kuhn GmbH & Co. KG|Hofmann & Kuhn|Hofmann & Kühn,DE87 8069 0340 6986 6170 01|DE93 1044 1110 4513 5014 71|DE77573351576047299654
3571,Voigt Druck UG (haftungsbeschränkt),Fa. Voigt Druck,DE57421099112830446208|DE81 5213 9795 1622 9057 16
3572,Catering Kiel GbR,,DE82572976047032397544|DE26 8587 6191 4859 0636 86|DE41720362748981054078
3573,Köhler Logistik GmbH,Kohler Logistik GmbH|Kohler Logistik,DE67 4022 2569 7225 2615 29|DE59 4991 0947 7979 3582 11
3574,Holzbau Bremen GmbH & Co. KG,Holzbau Bremen|Fa. Holzbau Bremen,DE84801663857213001136
3575,Maier & Weber GbR,Maier & Weber,DE90 8186 1132 5035 7213 38|DE93756210096679761082
3576,Schumacher Catering GmbH,Fa. Schumacher Catering|Schumacher Catering Ges.m.b.H.,DE59994275701187342365|DE95153044063277896250
3577,Systemhaus Oldenburg GmbH,,DE13926241769257263917|DE21 7324 4920 0628 3947 44|DE29 9813 3728 5993 7785 99
3578,Schmitt & Hahn GbR,Fa. Schmitt & Hahn,DE38687501614316202356|DE95 9660 6380 8226 6356 15|DE41548652708087488762
3579,Keller Medizintechnik AG,Keller Medizintechnik|Fa. Keller Medizintechnik,DE22 4403 4700 4109 8145 77|DE66877866086770592265
3580,Logistik Stade GmbH & Co. KG,,DE28555887681239289326|DE40 1900 3094 0598 7526 45|DE81 2294 9700 0875 0851 05
3581,Haas Druck e.K.,Fa. Haas Druck|Haas Druck,DE13 4044 3623 1463 7240 92|DE68649636833113473560
3582,Engel & Claußen UG (haftungsbeschränkt),Fa. Engel & Claußen,DE92 5009 6533 5161 4854 27
3583,Jansen Technik AG,Fa. Jansen Technik,DE90 7390 4973 2505 7340 05
3584,Krüger Fleischerei OHG,,DE17758013034582536078|DE71781688011191450362|DE94977142687768289243
3585,Kühn Bäckerei KG,Fa. Kühn Bäckerei|Kuhn Backerei KG,DE38 4276 7527 2535 7544 21
3586,Hoffmann GbR,,DE30651524303648869287
3587,Rehder Gartenbau GmbH & Co. KG,Fa. Rehder Gartenbau,DE18745318251323266805|DE43404748831558254184|DE88 2163 7560 1378 3210 60
3588,Kühn Windkraft GmbH,Kühn Windkraft|Kuhn Windkraft|Fa. Kühn Windkraft,DE24 4522 5291 3372 6723 45|DE55 5982 0972 6850 4792 29|DE58 6341 8687 1299 3998 28
3589,Maschinenbau Kiel GbR,,DE19 5627 1585 5049 6233 97|DE13 4242 7829 2359 7754 10
3590,Klein Solartechnik GmbH,Klein Solartechnik,DE52570594668433628335
3591,Hofmann e.K.,,DE96 4420 9794 2569 2214 62
3592,Richter Tiefbau AG,Richter Tiefbau,DE89 6376 4587 7208 5116 29|DE82136360721024434518|DE37417515384800961841
3593,Schumacher Kältetechnik AG,Schumacher Kältetechnik Aktiengesellschaft,DE31436887114170370746|DE86 1822 0829 3530 5503 42
3594,Roth Spedition GbR,Roth Spedition,DE73122285386313120963|DE42 7824 3209 2216 2977 07
3595,Hartmann KG,,DE99496141626529009487|DE13 2099 8035 3325 1479 14
3596,Beck Fleischerei OHG,Fa. Beck Fleischerei,DE79 5195 0085 2865 5387 23
3597,Krüger & Horn GbR,Krüger & Horn|Fa. Krüger & Horn,DE74510645151608649741|DE16 6881 9894 0589 8201 86
3598,Schuster Hafenservice KG,Schuster Hafenservice,DE39 5248 5400 8537 9117 70|DE37937982488269079498|DE94957562581759527360
3599,Hafenservice Hamburg GbR,Fa. Hafenservice Hamburg,DE74 5068 6902 8913 9510 81
3600,Vogel Windkraft e.K.,Vogel Windkraft|Fa. Vogel Windkraft,DE99376228959125351127|DE38249487694072725737
3601,Schneider Bäckerei OHG,Schneider Bäckerei,DE70180130112856698430|DE49 2368 6999 1878 6448 92
3602,Schulz Holzbau AG,Schulz Holzbau,DE36 5416 7615 6790 7124 64|DE57617416856357386860|DE94 3512 6309 4536 7339 03
3603,Baumann Tiefbau e.K.,Baumann Tiefbau|Fa. Baumann Tiefbau,DE95889646091179701006|DE32731283319422440500
3604,Becker KG,,DE97 7746 0042 1572 1873 81|DE92784837086436602940|DE50843822424260531965
3605,Großhandel Oldenburg UG (haftungsbeschränkt),Grosshandel Oldenburg|Grosshandel Oldenburg UG (haftungsbeschrankt),DE34 2246 3407 2835 1593 09
3606,Maschinenbau Emden KG,Maschinenbau Emden,DE55 4662 3765 3707 2140 51|DE93541878260565974805
3607,Dietrich & Krämer GbR,Dietrich & Krämer|Dietrich & Kramer|Dietrich & Kramer GbR,DE80152768658691014156
3608,Claußen Tiefbau e.K.,Fa. Claußen Tiefbau|Claussen Tiefbau,DE94288288526741240109
3609,Baumann Großhandel GmbH & Co. KG,Fa. Baumann Großhandel|Baumann Großhandel GmbH u. Co. KG,DE18 4095 6531 9175 0187 40
3610,Systemhaus Bremen AG,Fa. Systemhaus Bremen|Systemhaus Bremen Aktiengesellschaft,DE11254605206454709901|DE43 9116 9258 2066 5305 46
3611,Schmitt Textil UG (haftungsbeschränkt),Schmitt Textil,DE43587731243191538729|DE55144561730240713887
3612,Engel Bau KG,,DE38628920891978545916
3613,Bäckerei Oldenburg AG,Bäckerei Oldenburg Aktiengesellschaft,DE72 8962 7784 5344 1143 53
3614,Elektro Wilhelmshaven UG (haftungsbeschränkt),Elektro Wilhelmshaven,DE57 7283 0874 7183 8566 71|DE59393892480263601845|DE33 8354 5640 4590 3841 75
3615,Schwarz Maschinenbau GmbH & Co. KG,Schwarz Maschinenbau|Schwarz Maschinenbau GmbH u. Co. KG,DE63 9039 8924 4297 9513 16
3616,Ziegler Gebäudereinigung e.K.,Ziegler Gebaudereinigung,DE63 7588 7887 1291 5600 23|DE69 3351 4681 3842 2464 47
3617,Zimmermann Technik AG,Zimmermann Technik|Zimmermann Technik Aktiengesellschaft,DE65 5382 3665 7690 0300 62|DE34 6285 1725 4772 9241 18
3618,Engel & Pfeiffer GmbH & Co. KG,Engel & Pfeiffer GmbH u. Co. KG,DE65758318103852580577|DE91 4351 3527 8420 2180 16
3619,Winter & Huber KG,Fa. Winter & Huber|Winter & Huber,DE85 3574 1300 9837 3762 32
3620,Albrecht Werbetechnik GmbH & Co. KG,Albrecht Werbetechnik GmbH u. Co. KG|Albrecht Werbetechnik|Fa. Albrecht Werbetechnik,DE57 4250 4175 6402 8077 78|DE10912799107304506241|DE23722027309888096936
3621,Tiefbau Schwerin e.K.,,DE44109404707620639232
3622,Holzbau Kiel OHG,,DE10483594881570442288
3623,Albrecht Elektro GmbH & Co. KG,Albrecht Elektro,DE74 7630 1239 4323 7105 74|DE33257876889212020216|DE30 2121 5972 1786 3112 66
3624,Stein Bäckerei AG,Stein Backerei|Fa. Stein Bäckerei,DE29697164900195218053|DE43 9756 4528 7249 3725 00
3625,Günther Schifffahrt OHG,Gunther Schifffahrt|Fa. Günther Schifffahrt,DE34 9007 3579 6900 7207 84
3626,Krüger Bäckerei GmbH & Co. KG,Krüger Bäckerei,DE77947381326076902432
3627,Krause Gartenbau GbR,,DE73572933863572913683
3628,Werbetechnik Emden OHG,,DE21 2190 7471 5899 8008 07
3629,Ziegler GmbH,Ziegler Ges.m.b.H.,DE10410113492625711938|DE46397022657514450743
3630,Lüdtke Handel e.K.,Ludtke Handel e.K.|Fa. Lüdtke Handel,DE20738952056032254614|DE31802920557057045106
3631,Thießen Textil AG,,DE34 9175 6925 2392 2945 65
3632,Jung Dachdeckerei UG (haftungsbeschränkt),Jung Dachdeckerei,DE63 5862 0923 7911 3775 56|DE51 2739 5336 4266 3128 00|DE30859713665246379030
3633,Schmid e.K.,,DE94 7063 8261 9866 7348 49|DE84536177849905600926
3634,Becker OHG,Becker,DE32 2143 1985 1500 2801 95|DE91139869497082806702|DE61447948082164925253
3635,Lehmann Handel AG,Lehmann Handel Aktiengesellschaft|Fa. Lehmann Handel,DE83137516038174069191|DE78 6925 9307 0712 6202 18
3636,Schmidt Fahrzeugtechnik UG (haftungsbeschränkt),Schmidt Fahrzeugtechnik UG (haftungsbeschrankt),DE22547827065158996913
3637,Fahrzeugtechnik Bremen AG,Fahrzeugtechnik Bremen|Fa. Fahrzeugtechnik Bremen,DE73 3498 2120 7850 9103 68|DE87 4007 1194 0001 6565 27|DE76558058293908760992
3638,Schwarz Handel UG (haftungsbeschränkt),Schwarz Handel|Schwarz Handel UG (haftungsbeschrankt)|Fa. Schwarz Handel,DE77621963627744240879
3639,Beck & Heinrich e.K.,Beck & Heinrich|Fa. Beck & Heinrich,DE43 4450 7383 3177 2496 10|DE54880842069768590960
3640,Druck Rostock OHG,Druck Rostock,DE37 8177 6138 4592 7389 74|DE27920687170131845277|DE57861856488085073888
3641,Peters & Richter UG (haftungsbeschränkt),Peters & Richter,DE87354015884115251907
3642,Gebäudereinigung Wilhelmshaven GmbH,Fa. Gebäudereinigung Wilhelmshaven|Gebäudereinigung Wilhelmshaven Ges.m.b.H.|Gebaudereinigung Wilhelmshaven GmbH,DE88325217318601376411
3643,Krüger Immobilien GmbH & Co. KG,Krüger Immobilien|Fa. Krüger Immobilien,DE36912582790313815170|DE11536069932207968685
3644,Stein Solartechnik OHG,Stein Solartechnik,DE52136372743131266977
3645,Möller UG (haftungsbeschränkt),Möller,DE15 9448 2018 1625 9294 41
3646,Fuchs Solartechnik e.K.,,DE20907825595999502775
3647,Textil Oldenburg KG,Fa. Textil Oldenburg,DE38655825144669657107|DE99732295924873914994
3648,Medizintechnik Wilhelmshaven e.K.,Fa. Medizintechnik Wilhelmshaven,DE75576814376648581104|DE38316162995199684417
3649,Werner Medizintechnik GmbH & Co. KG,Werner Medizintechnik,DE23562904654427623710|DE31 4482 1658 7131 0811 76|DE32 7457 4664 9480 1590 34
3650,Möller GmbH & Co. KG,Moller GmbH & Co. KG,DE43208556726575635790
3651,Schäfer Werbetechnik GmbH & Co. KG,Fa. Schäfer Werbetechnik|Schafer Werbetechnik|Schäfer Werbetechnik GmbH u. Co. KG,DE59506395386449442647|DE92 9924 9719 9005 4077 27
3652,Windkraft Cuxhaven KG,,DE44814128504798009030
3653,Winkler Werbetechnik e.K.,Winkler Werbetechnik|Fa. Winkler Werbetechnik,DE10 2258 3459 3845 7990 52|DE23 3740 4579 7739 9136 37
3654,Möhring & Huber e.K.,Möhring & Huber|Fa. Möhring & Huber,DE96 7683 2290 1081 8594 12|DE39 8568 5111 6710 5487 25
3655,Hartmann Sanitär e.K.,Hartmann Sanitar|Hartmann Sanitär,DE60 7372 2040 3809 3151 92
3656,Richter e.K.,,DE71773471687306417151
3657,Lehmann & Busch GmbH & Co. KG,Lehmann & Busch|Fa. Lehmann & Busch,DE55754937364238846985|DE69440855001916482954
3658,Jäger Fahrzeugtechnik GmbH & Co. KG,Jager Fahrzeugtechnik GmbH & Co. KG|Jäger Fahrzeugtechnik,DE49 8049 9726 5406 6613 75|DE75939329560099136507|DE25 9290 2627 9264 3014 39
3659,Lehmann Metallbau AG,Lehmann Metallbau Aktiengesellschaft|Fa. Lehmann Metallbau,DE65444405960457506444|DE78117496636678175153
3660,Carstens & Koch AG,Carstens & Koch|Fa. Carstens & Koch|Carstens & Koch Aktiengesellschaft,DE39 8912 8880 1210 9654 45|DE27 6655 1810 0916 0743 03|DE28 9887 9496 2509 9784 65
3661,Sanitär Emden KG,Sanitar Emden KG,DE91 9909 5060 1056 8155 09|DE59914446242573765364
3662,Kältetechnik Hamburg GmbH,Kältetechnik Hamburg Ges.m.b.H.,DE66 7708 4447 5936 3980 07|DE66690430610489128677
3663,Günther Metallbau GmbH & Co. KG,Günther Metallbau|Günther Metallbau GmbH u. Co. KG,DE38 4997 4251 6169 1783 91|DE21 6650 9225 7775 1145 91
3664,Medizintechnik Kiel GmbH & Co. KG,Medizintechnik Kiel GmbH u. Co. KG,DE21402195676403320403|DE66 1861 8441 5536 6126 38
3665,Kuhn & Thomas KG,Kuhn & Thomas|Fa. Kuhn & Thomas,DE32 2722 5924 8582 4819 41|DE92820800142372610242
3666,Beck & Dietrich GbR,Beck & Dietrich,DE84715387651767415536
3667,Schubert Werbetechnik OHG,,DE42 8831 5649 0787 3996 37
3668,Scholz AG,,DE44626039503572488789
3669,Beck & Graf GmbH,Beck & Graf|Fa. Beck & Graf,DE32965352264350277992
3670,Otto Werbetechnik GbR,Otto Werbetechnik|Fa. Otto Werbetechnik,DE90 9129 9926 5549 3449 99
3671,Möhring & Becker AG,Mohring & Becker AG,DE45 4107 2563 8997 8228 99|DE71 4673 1206 7566 0139 24
3672,Schmitz & Jung OHG,Schmitz & Jung,DE27979426548300986868|DE37718843522568929022
3673,Schreiber KG,,DE21 3609 9509 6894 7284 25|DE18 7111 8196 7395 8769 36
3674,Weiß Fahrzeugtechnik AG,Weiß Fahrzeugtechnik,DE89 8949 6514 7086 8703 50|DE65694540384139216150|DE20 3696 5924 2111 1324 34
3675,Schäfer Holzbau GmbH,Schafer Holzbau GmbH,DE92766601596389287344|DE69 2304 4652 1938 1850 94|DE14 4504 7782 5358 8585 48
3676,Schubert & Rehder AG,Schubert & Rehder Aktiengesellschaft|Schubert & Rehder,DE74226895709501965983|DE37475939705574476819
3677,Ludwig & Otto OHG,Fa. Ludwig & Otto|Ludwig & Otto,DE82183618018425948084|DE53277176753300465500
3678,Vogt Druck GmbH & Co. KG,Vogt Druck GmbH u. Co. KG,DE48998385606459109211
3679,Schäfer Immobilien GmbH & Co. KG,Schafer Immobilien|Schafer Immobilien GmbH & Co. KG|Schäfer Immobilien,DE66358666123113102892|DE83243771494721335654
3680,Günther Gebäudereinigung e.K.,Gunther Gebaudereinigung e.K.|Günther Gebäudereinigung|Fa. Günther Gebäudereinigung,DE89693056254815294551|DE37585175341224960345
3681,Kühn KG,Kühn,DE47 3532 6498 1485 6990 66
3682,Martin Gartenbau UG (haftungsbeschränkt),Fa. Martin Gartenbau|Martin Gartenbau,DE75 8093 2659 1174 5213 30|DE12295300354844774834|DE32 4192 4745 1780 8282 41
3683,Carstens & Franke OHG,Carstens & Franke,DE16953316867895680047
3684,Lorenz Sanitär KG,Lorenz Sanitar KG,DE49741210213108064747
3685,Kühn Holzbau AG,Kühn Holzbau Aktiengesellschaft|Kuhn Holzbau AG,DE61 2634 8321 6905 6082 90
3686,Ziegler Elektro GbR,Fa. Ziegler Elektro,DE78 3457 2573 2594 1476 14|DE35396663188981367346
3687,Groß Bau GbR,,DE55282111725456740170|DE96817222005997647074|DE82 3791 8424 3739 2094 39
3688,Schulte Systemhaus AG,Schulte Systemhaus|Schulte Systemhaus Aktiengesellschaft,DE50796474219213320578|DE10 1613 3188 7577 2701 13
3689,Neumann & Beck OHG,Neumann & Beck,DE55866744133687664570
3690,Kaiser GmbH & Co. KG,Fa. Kaiser|Kaiser GmbH u. Co. KG,DE83989092708160363090|DE99719189078543648596
3691,Köhler Maschinenbau GmbH,Köhler Maschinenbau Ges.m.b.H.|Fa. Köhler Maschinenbau,DE19720286808927556114
3692,Groß Logistik e.K.,Gross Logistik,DE74 8970 0368 8213 9192 54
3693,Köhler Werbetechnik UG (haftungsbeschränkt),Kohler Werbetechnik UG (haftungsbeschrankt),DE68365556536098859138|DE81635262460740701394
3694,Ludwig Solartechnik KG,Ludwig Solartechnik,DE80853036246500342087
3695,Friedrich Sanitär AG,Friedrich Sanitar,DE66 3501 4253 9243 1963 66|DE74186231381334722423
3696,Metallbau Bremen KG,,DE48 7188 1579 5659 8323 62|DE37983715135178715725
3697,Brüggemann & Schröder AG,Brüggemann & Schröder|Brüggemann & Schröder Aktiengesellschaft,DE98830187154011909034
3698,Lange OHG,,DE30786540135828803856|DE45582626946794601839|DE27439965467878644795
3699,Seidel & Groß e.K.,Seidel & Gross,DE46 9507 5866 7267 5713 36|DE14598014696433160548
3700,Groß & Hoffmann GmbH,Groß & Hoffmann Ges.m.b.H.,DE61 2854 6030 8863 3386 61|DE99609142884038063543
3701,Kraus & Meyer UG (haftungsbeschränkt),Kraus & Meyer,DE62583406039773836322
3702,Petersen Handel UG (haftungsbeschränkt),Petersen Handel UG (haftungsbeschrankt),DE16105186007805257841
3703,Wolff Gartenbau KG,Wolff Gartenbau|Fa. Wolff Gartenbau,DE43275700957436596992
3704,Großhandel Oldenburg KG,Fa. Großhandel Oldenburg,DE51 3251 5306 6937 0142 70|DE64 5581 1145 9260 9163 37
3705,Schmitt Bau e.K.,Schmitt Bau,DE96 2385 9307 3820 8304 16|DE43845115692824383535
3706,Jung & Fuchs OHG,Jung & Fuchs|Fa. Jung & Fuchs,DE51 4282 1968 0165 2790 61|DE55293375226597157550
3707,Schmidt Druck GmbH,,DE50669834646275329959|DE96947330957267500288
3708,Hansen & Schwarz AG,Hansen & Schwarz Aktiengesellschaft,DE13 1773 3322 1182 8345 16
3709,Kraus & Thießen OHG,Kraus & Thiessen,DE48327194768960243837
3710,Meyer & Schumacher OHG,Meyer & Schumacher,DE75 8751 2752 4400 8030 08|DE52320840960144062998
3711,Claußen Fleischerei e.K.,Claussen Fleischerei,DE55625091630687194628
3712,Lehmann Technik UG (haftungsbeschränkt),Lehmann Technik UG (haftungsbeschrankt),DE83 7691 6533 6442 6495 25
3713,Voigt Möbel GmbH & Co. KG,Voigt Möbel GmbH u. Co. KG|Voigt Mobel|Voigt Möbel,DE21947265190112109167|DE17505310724863658934
3714,König Handel GmbH & Co. KG,König Handel GmbH u. Co. KG|König Handel,DE39470724064210718616|DE40312174653547888463
3715,Stein Systemhaus e.K.,,DE88576045563956692627|DE97 2524 4709 5216 9981 91
3716,Becker Bau GmbH & Co. KG,Becker Bau GmbH u. Co. KG,DE82262228813902646684|DE73184263681745847230
3717,Groß Spedition KG,Groß Spedition|Fa. Groß Spedition,DE40810136467571953907|DE28464200281373027241
3718,Krüger & Krüger AG,Krüger & Krüger Aktiengesellschaft|Kruger & Kruger,DE61 9637 4770 0715 6036 71
3719,Krüger & Walter AG,Kruger & Walter|Fa. Krüger & Walter,DE82321565217435727275|DE13660198656892162542
3720,Bauer Textil e.K.,Bauer Textil|Fa. Bauer Textil,DE13 1502 6891 8174 0669 52|DE29214741330766993652
3721,Braun Metallbau e.K.,Braun Metallbau,DE56224612903423825749|DE35 1520 0262 7008 5575 79
3722,Neumann Fahrzeugtechnik e.K.,Neumann Fahrzeugtechnik,DE69235035818867053466|DE66 8702 8221 5194 6364 60
3723,Weber & Pohl KG,Weber & Pohl|Fa. Weber & Pohl,DE50 2087 8266 4318 7530 32|DE59 1928 6061 4773 4017 23
3724,Medizintechnik Flensburg OHG,,DE43379667129169016191|DE40 9535 3463 1454 5055 94
3725,Krüger Systemhaus e.K.,,DE27475523124195906930|DE85 1317 6699 9554 2295 49
3726,Druck Schwerin GbR,Fa. Druck Schwerin|Druck Schwerin,DE51183698043657905158
3727,Kraus GbR,,DE13 1318 7870 3382 6122 93|DE24 7913 1333 5547 4983 45|DE19 5358 2624 7797 4542 93
3728,Möhring Hafenservice e.K.,Mohring Hafenservice e.K.,DE81 8577 1127 0828 4019 52|DE26 1833 9964 3923 2719 31
3729,Bauer & Horn GbR,Bauer & Horn,DE21 2852 3021 6206 2194 59
3730,Kuhn Schifffahrt OHG,Kuhn Schifffahrt|Fa. Kuhn Schifffahrt,DE63 8780 0948 0549 9176 00|DE76 8267 0918 2319 8808 48
3731,Sanitär Husum UG (haftungsbeschränkt),Sanitar Husum UG (haftungsbeschrankt)|Sanitar Husum,DE13 6001 3010 5858 2217 64|DE66 5440 2881 1536 8514 79|DE12422986175497118751
3732,Vogel & Sommer e.K.,Fa. Vogel & Sommer,DE46 7683 3922 8249 7280 35|DE72644332054730166847
3733,Lange Großhandel OHG,Lange Grosshandel,DE64218152809614027219
3734,Schreiber Holzbau GmbH & Co. KG,Schreiber Holzbau,DE36472833149432949145
3735,Technik Neumünster GmbH & Co. KG,Technik Neumunster|Technik Neumünster GmbH u. Co. KG|Technik Neumunster GmbH & Co. KG,DE37 7350 0124 9894 9239 77|DE78567581450163193514
3736,Schmidt & Pohl GbR,Schmidt & Pohl,DE39 7571 6760 0076 8289 62
3737,Schulz GmbH & Co. KG,,DE91825062879712171775|DE93 7172 6931 8046 8577 55
3738,Möbel Neumünster GmbH,Mobel Neumunster GmbH|Fa. Möbel Neumünster,DE74904953232220866829|DE70 4926 0447 8536 9011 83
3739,Metallbau Lüneburg GmbH,Metallbau Luneburg,DE30784002640999633323
3740,Lang Technik GmbH,,DE70631267638735977568
3741,Heinrich & Weiß UG (haftungsbeschränkt),Fa. Heinrich & Weiß|Heinrich & Weiss,DE18 1041 2356 9919 5250 07|DE35786555916666589432
3742,Lehmann & Walter GmbH,,DE69 5607 0830 7362 0524 58|DE15 1620 4705 7310 7612 71|DE71380788540416971427
3743,Schäfer Druck GmbH & Co. KG,Schäfer Druck GmbH u. Co. KG|Schäfer Druck|Schafer Druck,DE39 7455 0346 6938 3383 92|DE87 9533 3395 4313 6087 61
3744,Lorenz AG,Lorenz Aktiengesellschaft,DE22 4401 8821 2166 2078 09|DE39182938164698208292
3745,Brandt Verlag GmbH,Brandt Verlag,DE51 5132 0839 8252 1061 32|DE35 1610 4169 4288 4883 08|DE85 8795 8790 2006 3216 30
3746,Medizintechnik Wilhelmshaven OHG,Medizintechnik Wilhelmshaven,DE40589702430134791437
3747,Ludwig & Brandt e.K.,,DE68692108474977270256|DE81770431841903694502|DE41 2722 6706 5536 9820 36
3748,Heinrich Metallbau GmbH,Fa. Heinrich Metallbau|Heinrich Metallbau Ges.m.b.H.,DE99815108231642253475|DE81985010469258167944
3749,Köhler OHG,,DE71527635266150953712
3750,Druck Rostock GmbH,Fa. Druck Rostock,DE70803384359426184562|DE76 5818 2680 5727 0819 32
3751,Wagner & Roth e.K.,,DE74952264953323374589|DE95952570881695823177|DE18 5046 3330 6767 8445 43
3752,Hansen & Bergmann GmbH & Co. KG,Hansen & Bergmann,DE69750525734090120800|DE34 2475 7152 4186 7989 48
3753,Martin Systemhaus GbR,Martin Systemhaus|Fa. Martin Systemhaus,DE61143278588438405676|DE84 8890 1709 4292 9734 09|DE94301972104273914760
3754,Schröder AG,Schröder Aktiengesellschaft|Schröder,DE49 4022 5438 1514 4422 92
3755,Ludwig Großhandel KG,Ludwig Großhandel|Fa. Ludwig Großhandel,DE17306381453891618114|DE29214515817212367502|DE21 2737 7469 1918 9338 59
3756,Lüdtke Metallbau GmbH & Co. KG,Lüdtke Metallbau GmbH u. Co. KG,DE62543796637502000547|DE36687414211250393082
3757,Verlag Kiel GmbH,Fa. Verlag Kiel|Verlag Kiel Ges.m.b.H.,DE21939520295172797502
3758,Schneider Logistik e.K.,Schneider Logistik|Fa. Schneider Logistik,DE81 6363 6859 7773 0513 69|DE84473593959765869890
3759,Voigt Catering AG,Fa. Voigt Catering,DE79633388499380854648|DE82198104110486192768
3760,Druck Hamburg e.K.,,DE94248197167562752416
3761,Frank Dachdeckerei KG,Fa. Frank Dachdeckerei|Frank Dachdeckerei,DE35 6251 7450 8384 7234 90
3762,Immobilien Kiel GbR,Fa. Immobilien Kiel|Immobilien Kiel,DE74699645577896058149
3763,Maier GbR,Maier,DE40 6573 9296 0365 6948 00
3764,Berger & Thomas GbR,Berger & Thomas,DE96137165918404007181|DE52170132484322750885|DE32648822796790854644
3765,Möller Tiefbau UG (haftungsbeschränkt),Fa. Möller Tiefbau|Moller Tiefbau UG (haftungsbeschrankt)|Moller Tiefbau,DE50997956164107160004|DE72 1614 3914 3143 7033 02
3766,Winkler & Berger GmbH,Winkler & Berger,DE96474179132385755538
3767,Kuhn Hafenservice GbR,Kuhn Hafenservice,DE88596718850339870246|DE50888579872551364978
3768,Schifffahrt Neumünster AG,Schifffahrt Neumunster,DE22 9103 9306 6659 6482 04
3769,Schmitt Dachdeckerei GmbH,Schmitt Dachdeckerei Ges.m.b.H.,DE75651185171089809430
3770,Carstens Bäckerei KG,Carstens Backerei KG,DE64 9476 4116 1337 9784 39
3771,Maier Handel GmbH,Maier Handel,DE60316515551351127048|DE74 1413 4220 8773 1969 90|DE44 4618 2821 0177 2203 53
3772,Schuster Logistik KG,Schuster Logistik,DE19 2429 8251 8887 4972 44|DE87 2621 0415 0993 4780 89
3773,Weber Windkraft KG,Weber Windkraft|Fa. Weber Windkraft,DE68762422995332149672|DE56 2663 2999 4548 8145 93|DE66 4416 7064 0166 1530 60
3774,Fischer Tiefbau KG,Fischer Tiefbau|Fa. Fischer Tiefbau,DE64 8898 4441 6603 6573 44
3775,Schmidt Hafenservice UG (haftungsbeschränkt),Fa. Schmidt Hafenservice|Schmidt Hafenservice,DE67139005865586676407
3776,Koch GbR,,DE10560251258307955421|DE35138222161425284239|DE17 1646 1191 5287 3877 45
3777,Thießen & König AG,,DE80 1386 0467 3787 8940 04
3778,Brüggemann Maschinenbau GbR,Fa. Brüggemann Maschinenbau,DE93 3296 6433 5192 0229 41|DE18352441899272997026|DE90 8149 0798 2892 2467 22
3779,Bau Lübeck GmbH & Co. KG,Fa. Bau Lübeck,DE40 8673 2129 9356 8660 10
3780,Systemhaus Lübeck GmbH & Co. KG,,DE71942294346792878808|DE56311442910264491632
3781,Meyer & Herrmann GmbH & Co. KG,Meyer & Herrmann,DE94352279658576027042
3782,Schmidt & Vogel e.K.,Schmidt & Vogel|Fa. Schmidt & Vogel,DE28873797385425797926|DE75456200481111129333
3783,Tiefbau Kiel KG,,DE98856626531254678787
3784,Ludwig UG (haftungsbeschränkt),Ludwig UG (haftungsbeschrankt),DE87 7321 1243 7301 8958 91
3785,Köhler Dachdeckerei GbR,Kohler Dachdeckerei,DE80615726801543161085|DE81 8410 8272 0356 6565 62
3786,Graf Großhandel GmbH & Co. KG,Graf Großhandel GmbH u. Co. KG,DE39773338662919145457
3787,Werner Möbel GmbH & Co. KG,Werner Mobel GmbH & Co. KG|Werner Möbel,DE28854588367252750871|DE16 7853 9038 8453 3850 97|DE42 4397 5481 8093 5502 11
3788,Busch Immobilien GbR,Busch Immobilien,DE53 7700 3291 7505 7455 12|DE86 1996 6904 1691 5886 57|DE37570724562858679301
3789,Petersen Immobilien GmbH & Co. KG,,DE10828565192226351705
3790,Catering Oldenburg UG (haftungsbeschränkt),Fa. Catering Oldenburg,DE13 5367 0460 8212 3166 06|DE34 3327 4462 0807 9475 37|DE57476381248578919776
3791,Stein Fleischerei GmbH & Co. KG,Stein Fleischerei|Stein Fleischerei GmbH u. Co. KG,DE96168188457692736969
3792,Kältetechnik Schwerin GmbH,Kältetechnik Schwerin,DE68815571262090174972
3793,Fahrzeugtechnik Emden GbR,,DE27440816676807863795
3794,Tiefbau Schwerin KG,,DE15686212745447010370|DE13 5308 8150 5217 2349 08|DE47602611924256374010
3795,Fuchs GmbH,,DE37 4249 6305 3144 8884 36|DE53682782437464060944|DE39187572839023903698
3796,Voigt Technik OHG,Fa. Voigt Technik,DE29533152391774790168|DE63329151235291319002
3797,Schreiber & Simon e.K.,Schreiber & Simon|Fa. Schreiber & Simon,DE11403197765657356153|DE23 6772 5096 3724 3080 70
3798,Richter Textil GbR,Richter Textil,DE20258389134769180314|DE86252028709681041560
3799,Schumacher & Jung GmbH & Co. KG,Schumacher & Jung|Fa. Schumacher & Jung,DE19557777645324906982|DE93 6911 1331 0374 0855 80
3800,Heinrich Gebäudereinigung GmbH,,DE38667627109648370259
3801,Schmitt Solartechnik UG (haftungsbeschränkt),Schmitt Solartechnik UG (haftungsbeschrankt),DE92 9567 6344 7109 5299 28
3802,Schreiber OHG,,DE98 8242 3352 6223 8921 99|DE29 5159 4739 8972 1615 71
3803,Albrecht Dachdeckerei GmbH & Co. KG,Albrecht Dachdeckerei,DE86 7366 8867 1545 9395 82|DE54767173758080187000
3804,Ludwig & Richter OHG,Ludwig & Richter,DE84 9579 4373 6018 9347 65
3805,Brandt Kältetechnik KG,Brandt Kältetechnik|Brandt Kaltetechnik|Brandt Kaltetechnik KG,DE21 7998 4201 6596 3677 33|DE71 4234 7382 2552 4503 03|DE18 5847 3255 8335 0195 93
3806,Frank & Vogel GmbH,Frank & Vogel,DE53930141740990108755|DE75 8955 0605 5380 0325 62|DE68417558049431987633
3807,Lüdtke AG,,DE32 4971 4511 4738 0172 12|DE28836344443597148752|DE36834728429590896543
3808,Becker Hafenservice AG,Becker Hafenservice,DE49439024352419421874
3809,Otto & Seidel UG (haftungsbeschränkt),Fa. Otto & Seidel|Otto & Seidel UG (haftungsbeschrankt),DE59 6829 3658 2413 1918 99|DE56397831552342865198|DE73192367116517057910
3810,Graf Maschinenbau GmbH,,DE22 8415 9597 7540 3798 00|DE88 4216 2746 4550 2193 90
3811,Jäger Technik GbR,,DE34 6154 9757 9356 8367 23
3812,Meyer OHG,,DE15186772496955936522|DE87541482474568222930|DE37 2457 9055 9321 8045 38
3813,Braun Schifffahrt UG (haftungsbeschränkt),Fa. Braun Schifffahrt|Braun Schifffahrt UG (haftungsbeschrankt)|Braun Schifffahrt,DE24 7114 6056 2838 9829 79|DE17 7357 2568 1806 8241 92|DE51 1433 3358 2194 0925 74
3814,Busch & Graf GbR,Busch & Graf,DE84 1964 3904 8616 5292 60|DE71 7433 1445 3333 7464 20
3815,Werner & Schulte GbR,Fa. Werner & Schulte,DE65 4052 6719 9292 0001 38
3816,Krämer KG,,DE12 8907 2021 7617 1742 75|DE42 8392 1266 2820 0554 19|DE95 7055 6767 3601 7977 83
3817,Textil Wilhelmshaven OHG,,DE20 3081 1673 5318 7780 54|DE30151198640972344476
3818,Lorenz Maschinenbau UG (haftungsbeschränkt),Fa. Lorenz Maschinenbau,DE31 1752 7791 4905 8391 33
3819,Schulze Holzbau GmbH,Schulze Holzbau Ges.m.b.H.,DE96935775356262403708|DE34806227042996668735|DE18669537449379505270
3820,Pohl & Huber e.K.,Pohl & Huber,DE79868565382273578030|DE52 9067 3034 4099 3752 12|DE12372224391280137838
3821,Fleischerei Wilhelmshaven OHG,Fa. Fleischerei Wilhelmshaven|Fleischerei Wilhelmshaven,DE53 5641 2940 6715 2701 40|DE27337545031868932437
3822,Bergmann Bäckerei OHG,Bergmann Bäckerei,DE70857080298983741651|DE61853098863348901697
3823,Herrmann & Schubert OHG,Herrmann & Schubert,DE38506566407608701757|DE39654151741138581788|DE15626474828459938075
3824,Möhring & Walter UG (haftungsbeschränkt),Möhring & Walter|Mohring & Walter,DE93 9410 8245 0420 6054 68|DE13208291011111417867|DE33914436282546373005
3825,Dachdeckerei Lüneburg GbR,Fa. Dachdeckerei Lüneburg,DE88 5620 5159 7358 1835 85
3826,Klein & Krause AG,Klein & Krause|Fa. Klein & Krause,DE20583071355703799637|DE26286261729746433905
3827,Carstens Holzbau OHG,Carstens Holzbau,DE45 7480 9948 5930 0234 37
3828,Sanitär Kiel UG (haftungsbeschränkt),Sanitar Kiel,DE53 3489 8833 4716 8257 48
3829,Schreiber Verlag AG,Fa. Schreiber Verlag,DE95 4698 0116 1130 4005 22|DE66952901727795480105
3830,Möbel Neumünster KG,Möbel Neumünster,DE69 9063 3544 7065 9934 43
3831,Schmitz & Jäger GmbH,Schmitz & Jäger,DE75 2940 3159 6122 7687 67|DE93 2922 4242 9445 6361 45
3832,Martin & Martin GmbH,Martin & Martin Ges.m.b.H.|Martin & Martin|Fa. Martin & Martin,DE29187403608709722635
3833,Maier Bau GbR,Fa. Maier Bau|Maier Bau,DE32 4355 0525 4814 8763 71
3834,Ludwig Catering GmbH & Co. KG,Ludwig Catering|Fa. Ludwig Catering|Ludwig Catering GmbH u. Co. KG,DE11283410915025701737
3835,Huber Bau GmbH & Co. KG,Fa. Huber Bau,DE38 5784 0689 2075 7623 21
3836,Günther Druck UG (haftungsbeschränkt),Günther Druck|Gunther Druck UG (haftungsbeschrankt),DE80189714912425427674
3837,Albrecht Möbel KG,Albrecht Mobel,DE80551774457326635035|DE60359666149763747228
3838,Windkraft Rostock GbR,,DE27 2458 5275 2704 4752 59
3839,Rehder & Winter e.K.,Rehder & Winter|Fa. Rehder & Winter,DE17165037695396887589
3840,Brüggemann & Kuhn OHG,Fa. Brüggemann & Kuhn|Brüggemann & Kuhn,DE20 9681 6588 5691 4809 64
3841,König Bau UG (haftungsbeschränkt),Fa. König Bau,DE69 9984 3874 2642 8638 75|DE59628038986298761729
3842,Schumacher & Schäfer GmbH,Schumacher & Schafer|Schumacher & Schäfer Ges.m.b.H.|Schumacher & Schäfer,DE24 5593 0002 3506 2736 16|DE29 9107 0757 5853 7736 66
3843,Fuchs Holzbau OHG,,DE58639745520372213014
3844,Maschinenbau Rostock GbR,Maschinenbau Rostock|Fa. Maschinenbau Rostock,DE20789582878933712837|DE35779146139616353443
3845,Schulz Gartenbau OHG,Schulz Gartenbau,DE70 5438 7092 7424 5464 33
3846,Martin OHG,,DE64 2215 6362 0480 4177 19
3847,Franke Technik OHG,Fa. Franke Technik|Franke Technik,DE48 8521 1291 7395 2859 11
3848,Schumacher Catering UG (haftungsbeschränkt),Schumacher Catering UG (haftungsbeschrankt),DE66 8523 0064 5622 6870 85
3849,Schmitz Textil GmbH,Schmitz Textil,DE67434026412705181366|DE57 2952 2497 1689 7395 65
3850,Schmitt & Krause GmbH & Co. KG,Fa. Schmitt & Krause,DE46709434234304213290|DE72288633456109390202
3851,Kaiser & Peters KG,,DE92 4333 8894 0086 0080 33|DE25 7479 6704 9466 5375 49
3852,Bau Hamburg GmbH,Bau Hamburg,DE77523906888099960872|DE93 3715 6542 1805 5350 39
3853,Otto Werbetechnik GmbH,Otto Werbetechnik Ges.m.b.H.,DE83859187644149148103
3854,Becker Bäckerei e.K.,Fa. Becker Bäckerei,DE47785560015815061124
3855,Technik Husum KG,,DE11 2198 5383 4833 6696 22
3856,Hartmann & Otto OHG,Hartmann & Otto,DE29 7267 4939 4882 2454 86|DE88948594849535612065|DE43721290958609452296
3857,Thießen & Schreiber UG (haftungsbeschränkt),Thiessen & Schreiber,DE86253917999183235652|DE45833262786657426845|DE50730797427698078555
3858,Schulz Logistik UG (haftungsbeschränkt),Fa. Schulz Logistik,DE26515941769167807728
3859,Herrmann & Arnold GmbH,Herrmann & Arnold|Herrmann & Arnold Ges.m.b.H.,DE65 5330 2515 5232 5917 26|DE17 6742 5307 3139 7394 49
3860,Vogt Immobilien GmbH,,DE50787793803331749405|DE19976295651099806769
3861,Haas & Baumann OHG,Fa. Haas & Baumann,DE54 4719 2588 2870 2421 26|DE96 2286 3238 7044 3605 31|DE81541497716381263521
3862,Logistik Schwerin e.K.,,DE21410238072970252857|DE31973999800574837740
3863,Bergmann KG,,DE79 5417 6915 2634 8935 39|DE33 7541 5382 2443 4364 21
3864,Gebäudereinigung Stade GbR,Fa. Gebäudereinigung Stade|Gebaudereinigung Stade,DE47298397585073150514|DE92972355311532437594
3865,Beck & Lehmann e.K.,Beck & Lehmann,DE71416606509675111080|DE48991303395790364285
3866,Lüdtke & Sauer e.K.,Ludtke & Sauer e.K.|Lüdtke & Sauer,DE17 3552 7444 9905 6471 86|DE45304531308753039237
3867,Vogel Dachdeckerei e.K.,Vogel Dachdeckerei,DE32655131475203609241
3868,Winkler UG (haftungsbeschränkt),,DE45178213321913611209|DE42103553177085641916
3869,Wolff Möbel GmbH,,DE67 8924 8568 4206 8383 93
3870,Ludwig & Krämer GbR,Fa. Ludwig & Krämer|Ludwig & Kramer GbR|Ludwig & Kramer,DE91747078728556597376|DE62542272734821647867
3871,Müller Medizintechnik GbR,Muller Medizintechnik GbR|Fa. Müller Medizintechnik,DE47917366935408492158|DE14917399027216593758
3872,Richter Gartenbau GbR,Richter Gartenbau,DE54965775713530136181
3873,Hansen & Sommer AG,Fa. Hansen & Sommer|Hansen & Sommer,DE24500037925022026812|DE31 2493 1751 6585 7678 26
3874,Albrecht Verlag OHG,Fa. Albrecht Verlag|Albrecht Verlag,DE40 4861 0135 4763 5791 72|DE26 6383 2452 1919 5339 23|DE80 9038 9947 5662 3828 42
3875,Voigt & Horn GmbH,Voigt & Horn Ges.m.b.H.,DE91956324331025446444|DE86719325275029755617
3876,Jung & Pohl GbR,Jung & Pohl|Fa. Jung & Pohl,DE73 5388 0021 7418 6705 36
3877,Jansen & Werner e.K.,Fa. Jansen & Werner,DE57819758385606494132
3878,Bergmann Hafenservice GmbH,Fa. Bergmann Hafenservice|Bergmann Hafenservice,DE19672249808558068046
3879,Klein Druck UG (haftungsbeschränkt),Klein Druck UG (haftungsbeschrankt),DE74536038510576070144
3880,Metallbau Flensburg AG,Metallbau Flensburg Aktiengesellschaft,DE81527101092260334418
3881,Großhandel Stade GbR,,DE48 7766 4391 4528 4523 30
3882,Kraus GmbH & Co. KG,,DE71315511192101385652
3883,Solartechnik Neumünster e.K.,Solartechnik Neumünster,DE33555073718179479920
3884,Druck Kiel KG,Fa. Druck Kiel|Druck Kiel,DE37581005669810678240|DE86345465755165859059
3885,Maschinenbau Hamburg OHG,,DE61142430148483268946
3886,Handel Schwerin GmbH & Co. KG,Handel Schwerin,DE80 1877 9068 1147 0541 60
3887,Schuster Systemhaus UG (haftungsbeschränkt),Schuster Systemhaus UG (haftungsbeschrankt),DE69 9616 7036 3827 5943 96
3888,Wolff Solartechnik KG,Fa. Wolff Solartechnik,DE16 8702 3502 6763 6978 84|DE27550253631710090396|DE52390202735411305900
3889,Peters Metallbau OHG,Peters Metallbau,DE65353093216705029485
3890,Schumacher Windkraft OHG,,DE13 9375 4263 9604 0745 25
3891,Hansen & Schneider GmbH & Co. KG,Hansen & Schneider,DE76963754711339802151|DE32409235872879431263
3892,Becker Solartechnik AG,Fa. Becker Solartechnik,DE55 3208 2141 3421 2782 01|DE15 4211 1784 9626 2690 27
3893,Winkler & Peters KG,Fa. Winkler & Peters,DE47240032804953637880|DE93 7929 4131 4530 8390 81|DE91893142980068534308
3894,Stein Bäckerei e.K.,,DE54858531287440607126
3895,Keller Schifffahrt AG,Keller Schifffahrt|Keller Schifffahrt Aktiengesellschaft|Fa. Keller Schifffahrt,DE30 2241 9279 0354 7596 80|DE24595239023590812712
3896,Fuchs & Schulz e.K.,Fuchs & Schulz,DE65726278194312865493|DE44 6450 7540 2915 3791 93
3897,Engel Kältetechnik e.K.,Fa. Engel Kältetechnik,DE35619149619908264342|DE79 5261 7291 2430 0090 32|DE62 8828 9271 4896 6509 08
3898,Hahn Gebäudereinigung AG,Fa. Hahn Gebäudereinigung|Hahn Gebäudereinigung,DE81663905711060915322
3899,Thomas KG,,DE42 7125 9829 5077 2556 03|DE17 5250 1328 7072 4428 78|DE77 9403 9315 0661 4322 10
3900,Meier Werbetechnik KG,,DE51 2449 8188 3981 2980 08|DE52825834450485130773
3901,Wagner Bau AG,Wagner Bau,DE27533543947768311361
3902,Hafenservice Rostock GmbH & Co. KG,Fa. Hafenservice Rostock,DE16371743923897482709
3903,Braun & Pohl GbR,Fa. Braun & Pohl|Braun & Pohl,DE98 5788 4412 6699 9653 60|DE12 8615 1445 4591 0624 16|DE49 1363 7262 9993 8607 24
3904,Lehmann Metallbau OHG,,DE17 1312 6503 6248 2838 31|DE56700754035964926688
3905,Schröder Handel GmbH & Co. KG,Schröder Handel GmbH u. Co. KG|Schroder Handel,DE57 4774 8787 6555 5394 04|DE87 6952 1544 6992 3483 71
3906,Hoffmann Systemhaus KG,Hoffmann Systemhaus|Fa. Hoffmann Systemhaus,DE66 5702 1422 6317 3605 84|DE65 7098 5222 4257 1180 38
3907,Jansen Großhandel GbR,Fa. Jansen Großhandel,DE98 7348 5705 6620 1124 42|DE14 3170 2665 3669 8828 08|DE62 7682 1159 3123 8079 41
3908,Dachdeckerei Wilhelmshaven GbR,,DE87337753698331084822|DE76782264514785755208
3909,Lorenz Hafenservice KG,,DE92 1276 3371 8347 0766 75
3910,Fahrzeugtechnik Flensburg e.K.,Fahrzeugtechnik Flensburg,DE20 1317 7702 2522 7149 89|DE43 5551 5598 4707 3867 95
3911,Herrmann & Lange AG,Herrmann & Lange|Herrmann & Lange Aktiengesellschaft,DE11 7280 6701 3366 3852 69|DE95 7126 6673 4227 3217 71|DE16418188160422738937
3912,Lehmann Fahrzeugtechnik GmbH & Co. KG,Fa. Lehmann Fahrzeugtechnik|Lehmann Fahrzeugtechnik GmbH u. Co. KG,DE80 6311 8910 7911 6349 68|DE41 4701 9791 0862 4961 10
3913,Solartechnik Husum GmbH,Fa. Solartechnik Husum,DE92513018906532598956|DE50432846416369543718|DE16812574529622358774
3914,Druck Emden KG,Druck Emden,DE86 1604 7841 0576 5613 63|DE86236654660467230723|DE64 6739 5727 9346 1104 98
3915,Großhandel Schwerin OHG,,DE30 7910 8746 1919 8816 29
3916,Simon GmbH,Simon Ges.m.b.H.,DE93 3049 9109 0965 0109 72|DE73 6268 0976 0887 7441 29
3917,Fleischerei Kiel KG,,DE88 4049 6820 9217 2019 82
3918,Lang Sanitär AG,Lang Sanitär|Lang Sanitär Aktiengesellschaft,DE47785667898095942660|DE23187895957658253123|DE22361157383482264930
3919,Schuster Druck KG,,DE11136490410143109721|DE86 6100 8017 4256 8602 36
3920,Thießen & Schmitt GmbH,Thießen & Schmitt Ges.m.b.H.,DE34 5102 2254 0426 8265 64|DE56519247363683266491
3921,Krüger Großhandel AG,Kruger Grosshandel AG|Krüger Großhandel Aktiengesellschaft|Krüger Großhandel,DE23 6997 6188 6433 0464 60|DE58595643313444734562
3922,Schulte Schifffahrt UG (haftungsbeschränkt),Fa. Schulte Schifffahrt,DE74 2636 0916 2364 4860 04|DE23 4842 5709 2830 4877 73
3923,Kühn e.K.,Fa. Kühn,DE55 9526 0220 3555 6422 68
3924,Koch Textil KG,Fa. Koch Textil,DE98 8766 8949 5761 1332 48|DE96 3325 6266 8041 8975 00
3925,Wolff Elektro e.K.,Fa. Wolff Elektro,DE56 2087 0562 4528 2963 50
3926,Schulz Bäckerei KG,Schulz Backerei KG|Schulz Bäckerei,DE10966798829657824958
3927,Schulze Metallbau GmbH,Schulze Metallbau Ges.m.b.H.,DE94809298839404442909|DE92 3213 1499 1666 2661 03
3928,Albrecht Tiefbau KG,Albrecht Tiefbau|Fa. Albrecht Tiefbau,DE81 8989 8784 7481 3654 45|DE42 3792 2068 4714 5985 62
3929,Jung GmbH,,DE13 7999 3454 0474 6965 41|DE26 4760 6524 0965 8083 11
3930,Kältetechnik Neumünster KG,Kältetechnik Neumünster|Fa. Kältetechnik Neumünster,DE37 4266 1291 4069 3861 52
3931,Baumann AG,,DE72 5377 7907 1578 3113 03
3932,Spedition Bremen GbR,,DE56 6192 9972 3602 8926 31|DE24 3899 3041 3275 6124 45|DE28532359924860777148
3933,Rehder & Kühn KG,Rehder & Kühn,DE35 9669 0099 1166 3888 37|DE90 1458 3671 4927 4268 80|DE12 4250 8639 0487 7967 79
3934,Logistik Cuxhaven OHG,Logistik Cuxhaven,DE81114790193727170808|DE93458599532977107039|DE48506729064213140303
3935,Becker & Roth OHG,Fa. Becker & Roth|Becker & Roth,DE45 2633 5761 2243 2620 32|DE72765540949140499178
3936,Krüger Spedition UG (haftungsbeschränkt),Kruger Spedition,DE23626470167791653749|DE38 9152 1196 7570 4124 15
3937,Baumann Möbel GmbH & Co. KG,Baumann Möbel|Baumann Mobel GmbH & Co. KG,DE42224189359839985321
3938,Kühn & Kuhn GbR,,DE24874907304760911209
3939,Maschinenbau Rostock OHG,,DE74853467997245006730
3940,Tiefbau Rostock e.K.,,DE98312009083465654574|DE42 5146 8211 0930 2648 29
3941,Wagner Dachdeckerei GmbH & Co. KG,Fa. Wagner Dachdeckerei,DE33177065396792909408|DE33 4624 0808 9453 4585 97
3942,Becker & Pfeiffer GbR,,DE37699191165060110402|DE72 7436 3795 7527 3413 33
3943,Schwarz Gartenbau GbR,Schwarz Gartenbau,DE47389582226246860715|DE78984046615547230391
3944,Vogel KG,,DE74894683120523563025
3945,Jung GmbH & Co. KG,Jung GmbH u. Co. KG,DE51917176507314091783|DE76 8211 2094 0659 0454 27
3946,Spedition Emden GbR,,DE15 6280 9552 2533 3725 23
3947,Herrmann Fleischerei GmbH,Herrmann Fleischerei Ges.m.b.H.|Fa. Herrmann Fleischerei,DE54 8217 0029 0056 5223 51|DE26536479015205232147|DE25 8931 4155 2902 5736 77
3948,Zimmermann Sanitär OHG,Fa. Zimmermann Sanitär,DE19 1646 0674 8684 6779 47|DE38453531428091899965
3949,Kaiser & Meier GmbH,Kaiser & Meier Ges.m.b.H.,DE77583374880463919856
3950,Schumacher Hafenservice GmbH,Schumacher Hafenservice,DE57 2019 0199 6005 5329 41|DE73521062493949651628
3951,Hahn Kältetechnik e.K.,Hahn Kaltetechnik e.K.,DE87 5399 7123 5932 0863 72
3952,Maschinenbau Schwerin GmbH & Co. KG,Maschinenbau Schwerin GmbH u. Co. KG,DE24 2623 6834 7457 3364 17
3953,Busch Handel KG,,DE92433815085025180682|DE44 3124 9647 7467 7673 55
3954,Schumacher Catering AG,Schumacher Catering,DE11581172243422549317|DE10226959775891703170
3955,Lüdtke & Winkler e.K.,Ludtke & Winkler e.K.,DE26869805296593962594|DE82 6126 4447 6977 0465 77
3956,Handel Lübeck GmbH,Handel Lubeck GmbH,DE98 7158 1249 0063 5213 12
3957,Arnold Technik GmbH & Co. KG,Fa. Arnold Technik,DE30 6194 4639 2684 2287 22|DE43179548020667507655
3958,Baumann & Weiß GbR,Baumann & Weiß,DE46547224579096752031|DE24376847021907905670|DE56689503881850956590
3959,Vogt & Jansen AG,Vogt & Jansen,DE80735492977998467805
3960,Jansen AG,,DE72759063899070326988
3961,Schuster Druck GmbH & Co. KG,Schuster Druck GmbH u. Co. KG,DE49989947143104572137
3962,Haas Schifffahrt UG (haftungsbeschränkt),Haas Schifffahrt,DE83783986692655932897|DE80963084015750120381
3963,Wagner & Kraus AG,Wagner & Kraus,DE36 9344 9883 5779 5654 01
3964,Koch Gartenbau KG,Koch Gartenbau,DE19360563513700636945
3965,Dachdeckerei Rostock UG (haftungsbeschränkt),Fa. Dachdeckerei Rostock|Dachdeckerei Rostock,DE10 1534 2276 3098 3481 38
3966,Voigt Solartechnik GmbH,Fa. Voigt Solartechnik,DE98 3955 3730 2887 2078 34|DE34 4550 0925 5771 2105 48
3967,König Fleischerei KG,Konig Fleischerei,DE72 9856 6750 1271 0599 90
3968,Heinrich Sanitär GmbH & Co. KG,Heinrich Sanitär,DE68205496188707821362|DE78 5510 7528 9452 7887 56|DE53390717045629798701
3969,Mayer KG,,DE32733329384856000967|DE73570121680631003080|DE21932869235212243797
3970,Vogel AG,,DE98684585950218245647|DE23 1596 2351 1926 2072 05
3971,Becker Logistik GmbH & Co. KG,Becker Logistik,DE90 4855 4947 6594 2271 14
3972,Schulz Tiefbau GmbH & Co. KG,Fa. Schulz Tiefbau|Schulz Tiefbau GmbH u. Co. KG|Schulz Tiefbau,DE18 1555 6717 9645 1864 78|DE98798718208008911553|DE34 1236 1866 8411 6582 43
3973,Stein & Weiß GmbH & Co. KG,,DE31759144745389335321|DE15704684406512541194
3974,Jansen & Beck AG,Jansen & Beck,DE68789848388339369033|DE43 6702 8207 4536 4821 23
3975,Frank Kältetechnik KG,Frank Kaltetechnik KG|Fa. Frank Kältetechnik,DE14 4436 3859 3010 9852 74|DE57944843504962339168|DE67678242268268184750
3976,Meyer & Petersen GbR,Meyer & Petersen,DE52 7444 8423 1281 7040 17|DE65655117203987570550
3977,Hafenservice Hamburg OHG,Hafenservice Hamburg,DE75 8526 7381 5488 5398 23|DE47466015879573143075
3978,Haas & Sommer OHG,Haas & Sommer,DE27 4063 6399 2822 2636 10|DE88818532674881798277
3979,Weiß & Haas GmbH,Weiß & Haas,DE71929022372981834337|DE63391696608211592566|DE19883827269977502610
3980,Kuhn Immobilien OHG,,DE94996274942963968453
3981,Catering Schwerin GbR,,DE86676571734280573271
3982,Braun Bau UG (haftungsbeschränkt),Braun Bau|Braun Bau UG (haftungsbeschrankt),DE46377172137903875981|DE38645927314234452496
3983,Zimmermann Werbetechnik e.K.,Zimmermann Werbetechnik,DE93426910667632433757
3984,Wagner Druck e.K.,Fa. Wagner Druck,DE35 6788 6534 2195 0932 99
3985,Schulte UG (haftungsbeschränkt),,DE83764762238745321415
3986,Maschinenbau Wilhelmshaven GmbH & Co. KG,Fa. Maschinenbau Wilhelmshaven,DE24 8109 8994 1525 9930 85|DE98162767931918406499
3987,Zimmermann & Schuster OHG,Fa. Zimmermann & Schuster|Zimmermann & Schuster,DE14319285411603500542
3988,Claußen Dachdeckerei UG (haftungsbeschränkt),Claussen Dachdeckerei UG (haftungsbeschrankt),DE72877182717564639031|DE45 8940 5354 4924 5515 75|DE84568487541629374389
3989,Martin Textil KG,Martin Textil|Fa. Martin Textil,DE25422270946411362467
3990,Schmitt Werbetechnik GmbH,,DE91 9124 5177 2925 1133 54
3991,Hansen Metallbau GmbH & Co. KG,,DE53190239937265715171
3992,Fleischerei Flensburg UG (haftungsbeschränkt),Fa. Fleischerei Flensburg,DE15718149274140516530|DE80 1696 4632 0989 3803 86
3993,Logistik Schwerin AG,,DE74 3440 5995 8118 1454 39
3994,Schneider Technik e.K.,Schneider Technik,DE91 8082 2593 2724 6142 00|DE70527264669502512096
3995,Hafenservice Stade AG,Hafenservice Stade Aktiengesellschaft,DE95 6129 0498 8680 7550 31
3996,Logistik Neumünster e.K.,Logistik Neumünster,DE23130885769210155527
3997,Meyer GbR,,DE43148770231078770419
3998,Druck Stade e.K.,Fa. Druck Stade|Druck Stade,DE37 3325 4488 2118 6133 65|DE61329797727891369642
3999,Schumacher Technik UG (haftungsbeschränkt),Schumacher Technik|Schumacher Technik UG (haftungsbeschrankt),DE65 2293 8324 3982 7088 28|DE99959128349384185411|DE21297861402666657406
4000,Walter Textil e.K.,Walter Textil,DE74 2880 9440 5206 2868 02
